target,split,logloss,method,tau,power,max_days,shrink
Q1,interleaved_offset1,0.7378459132817243,exp,5.0,1.0,14.0,0.0
Q1,interleaved_offset2,0.7287414187166127,exp,5.0,1.0,14.0,0.0
Q1,late7,1.3812773193845884,exp,5.0,1.0,14.0,0.0
Q1,interleaved_offset1,0.6914625656004945,exp,5.0,1.0,14.0,0.03
Q1,interleaved_offset2,0.6849429852247346,exp,5.0,1.0,14.0,0.03
Q1,late7,0.9475908130663864,exp,5.0,1.0,14.0,0.03
Q1,interleaved_offset1,0.6816368030944132,exp,5.0,1.0,14.0,0.07
Q1,interleaved_offset2,0.675086253484754,exp,5.0,1.0,14.0,0.07
Q1,late7,0.8893466239213808,exp,5.0,1.0,14.0,0.07
Q1,interleaved_offset1,0.6748537596834311,exp,5.0,1.0,14.0,0.12
Q1,interleaved_offset2,0.667334398492712,exp,5.0,1.0,14.0,0.12
Q1,late7,0.8503594167961445,exp,5.0,1.0,14.0,0.12
Q1,interleaved_offset1,0.6827696378412113,exp,5.0,1.0,21.0,0.0
Q1,interleaved_offset2,0.7255573964767863,exp,5.0,1.0,21.0,0.0
Q1,late7,0.9443130847456905,exp,5.0,1.0,21.0,0.0
Q1,interleaved_offset1,0.6784009825310486,exp,5.0,1.0,21.0,0.03
Q1,interleaved_offset2,0.682289874191384,exp,5.0,1.0,21.0,0.03
Q1,late7,0.8118117310672153,exp,5.0,1.0,21.0,0.03
Q1,interleaved_offset1,0.6740634111763742,exp,5.0,1.0,21.0,0.07
Q1,interleaved_offset2,0.6730195442642367,exp,5.0,1.0,21.0,0.07
Q1,late7,0.7894119393456558,exp,5.0,1.0,21.0,0.07
Q1,interleaved_offset1,0.6702009493080786,exp,5.0,1.0,21.0,0.12
Q1,interleaved_offset2,0.66585443749091,exp,5.0,1.0,21.0,0.12
Q1,late7,0.7730231232119326,exp,5.0,1.0,21.0,0.12
Q1,interleaved_offset1,0.6800865472987656,exp,5.0,1.0,35.0,0.0
Q1,interleaved_offset2,0.7237460410125958,exp,5.0,1.0,35.0,0.0
Q1,late7,0.9412378774394625,exp,5.0,1.0,35.0,0.0
Q1,interleaved_offset1,0.6764595466973848,exp,5.0,1.0,35.0,0.03
Q1,interleaved_offset2,0.6806622787124953,exp,5.0,1.0,35.0,0.03
Q1,late7,0.8088960667139176,exp,5.0,1.0,35.0,0.03
Q1,interleaved_offset1,0.6727321064668468,exp,5.0,1.0,35.0,0.07
Q1,interleaved_offset2,0.6716046188134907,exp,5.0,1.0,35.0,0.07
Q1,late7,0.786700028697119,exp,5.0,1.0,35.0,0.07
Q1,interleaved_offset1,0.6693387242707421,exp,5.0,1.0,35.0,0.12
Q1,interleaved_offset2,0.6646647394198385,exp,5.0,1.0,35.0,0.12
Q1,late7,0.7705522921947258,exp,5.0,1.0,35.0,0.12
Q1,interleaved_offset1,0.6799973189416462,exp,5.0,1.0,56.0,0.0
Q1,interleaved_offset2,0.7127009485735648,exp,5.0,1.0,56.0,0.0
Q1,late7,0.8718482576864258,exp,5.0,1.0,56.0,0.0
Q1,interleaved_offset1,0.6763865891169659,exp,5.0,1.0,56.0,0.03
Q1,interleaved_offset2,0.6805177059186245,exp,5.0,1.0,56.0,0.03
Q1,late7,0.8073306994784212,exp,5.0,1.0,56.0,0.03
Q1,interleaved_offset1,0.6726753370269623,exp,5.0,1.0,56.0,0.07
Q1,interleaved_offset2,0.6715373892090426,exp,5.0,1.0,56.0,0.07
Q1,late7,0.7858677825075238,exp,5.0,1.0,56.0,0.07
Q1,interleaved_offset1,0.6692969085355776,exp,5.0,1.0,56.0,0.12
Q1,interleaved_offset2,0.6646258579235675,exp,5.0,1.0,56.0,0.12
Q1,late7,0.7699825114563702,exp,5.0,1.0,56.0,0.12
Q1,interleaved_offset1,0.6799971637726342,exp,5.0,1.0,,0.0
Q1,interleaved_offset2,0.7119335126520349,exp,5.0,1.0,,0.0
Q1,late7,0.870790527923489,exp,5.0,1.0,,0.0
Q1,interleaved_offset1,0.6763864514176796,exp,5.0,1.0,,0.03
Q1,interleaved_offset2,0.6805039703566286,exp,5.0,1.0,,0.03
Q1,late7,0.8072659402387217,exp,5.0,1.0,,0.03
Q1,interleaved_offset1,0.6726752208777925,exp,5.0,1.0,,0.07
Q1,interleaved_offset2,0.6715315476619159,exp,5.0,1.0,,0.07
Q1,late7,0.7858375051205841,exp,5.0,1.0,,0.07
Q1,interleaved_offset1,0.6692968167537153,exp,5.0,1.0,,0.12
Q1,interleaved_offset2,0.6646225679279397,exp,5.0,1.0,,0.12
Q1,late7,0.7699639634336296,exp,5.0,1.0,,0.12
Q1,interleaved_offset1,0.7350830092630944,exp,7.0,1.0,14.0,0.0
Q1,interleaved_offset2,0.7191205602483534,exp,7.0,1.0,14.0,0.0
Q1,late7,1.3773799675604421,exp,7.0,1.0,14.0,0.0
Q1,interleaved_offset1,0.690681946143043,exp,7.0,1.0,14.0,0.03
Q1,interleaved_offset2,0.67657926764753,exp,7.0,1.0,14.0,0.03
Q1,late7,0.9448134654866153,exp,7.0,1.0,14.0,0.03
Q1,interleaved_offset1,0.6825240448906945,exp,7.0,1.0,14.0,0.07
Q1,interleaved_offset2,0.6681575531907856,exp,7.0,1.0,14.0,0.07
Q1,late7,0.8878848428203808,exp,7.0,1.0,14.0,0.07
Q1,interleaved_offset1,0.6771030899344517,exp,7.0,1.0,14.0,0.12
Q1,interleaved_offset2,0.6618990010911393,exp,7.0,1.0,14.0,0.12
Q1,late7,0.8502914588335049,exp,7.0,1.0,14.0,0.12
Q1,interleaved_offset1,0.6748392059788775,exp,7.0,1.0,21.0,0.0
Q1,interleaved_offset2,0.7165436867763041,exp,7.0,1.0,21.0,0.0
Q1,late7,0.932911808888802,exp,7.0,1.0,21.0,0.0
Q1,interleaved_offset1,0.6730918708141895,exp,7.0,1.0,21.0,0.03
Q1,interleaved_offset2,0.6745316295994277,exp,7.0,1.0,21.0,0.03
Q1,late7,0.8018869479405294,exp,7.0,1.0,21.0,0.03
Q1,interleaved_offset1,0.6712507017049887,exp,7.0,1.0,21.0,0.07
Q1,interleaved_offset2,0.6667179396860853,exp,7.0,1.0,21.0,0.07
Q1,late7,0.7812710604195919,exp,7.0,1.0,21.0,0.07
Q1,interleaved_offset1,0.6695785636541774,exp,7.0,1.0,21.0,0.12
Q1,interleaved_offset2,0.6610911875105228,exp,7.0,1.0,21.0,0.12
Q1,late7,0.7668458916091812,exp,7.0,1.0,21.0,0.12
Q1,interleaved_offset1,0.6717010591341778,exp,7.0,1.0,35.0,0.0
Q1,interleaved_offset2,0.712734827233363,exp,7.0,1.0,35.0,0.0
Q1,late7,0.931096860322488,exp,7.0,1.0,35.0,0.0
Q1,interleaved_offset1,0.6705939719957887,exp,7.0,1.0,35.0,0.03
Q1,interleaved_offset2,0.6710415419999076,exp,7.0,1.0,35.0,0.03
Q1,late7,0.8001927603512999,exp,7.0,1.0,35.0,0.03
Q1,interleaved_offset1,0.6694183743168912,exp,7.0,1.0,35.0,0.07
Q1,interleaved_offset2,0.6636141769082625,exp,7.0,1.0,35.0,0.07
Q1,late7,0.7797304847901718,exp,7.0,1.0,35.0,0.07
Q1,interleaved_offset1,0.6683713936494694,exp,7.0,1.0,35.0,0.12
Q1,interleaved_offset2,0.6584173324129502,exp,7.0,1.0,35.0,0.12
Q1,late7,0.7654857553532914,exp,7.0,1.0,35.0,0.12
Q1,interleaved_offset1,0.6714122755427329,exp,7.0,1.0,56.0,0.0
Q1,interleaved_offset2,0.6845096606274362,exp,7.0,1.0,56.0,0.0
Q1,late7,0.8155182042292365,exp,7.0,1.0,56.0,0.0
Q1,interleaved_offset1,0.6703464660222387,exp,7.0,1.0,56.0,0.03
Q1,interleaved_offset2,0.6697933578199697,exp,7.0,1.0,56.0,0.03
Q1,late7,0.7903551360724463,exp,7.0,1.0,56.0,0.03
Q1,interleaved_offset1,0.6692186056959593,exp,7.0,1.0,56.0,0.07
Q1,interleaved_offset2,0.6630625153180374,exp,7.0,1.0,56.0,0.07
Q1,late7,0.7745354445338408,exp,7.0,1.0,56.0,0.07
Q1,interleaved_offset1,0.6682218273340663,exp,7.0,1.0,56.0,0.12
Q1,interleaved_offset2,0.6581145030974658,exp,7.0,1.0,56.0,0.12
Q1,late7,0.762073396752686,exp,7.0,1.0,56.0,0.12
Q1,interleaved_offset1,0.6714097570800132,exp,7.0,1.0,,0.0
Q1,interleaved_offset2,0.6831260801177446,exp,7.0,1.0,,0.0
Q1,late7,0.8136347540831997,exp,7.0,1.0,,0.0
Q1,interleaved_offset1,0.670344179866988,exp,7.0,1.0,,0.03
Q1,interleaved_offset2,0.6695647595929707,exp,7.0,1.0,,0.03
Q1,late7,0.7896722064073659,exp,7.0,1.0,,0.03
Q1,interleaved_offset1,0.669216613585751,exp,7.0,1.0,,0.07
Q1,interleaved_offset2,0.662956461465306,exp,7.0,1.0,,0.07
Q1,late7,0.7741514879078671,exp,7.0,1.0,,0.07
Q1,interleaved_offset1,0.6682201781184611,exp,7.0,1.0,,0.12
Q1,interleaved_offset2,0.6580528671198445,exp,7.0,1.0,,0.12
Q1,late7,0.7618202762423673,exp,7.0,1.0,,0.12
Q1,interleaved_offset1,0.7364847016762265,exp,10.0,1.0,14.0,0.0
Q1,interleaved_offset2,0.7145255646228172,exp,10.0,1.0,14.0,0.0
Q1,late7,1.3792518165167704,exp,10.0,1.0,14.0,0.0
Q1,interleaved_offset1,0.6929534518842309,exp,10.0,1.0,14.0,0.03
Q1,interleaved_offset2,0.672618942018042,exp,10.0,1.0,14.0,0.03
Q1,late7,0.9470953324867761,exp,10.0,1.0,14.0,0.03
Q1,interleaved_offset1,0.6856033029490802,exp,10.0,1.0,14.0,0.07
Q1,interleaved_offset2,0.6649382815596117,exp,10.0,1.0,14.0,0.07
Q1,late7,0.8906391638635415,exp,10.0,1.0,14.0,0.07
Q1,interleaved_offset1,0.6808597071089021,exp,10.0,1.0,14.0,0.12
Q1,interleaved_offset2,0.6594669505123407,exp,10.0,1.0,14.0,0.12
Q1,late7,0.8535283382885184,exp,10.0,1.0,14.0,0.12
Q1,interleaved_offset1,0.6725718592444735,exp,10.0,1.0,21.0,0.0
Q1,interleaved_offset2,0.7135614011528808,exp,10.0,1.0,21.0,0.0
Q1,late7,0.9301168595518505,exp,10.0,1.0,21.0,0.0
Q1,interleaved_offset1,0.671902117516938,exp,10.0,1.0,21.0,0.03
Q1,interleaved_offset2,0.6721418598387577,exp,10.0,1.0,21.0,0.03
Q1,late7,0.7997023801833572,exp,10.0,1.0,21.0,0.03
Q1,interleaved_offset1,0.6712175834889501,exp,10.0,1.0,21.0,0.07
Q1,interleaved_offset2,0.665029244336326,exp,10.0,1.0,21.0,0.07
Q1,late7,0.779824173629888,exp,10.0,1.0,21.0,0.07
Q1,interleaved_offset1,0.670660162115694,exp,10.0,1.0,21.0,0.12
Q1,interleaved_offset2,0.6601552600616051,exp,10.0,1.0,21.0,0.12
Q1,late7,0.7662078637787693,exp,10.0,1.0,21.0,0.12
Q1,interleaved_offset1,0.6707194298984356,exp,10.0,1.0,35.0,0.0
Q1,interleaved_offset2,0.7074094373517782,exp,10.0,1.0,35.0,0.0
Q1,late7,0.9301928726571573,exp,10.0,1.0,35.0,0.0
Q1,interleaved_offset1,0.6705368273826037,exp,10.0,1.0,35.0,0.03
Q1,interleaved_offset2,0.6664601928661869,exp,10.0,1.0,35.0,0.03
Q1,late7,0.7998465899178245,exp,10.0,1.0,35.0,0.03
Q1,interleaved_offset1,0.6704077801502923,exp,10.0,1.0,35.0,0.07
Q1,interleaved_offset2,0.6599296668691985,exp,10.0,1.0,35.0,0.07
Q1,late7,0.7800527505761914,exp,10.0,1.0,35.0,0.07
Q1,interleaved_offset1,0.6704214237776994,exp,10.0,1.0,35.0,0.12
Q1,interleaved_offset2,0.655718702468434,exp,10.0,1.0,35.0,0.12
Q1,late7,0.7665312956822444,exp,10.0,1.0,35.0,0.12
Q1,interleaved_offset1,0.6701510222260554,exp,10.0,1.0,56.0,0.0
Q1,interleaved_offset2,0.6669320621149293,exp,10.0,1.0,56.0,0.0
Q1,late7,0.7799710830296757,exp,10.0,1.0,56.0,0.0
Q1,interleaved_offset1,0.6700535579301216,exp,10.0,1.0,56.0,0.03
Q1,interleaved_offset2,0.6616081230605739,exp,10.0,1.0,56.0,0.03
Q1,late7,0.7713807947736738,exp,10.0,1.0,56.0,0.03
Q1,interleaved_offset1,0.6700275610636263,exp,10.0,1.0,56.0,0.07
Q1,interleaved_offset2,0.6576013671040144,exp,10.0,1.0,56.0,0.07
Q1,late7,0.7628794551034378,exp,10.0,1.0,56.0,0.07
Q1,interleaved_offset1,0.6701547805706036,exp,10.0,1.0,56.0,0.12
Q1,interleaved_offset2,0.654432270787425,exp,10.0,1.0,56.0,0.12
Q1,late7,0.7547778741075948,exp,10.0,1.0,56.0,0.12
Q1,interleaved_offset1,0.670123433347318,exp,10.0,1.0,,0.0
Q1,interleaved_offset2,0.6647904936486828,exp,10.0,1.0,,0.0
Q1,late7,0.7766728370047156,exp,10.0,1.0,,0.0
Q1,interleaved_offset1,0.6700278275152939,exp,10.0,1.0,,0.03
Q1,interleaved_offset2,0.6604700373644048,exp,10.0,1.0,,0.03
Q1,late7,0.7689102010049371,exp,10.0,1.0,,0.03
Q1,interleaved_offset1,0.6700042140635019,exp,10.0,1.0,,0.07
Q1,interleaved_offset2,0.6569116508692096,exp,10.0,1.0,,0.07
Q1,late7,0.7610031474941115,exp,10.0,1.0,,0.07
Q1,interleaved_offset1,0.6701342616590009,exp,10.0,1.0,,0.12
Q1,interleaved_offset2,0.6539807635497528,exp,10.0,1.0,,0.12
Q1,late7,0.7533250091017191,exp,10.0,1.0,,0.12
Q1,interleaved_offset1,0.7392625122783909,exp,14.0,1.0,14.0,0.0
Q1,interleaved_offset2,0.7128820004972017,exp,14.0,1.0,14.0,0.0
Q1,late7,1.382819027134996,exp,14.0,1.0,14.0,0.0
Q1,interleaved_offset1,0.6960725811982177,exp,14.0,1.0,14.0,0.03
Q1,interleaved_offset2,0.6712639080008115,exp,14.0,1.0,14.0,0.03
Q1,late7,0.9507449348067287,exp,14.0,1.0,14.0,0.03
Q1,interleaved_offset1,0.6890454547239063,exp,14.0,1.0,14.0,0.07
Q1,interleaved_offset2,0.6639219294203742,exp,14.0,1.0,14.0,0.07
Q1,late7,0.8943696788796228,exp,14.0,1.0,14.0,0.07
Q1,interleaved_offset1,0.684562341373307,exp,14.0,1.0,14.0,0.12
Q1,interleaved_offset2,0.6588112142014632,exp,14.0,1.0,14.0,0.12
Q1,late7,0.8573173249492952,exp,14.0,1.0,14.0,0.12
Q1,interleaved_offset1,0.6729444143851507,exp,14.0,1.0,21.0,0.0
Q1,interleaved_offset2,0.7137512685703891,exp,14.0,1.0,21.0,0.0
Q1,late7,0.931008121132237,exp,14.0,1.0,21.0,0.0
Q1,interleaved_offset1,0.6726826442208785,exp,14.0,1.0,21.0,0.03
Q1,interleaved_offset2,0.672569815812226,exp,14.0,1.0,21.0,0.03
Q1,late7,0.8007834618337001,exp,14.0,1.0,21.0,0.03
Q1,interleaved_offset1,0.6724560792647433,exp,14.0,1.0,21.0,0.07
Q1,interleaved_offset2,0.665737566882983,exp,14.0,1.0,21.0,0.07
Q1,late7,0.7811287020055003,exp,14.0,1.0,21.0,0.07
Q1,interleaved_offset1,0.6723566120814491,exp,14.0,1.0,21.0,0.12
Q1,interleaved_offset2,0.6611605883768106,exp,14.0,1.0,21.0,0.12
Q1,late7,0.767746982715886,exp,14.0,1.0,21.0,0.12
Q1,interleaved_offset1,0.6738866615674265,exp,14.0,1.0,35.0,0.0
Q1,interleaved_offset2,0.7058288615589783,exp,14.0,1.0,35.0,0.0
Q1,late7,0.9328168601535901,exp,14.0,1.0,35.0,0.0
Q1,interleaved_offset1,0.6739581384743522,exp,14.0,1.0,35.0,0.03
Q1,interleaved_offset2,0.6652349903811053,exp,14.0,1.0,35.0,0.03
Q1,late7,0.8026044522099107,exp,14.0,1.0,35.0,0.03
Q1,interleaved_offset1,0.6741184075851249,exp,14.0,1.0,35.0,0.07
Q1,interleaved_offset2,0.6591364200320977,exp,14.0,1.0,35.0,0.07
Q1,late7,0.7829609845902203,exp,14.0,1.0,35.0,0.07
Q1,interleaved_offset1,0.6744205596428342,exp,14.0,1.0,35.0,0.12
Q1,interleaved_offset2,0.6554032596910683,exp,14.0,1.0,35.0,0.12
Q1,late7,0.7695848967941512,exp,14.0,1.0,35.0,0.12
Q1,interleaved_offset1,0.6731883531002877,exp,14.0,1.0,56.0,0.0
Q1,interleaved_offset2,0.6583400560322991,exp,14.0,1.0,56.0,0.0
Q1,late7,0.7602859982238502,exp,14.0,1.0,56.0,0.0
Q1,interleaved_offset1,0.6733944998614572,exp,14.0,1.0,56.0,0.03
Q1,interleaved_offset2,0.6563408586798671,exp,14.0,1.0,56.0,0.03
Q1,late7,0.7564671285906676,exp,14.0,1.0,56.0,0.03
Q1,interleaved_offset1,0.6737196558389876,exp,14.0,1.0,56.0,0.07
Q1,interleaved_offset2,0.6544159777989028,exp,14.0,1.0,56.0,0.07
Q1,late7,0.7519825117166322,exp,14.0,1.0,56.0,0.07
Q1,interleaved_offset1,0.6742056654828755,exp,14.0,1.0,56.0,0.12
Q1,interleaved_offset2,0.6527210659913923,exp,14.0,1.0,56.0,0.12
Q1,late7,0.7471049398533036,exp,14.0,1.0,56.0,0.12
Q1,interleaved_offset1,0.6730265440869575,exp,14.0,1.0,,0.0
Q1,interleaved_offset2,0.6554116197912634,exp,14.0,1.0,,0.0
Q1,late7,0.7544642134765115,exp,14.0,1.0,,0.0
Q1,interleaved_offset1,0.6732410980725977,exp,14.0,1.0,,0.03
Q1,interleaved_offset2,0.6540668307566492,exp,14.0,1.0,,0.03
Q1,late7,0.7512355168530122,exp,14.0,1.0,,0.03
Q1,interleaved_offset1,0.6735771333810051,exp,14.0,1.0,,0.07
Q1,interleaved_offset2,0.6526806881688393,exp,14.0,1.0,,0.07
Q1,late7,0.7473752864862793,exp,14.0,1.0,,0.07
Q1,interleaved_offset1,0.674076213216523,exp,14.0,1.0,,0.12
Q1,interleaved_offset2,0.6514027476000077,exp,14.0,1.0,,0.12
Q1,late7,0.7431085935323377,exp,14.0,1.0,,0.12
Q1,interleaved_offset1,0.742775798854597,exp,21.0,1.0,14.0,0.0
Q1,interleaved_offset2,0.7124647058080527,exp,21.0,1.0,14.0,0.0
Q1,late7,1.387201223026271,exp,21.0,1.0,14.0,0.0
Q1,interleaved_offset1,0.6997440006935944,exp,21.0,1.0,14.0,0.03
Q1,interleaved_offset2,0.6710071784144228,exp,21.0,1.0,14.0,0.03
Q1,late7,0.9550836216873335,exp,21.0,1.0,14.0,0.03
Q1,interleaved_offset1,0.6928570815909567,exp,21.0,1.0,14.0,0.07
Q1,interleaved_offset2,0.6638523225689087,exp,21.0,1.0,14.0,0.07
Q1,late7,0.8986367725310062,exp,21.0,1.0,14.0,0.07
Q1,interleaved_offset1,0.6884662079846098,exp,21.0,1.0,14.0,0.12
Q1,interleaved_offset2,0.6589381891788568,exp,21.0,1.0,14.0,0.12
Q1,late7,0.861474887096637,exp,21.0,1.0,14.0,0.12
Q1,interleaved_offset1,0.6744449841047105,exp,21.0,1.0,21.0,0.0
Q1,interleaved_offset2,0.7153773592604448,exp,21.0,1.0,21.0,0.0
Q1,late7,0.933406857103729,exp,21.0,1.0,21.0,0.0
Q1,interleaved_offset1,0.674370915379413,exp,21.0,1.0,21.0,0.03
Q1,interleaved_offset2,0.6743014598208934,exp,21.0,1.0,21.0,0.03
Q1,late7,0.803214440675263,exp,21.0,1.0,21.0,0.03
Q1,interleaved_offset1,0.6743555041126388,exp,21.0,1.0,21.0,0.07
Q1,interleaved_offset2,0.667588692755069,exp,21.0,1.0,21.0,0.07
Q1,late7,0.7835886129831585,exp,21.0,1.0,21.0,0.07
Q1,interleaved_offset1,0.6744646446925046,exp,21.0,1.0,21.0,0.12
Q1,interleaved_offset2,0.6631297767722413,exp,21.0,1.0,21.0,0.12
Q1,late7,0.7702217566876508,exp,21.0,1.0,21.0,0.12
Q1,interleaved_offset1,0.6797918473271573,exp,21.0,1.0,35.0,0.0
Q1,interleaved_offset2,0.706312400340997,exp,21.0,1.0,35.0,0.0
Q1,late7,0.9370513917618001,exp,21.0,1.0,35.0,0.0
Q1,interleaved_offset1,0.6798690370618619,exp,21.0,1.0,35.0,0.03
Q1,interleaved_offset2,0.6659054443661705,exp,21.0,1.0,35.0,0.03
Q1,late7,0.8067963648630909,exp,21.0,1.0,35.0,0.03
Q1,interleaved_offset1,0.6800159087803356,exp,21.0,1.0,35.0,0.07
Q1,interleaved_offset2,0.6600318259807179,exp,21.0,1.0,35.0,0.07
Q1,late7,0.7870851467948101,exp,21.0,1.0,35.0,0.07
Q1,interleaved_offset1,0.6802689061093139,exp,21.0,1.0,35.0,0.12
Q1,interleaved_offset2,0.656542823257938,exp,21.0,1.0,35.0,0.12
Q1,late7,0.7736077761962203,exp,21.0,1.0,35.0,0.12
Q1,interleaved_offset1,0.6793022171667633,exp,21.0,1.0,56.0,0.0
Q1,interleaved_offset2,0.6551392079914371,exp,21.0,1.0,56.0,0.0
Q1,late7,0.7487013447629076,exp,21.0,1.0,56.0,0.0
Q1,interleaved_offset1,0.6795614240778464,exp,21.0,1.0,56.0,0.03
Q1,interleaved_offset2,0.6544503047133386,exp,21.0,1.0,56.0,0.03
Q1,late7,0.746676568426952,exp,21.0,1.0,56.0,0.03
Q1,interleaved_offset1,0.6799315738238263,exp,21.0,1.0,56.0,0.07
Q1,interleaved_offset2,0.6537161232229818,exp,21.0,1.0,56.0,0.07
Q1,late7,0.7441192133039102,exp,21.0,1.0,56.0,0.07
Q1,interleaved_offset1,0.6804335805378546,exp,21.0,1.0,56.0,0.12
Q1,interleaved_offset2,0.6530287428140491,exp,21.0,1.0,56.0,0.12
Q1,late7,0.7411230616981387,exp,21.0,1.0,56.0,0.12
Q1,interleaved_offset1,0.678562049748783,exp,21.0,1.0,,0.0
Q1,interleaved_offset2,0.6510491331695529,exp,21.0,1.0,,0.0
Q1,late7,0.7376072378798245,exp,21.0,1.0,,0.0
Q1,interleaved_offset1,0.6788535147125657,exp,21.0,1.0,,0.03
Q1,interleaved_offset2,0.650793946295678,exp,21.0,1.0,,0.03
Q1,late7,0.7361612627577,exp,21.0,1.0,,0.03
Q1,interleaved_offset1,0.6792657014344669,exp,21.0,1.0,,0.07
Q1,interleaved_offset2,0.6505309969850881,exp,21.0,1.0,,0.07
Q1,late7,0.7343205625594106,exp,21.0,1.0,,0.07
Q1,interleaved_offset1,0.6798186969763867,exp,21.0,1.0,,0.12
Q1,interleaved_offset2,0.6503119099722176,exp,21.0,1.0,,0.12
Q1,late7,0.7321469222446771,exp,21.0,1.0,,0.12
Q1,interleaved_offset1,0.7449541910874873,exp,28.0,1.0,14.0,0.0
Q1,interleaved_offset2,0.7126007893075936,exp,28.0,1.0,14.0,0.0
Q1,late7,1.3898671009096712,exp,28.0,1.0,14.0,0.0
Q1,interleaved_offset1,0.701961871504996,exp,28.0,1.0,14.0,0.03
Q1,interleaved_offset2,0.6711962874316163,exp,28.0,1.0,14.0,0.03
Q1,late7,0.9576902611252882,exp,28.0,1.0,14.0,0.03
Q1,interleaved_offset1,0.6951020054374681,exp,28.0,1.0,14.0,0.07
Q1,interleaved_offset2,0.6641020554437396,exp,28.0,1.0,14.0,0.07
Q1,late7,0.9011609635212591,exp,28.0,1.0,14.0,0.07
Q1,interleaved_offset1,0.6907134635992156,exp,28.0,1.0,14.0,0.12
Q1,interleaved_offset2,0.6592496479648622,exp,28.0,1.0,14.0,0.12
Q1,late7,0.8638909698673237,exp,28.0,1.0,14.0,0.12
Q1,interleaved_offset1,0.6756078777132623,exp,28.0,1.0,21.0,0.0
Q1,interleaved_offset2,0.7167120913464865,exp,28.0,1.0,21.0,0.0
Q1,late7,0.9351594732819054,exp,28.0,1.0,21.0,0.0
Q1,interleaved_offset1,0.6755822147253154,exp,28.0,1.0,21.0,0.03
Q1,interleaved_offset2,0.6756577756089374,exp,28.0,1.0,21.0,0.03
Q1,late7,0.8049414656512911,exp,28.0,1.0,21.0,0.03
Q1,interleaved_offset1,0.6756189931250326,exp,28.0,1.0,21.0,0.07
Q1,interleaved_offset2,0.6689658143041266,exp,28.0,1.0,21.0,0.07
Q1,late7,0.785277813925419,exp,28.0,1.0,21.0,0.07
Q1,interleaved_offset1,0.6757753226714144,exp,28.0,1.0,21.0,0.12
Q1,interleaved_offset2,0.6645210279972943,exp,28.0,1.0,21.0,0.12
Q1,late7,0.7718580811387581,exp,28.0,1.0,21.0,0.12
Q1,interleaved_offset1,0.6841394790475199,exp,28.0,1.0,35.0,0.0
Q1,interleaved_offset2,0.7074374919379037,exp,28.0,1.0,35.0,0.0
Q1,late7,0.9399606134625089,exp,28.0,1.0,35.0,0.0
Q1,interleaved_offset1,0.6841457929394058,exp,28.0,1.0,35.0,0.03
Q1,interleaved_offset2,0.6670725918768527,exp,28.0,1.0,35.0,0.03
Q1,late7,0.8096240163307782,exp,28.0,1.0,35.0,0.03
Q1,interleaved_offset1,0.6841919732280287,exp,28.0,1.0,35.0,0.07
Q1,interleaved_offset2,0.6612465768452167,exp,28.0,1.0,35.0,0.07
Q1,late7,0.7898031917892978,exp,28.0,1.0,35.0,0.07
Q1,interleaved_offset1,0.6843093889131924,exp,28.0,1.0,35.0,0.12
Q1,interleaved_offset2,0.6578039340841335,exp,28.0,1.0,35.0,0.12
Q1,late7,0.7761875911357801,exp,28.0,1.0,35.0,0.12
Q1,interleaved_offset1,0.6839877142140056,exp,28.0,1.0,56.0,0.0
Q1,interleaved_offset2,0.6558184494307832,exp,28.0,1.0,56.0,0.0
Q1,late7,0.746010967492488,exp,28.0,1.0,56.0,0.0
Q1,interleaved_offset1,0.6841945729117883,exp,28.0,1.0,56.0,0.03
Q1,interleaved_offset2,0.6554366860344019,exp,28.0,1.0,56.0,0.03
Q1,late7,0.7444156852268381,exp,28.0,1.0,56.0,0.03
Q1,interleaved_offset1,0.6844863058819652,exp,28.0,1.0,56.0,0.07
Q1,interleaved_offset2,0.6550166382057172,exp,28.0,1.0,56.0,0.07
Q1,late7,0.7423559265501293,exp,28.0,1.0,56.0,0.07
Q1,interleaved_offset1,0.6848765498998739,exp,28.0,1.0,56.0,0.12
Q1,interleaved_offset2,0.6546121997127486,exp,28.0,1.0,56.0,0.12
Q1,late7,0.7398808009040077,exp,28.0,1.0,56.0,0.12
Q1,interleaved_offset1,0.6824402727741822,exp,28.0,1.0,,0.0
Q1,interleaved_offset2,0.6506858820925756,exp,28.0,1.0,,0.0
Q1,late7,0.7298914007440183,exp,28.0,1.0,,0.0
Q1,interleaved_offset1,0.6827108785876717,exp,28.0,1.0,,0.03
Q1,interleaved_offset2,0.6506801595265255,exp,28.0,1.0,,0.03
Q1,late7,0.7289736614738237,exp,28.0,1.0,,0.03
Q1,interleaved_offset1,0.6830858754118428,exp,28.0,1.0,,0.07
Q1,interleaved_offset2,0.6507036609305935,exp,28.0,1.0,,0.07
Q1,late7,0.7277842698259618,exp,28.0,1.0,,0.07
Q1,interleaved_offset1,0.6835774358044412,exp,28.0,1.0,,0.12
Q1,interleaved_offset2,0.6507801308886368,exp,28.0,1.0,,0.12
Q1,late7,0.7263496310626648,exp,28.0,1.0,,0.12
Q1,interleaved_offset1,0.757896945351466,gaussian,5.0,1.0,14.0,0.0
Q1,interleaved_offset2,0.7390488959967818,gaussian,5.0,1.0,14.0,0.0
Q1,late7,1.3997416976834722,gaussian,5.0,1.0,14.0,0.0
Q1,interleaved_offset1,0.7046076460010697,gaussian,5.0,1.0,14.0,0.03
Q1,interleaved_offset2,0.6946233236034638,gaussian,5.0,1.0,14.0,0.03
Q1,late7,0.9628331882914672,gaussian,5.0,1.0,14.0,0.03
Q1,interleaved_offset1,0.6914951203588471,gaussian,5.0,1.0,14.0,0.07
Q1,interleaved_offset2,0.6840481227260325,gaussian,5.0,1.0,14.0,0.07
Q1,late7,0.9009399534986737,gaussian,5.0,1.0,14.0,0.07
Q1,interleaved_offset1,0.6825834042275708,gaussian,5.0,1.0,14.0,0.12
Q1,interleaved_offset2,0.6755234544537547,gaussian,5.0,1.0,14.0,0.12
Q1,late7,0.8582139371951961,gaussian,5.0,1.0,14.0,0.12
Q1,interleaved_offset1,0.7191201067096608,gaussian,5.0,1.0,21.0,0.0
Q1,interleaved_offset2,0.7385936649035643,gaussian,5.0,1.0,21.0,0.0
Q1,late7,1.0405145264519808,gaussian,5.0,1.0,21.0,0.0
Q1,interleaved_offset1,0.7011908607749767,gaussian,5.0,1.0,21.0,0.03
Q1,interleaved_offset2,0.6942386695823177,gaussian,5.0,1.0,21.0,0.03
Q1,late7,0.8958310366749479,gaussian,5.0,1.0,21.0,0.03
Q1,interleaved_offset1,0.6899926810910447,gaussian,5.0,1.0,21.0,0.07
Q1,interleaved_offset2,0.6837372530728849,gaussian,5.0,1.0,21.0,0.07
Q1,late7,0.8603712973155491,gaussian,5.0,1.0,21.0,0.07
Q1,interleaved_offset1,0.6817937701673316,gaussian,5.0,1.0,21.0,0.12
Q1,interleaved_offset2,0.6752831030993909,gaussian,5.0,1.0,21.0,0.12
Q1,late7,0.8310624984348042,gaussian,5.0,1.0,21.0,0.12
Q1,interleaved_offset1,0.7191079735339165,gaussian,5.0,1.0,35.0,0.0
Q1,interleaved_offset2,0.7385898987660694,gaussian,5.0,1.0,35.0,0.0
Q1,late7,1.040225807852168,gaussian,5.0,1.0,35.0,0.0
Q1,interleaved_offset1,0.7011870040643539,gaussian,5.0,1.0,35.0,0.03
Q1,interleaved_offset2,0.694235422444544,gaussian,5.0,1.0,35.0,0.03
Q1,late7,0.8956020148392532,gaussian,5.0,1.0,35.0,0.03
Q1,interleaved_offset1,0.6899907361144803,gaussian,5.0,1.0,35.0,0.07
Q1,interleaved_offset2,0.6837345445421367,gaussian,5.0,1.0,35.0,0.07
Q1,late7,0.8601934934295455,gaussian,5.0,1.0,35.0,0.07
Q1,interleaved_offset1,0.6817926468400843,gaussian,5.0,1.0,35.0,0.12
Q1,interleaved_offset2,0.6752809068585471,gaussian,5.0,1.0,35.0,0.12
Q1,late7,0.8309255690860121,gaussian,5.0,1.0,35.0,0.12
Q1,interleaved_offset1,0.7191079735339165,gaussian,5.0,1.0,56.0,0.0
Q1,interleaved_offset2,0.7385898987660694,gaussian,5.0,1.0,56.0,0.0
Q1,late7,1.040225807852168,gaussian,5.0,1.0,56.0,0.0
Q1,interleaved_offset1,0.7011870040643539,gaussian,5.0,1.0,56.0,0.03
Q1,interleaved_offset2,0.6942354224445441,gaussian,5.0,1.0,56.0,0.03
Q1,late7,0.8956020148392532,gaussian,5.0,1.0,56.0,0.03
Q1,interleaved_offset1,0.6899907361144803,gaussian,5.0,1.0,56.0,0.07
Q1,interleaved_offset2,0.6837345445421367,gaussian,5.0,1.0,56.0,0.07
Q1,late7,0.8601934934295455,gaussian,5.0,1.0,56.0,0.07
Q1,interleaved_offset1,0.6817926468400843,gaussian,5.0,1.0,56.0,0.12
Q1,interleaved_offset2,0.6752809068585471,gaussian,5.0,1.0,56.0,0.12
Q1,late7,0.8309255690860121,gaussian,5.0,1.0,56.0,0.12
Q1,interleaved_offset1,0.7191079735339165,gaussian,5.0,1.0,,0.0
Q1,interleaved_offset2,0.7385898987660694,gaussian,5.0,1.0,,0.0
Q1,late7,1.040225807852168,gaussian,5.0,1.0,,0.0
Q1,interleaved_offset1,0.7011870040643539,gaussian,5.0,1.0,,0.03
Q1,interleaved_offset2,0.6942354224445442,gaussian,5.0,1.0,,0.03
Q1,late7,0.8956020148392532,gaussian,5.0,1.0,,0.03
Q1,interleaved_offset1,0.6899907361144803,gaussian,5.0,1.0,,0.07
Q1,interleaved_offset2,0.6837345445421367,gaussian,5.0,1.0,,0.07
Q1,late7,0.8601934934295455,gaussian,5.0,1.0,,0.07
Q1,interleaved_offset1,0.6817926468400843,gaussian,5.0,1.0,,0.12
Q1,interleaved_offset2,0.6752809068585471,gaussian,5.0,1.0,,0.12
Q1,late7,0.8309255690860121,gaussian,5.0,1.0,,0.12
Q1,interleaved_offset1,0.7427402079570227,gaussian,7.0,1.0,14.0,0.0
Q1,interleaved_offset2,0.7201021715964975,gaussian,7.0,1.0,14.0,0.0
Q1,late7,1.3785212248866356,gaussian,7.0,1.0,14.0,0.0
Q1,interleaved_offset1,0.697666420991866,gaussian,7.0,1.0,14.0,0.03
Q1,interleaved_offset2,0.6778077521909641,gaussian,7.0,1.0,14.0,0.03
Q1,late7,0.9457433423637914,gaussian,7.0,1.0,14.0,0.03
Q1,interleaved_offset1,0.6889719466132452,gaussian,7.0,1.0,14.0,0.07
Q1,interleaved_offset2,0.6696575156244035,gaussian,7.0,1.0,14.0,0.07
Q1,late7,0.8885672469971038,gaussian,7.0,1.0,14.0,0.07
Q1,interleaved_offset1,0.6831147536097992,gaussian,7.0,1.0,14.0,0.12
Q1,interleaved_offset2,0.6636601389062332,gaussian,7.0,1.0,14.0,0.12
Q1,late7,0.8507119113535336,gaussian,7.0,1.0,14.0,0.12
Q1,interleaved_offset1,0.6882475471012758,gaussian,7.0,1.0,21.0,0.0
Q1,interleaved_offset2,0.7190992201057208,gaussian,7.0,1.0,21.0,0.0
Q1,late7,0.9608091280688306,gaussian,7.0,1.0,21.0,0.0
Q1,interleaved_offset1,0.684820887259867,gaussian,7.0,1.0,21.0,0.03
Q1,interleaved_offset2,0.6770306985857406,gaussian,7.0,1.0,21.0,0.03
Q1,late7,0.8280948052877066,gaussian,7.0,1.0,21.0,0.03
Q1,interleaved_offset1,0.6814200634052677,gaussian,7.0,1.0,21.0,0.07
Q1,interleaved_offset2,0.669136457122498,gaussian,7.0,1.0,21.0,0.07
Q1,late7,0.8053628167698329,gaussian,7.0,1.0,21.0,0.07
Q1,interleaved_offset1,0.6783795498560655,gaussian,7.0,1.0,21.0,0.12
Q1,interleaved_offset2,0.6634014821648011,gaussian,7.0,1.0,21.0,0.12
Q1,late7,0.7884914406542349,gaussian,7.0,1.0,21.0,0.12
Q1,interleaved_offset1,0.6879049747777204,gaussian,7.0,1.0,35.0,0.0
Q1,interleaved_offset2,0.71884792182006,gaussian,7.0,1.0,35.0,0.0
Q1,late7,0.9588409801503033,gaussian,7.0,1.0,35.0,0.0
Q1,interleaved_offset1,0.6845784299846357,gaussian,7.0,1.0,35.0,0.03
Q1,interleaved_offset2,0.6768012299457015,gaussian,7.0,1.0,35.0,0.03
Q1,late7,0.8262457247947786,gaussian,7.0,1.0,35.0,0.03
Q1,interleaved_offset1,0.6812561165479684,gaussian,7.0,1.0,35.0,0.07
Q1,interleaved_offset2,0.6689328041827134,gaussian,7.0,1.0,35.0,0.07
Q1,late7,0.8036610775193219,gaussian,7.0,1.0,35.0,0.07
Q1,interleaved_offset1,0.6782739909813348,gaussian,7.0,1.0,35.0,0.12
Q1,interleaved_offset2,0.6632258714910856,gaussian,7.0,1.0,35.0,0.12
Q1,late7,0.7869577647403585,gaussian,7.0,1.0,35.0,0.12
Q1,interleaved_offset1,0.6879049319222662,gaussian,7.0,1.0,56.0,0.0
Q1,interleaved_offset2,0.7188478904687111,gaussian,7.0,1.0,56.0,0.0
Q1,late7,0.958840752448713,gaussian,7.0,1.0,56.0,0.0
Q1,interleaved_offset1,0.684578391852296,gaussian,7.0,1.0,56.0,0.03
Q1,interleaved_offset2,0.6768012012864068,gaussian,7.0,1.0,56.0,0.03
Q1,late7,0.8262455076584915,gaussian,7.0,1.0,56.0,0.03
Q1,interleaved_offset1,0.6812560833151449,gaussian,7.0,1.0,56.0,0.07
Q1,interleaved_offset2,0.6689327781660468,gaussian,7.0,1.0,56.0,0.07
Q1,late7,0.8036608730516728,gaussian,7.0,1.0,56.0,0.07
Q1,interleaved_offset1,0.6782739626510204,gaussian,7.0,1.0,56.0,0.12
Q1,interleaved_offset2,0.6632258484602309,gaussian,7.0,1.0,56.0,0.12
Q1,late7,0.7869575754968503,gaussian,7.0,1.0,56.0,0.12
Q1,interleaved_offset1,0.6879049319222662,gaussian,7.0,1.0,,0.0
Q1,interleaved_offset2,0.7188478904687111,gaussian,7.0,1.0,,0.0
Q1,late7,0.958840752448713,gaussian,7.0,1.0,,0.0
Q1,interleaved_offset1,0.684578391852296,gaussian,7.0,1.0,,0.03
Q1,interleaved_offset2,0.6768012012864068,gaussian,7.0,1.0,,0.03
Q1,late7,0.8262455076584915,gaussian,7.0,1.0,,0.03
Q1,interleaved_offset1,0.6812560833151449,gaussian,7.0,1.0,,0.07
Q1,interleaved_offset2,0.6689327781660468,gaussian,7.0,1.0,,0.07
Q1,late7,0.8036608730516727,gaussian,7.0,1.0,,0.07
Q1,interleaved_offset1,0.6782739626510204,gaussian,7.0,1.0,,0.12
Q1,interleaved_offset2,0.663225848460231,gaussian,7.0,1.0,,0.12
Q1,late7,0.78695757549685,gaussian,7.0,1.0,,0.12
Q1,interleaved_offset1,0.7432860020729194,gaussian,10.0,1.0,14.0,0.0
Q1,interleaved_offset2,0.7142913336881545,gaussian,10.0,1.0,14.0,0.0
Q1,late7,1.3830378619609431,gaussian,10.0,1.0,14.0,0.0
Q1,interleaved_offset1,0.6998669123584337,gaussian,10.0,1.0,14.0,0.03
Q1,interleaved_offset2,0.6726775509832399,gaussian,10.0,1.0,14.0,0.03
Q1,late7,0.9509070839856336,gaussian,10.0,1.0,14.0,0.03
Q1,interleaved_offset1,0.6925870785573979,gaussian,10.0,1.0,14.0,0.07
Q1,interleaved_offset2,0.6653325304162239,gaussian,10.0,1.0,14.0,0.07
Q1,late7,0.8944633784447412,gaussian,10.0,1.0,14.0,0.07
Q1,interleaved_offset1,0.6878404134779279,gaussian,10.0,1.0,14.0,0.12
Q1,interleaved_offset2,0.6602054272498805,gaussian,10.0,1.0,14.0,0.12
Q1,late7,0.8573360547416208,gaussian,10.0,1.0,14.0,0.12
Q1,interleaved_offset1,0.6798389209726915,gaussian,10.0,1.0,21.0,0.0
Q1,interleaved_offset2,0.7147022781352257,gaussian,10.0,1.0,21.0,0.0
Q1,late7,0.9420134127125829,gaussian,10.0,1.0,21.0,0.0
Q1,interleaved_offset1,0.6790906363764156,gaussian,10.0,1.0,21.0,0.03
Q1,interleaved_offset2,0.6734230454536907,gaussian,10.0,1.0,21.0,0.03
Q1,late7,0.8112858297065164,gaussian,10.0,1.0,21.0,0.03
Q1,interleaved_offset1,0.6782906567911475,gaussian,10.0,1.0,21.0,0.07
Q1,interleaved_offset2,0.666466177879237,gaussian,10.0,1.0,21.0,0.07
Q1,late7,0.7909812052284011,gaussian,10.0,1.0,21.0,0.07
Q1,interleaved_offset1,0.6775679543171799,gaussian,10.0,1.0,21.0,0.12
Q1,interleaved_offset2,0.6617431047806449,gaussian,10.0,1.0,21.0,0.12
Q1,late7,0.7768191105022291,gaussian,10.0,1.0,21.0,0.12
Q1,interleaved_offset1,0.6785053470372638,gaussian,10.0,1.0,35.0,0.0
Q1,interleaved_offset2,0.7121873406318929,gaussian,10.0,1.0,35.0,0.0
Q1,late7,0.9389949720176056,gaussian,10.0,1.0,35.0,0.0
Q1,interleaved_offset1,0.6779926255879868,gaussian,10.0,1.0,35.0,0.03
Q1,interleaved_offset2,0.6710805044964319,gaussian,10.0,1.0,35.0,0.03
Q1,late7,0.8084006461220368,gaussian,10.0,1.0,35.0,0.03
Q1,interleaved_offset1,0.6774544890316679,gaussian,10.0,1.0,35.0,0.07
Q1,interleaved_offset2,0.6643385661343975,gaussian,10.0,1.0,35.0,0.07
Q1,late7,0.7882688576723973,gaussian,10.0,1.0,35.0,0.07
Q1,interleaved_offset1,0.6769951276149607,gaussian,10.0,1.0,35.0,0.12
Q1,interleaved_offset2,0.6598625741340702,gaussian,10.0,1.0,35.0,0.12
Q1,late7,0.7743152519514639,gaussian,10.0,1.0,35.0,0.12
Q1,interleaved_offset1,0.6784857976092542,gaussian,10.0,1.0,56.0,0.0
Q1,interleaved_offset2,0.7121736638741221,gaussian,10.0,1.0,56.0,0.0
Q1,late7,0.9346900093192951,gaussian,10.0,1.0,56.0,0.0
Q1,interleaved_offset1,0.6779747532679274,gaussian,10.0,1.0,56.0,0.03
Q1,interleaved_offset2,0.6710547555639752,gaussian,10.0,1.0,56.0,0.03
Q1,late7,0.8081911850907074,gaussian,10.0,1.0,56.0,0.03
Q1,interleaved_offset1,0.677438662657009,gaussian,10.0,1.0,56.0,0.07
Q1,interleaved_offset2,0.6643221753481215,gaussian,10.0,1.0,56.0,0.07
Q1,late7,0.7881022955965561,gaussian,10.0,1.0,56.0,0.07
Q1,interleaved_offset1,0.6769815949489683,gaussian,10.0,1.0,56.0,0.12
Q1,interleaved_offset2,0.6598503148788267,gaussian,10.0,1.0,56.0,0.12
Q1,late7,0.7741697038665958,gaussian,10.0,1.0,56.0,0.12
Q1,interleaved_offset1,0.6784857971050062,gaussian,10.0,1.0,,0.0
Q1,interleaved_offset2,0.7121736638109943,gaussian,10.0,1.0,,0.0
Q1,late7,0.934647098283166,gaussian,10.0,1.0,,0.0
Q1,interleaved_offset1,0.6779747527862321,gaussian,10.0,1.0,,0.03
Q1,interleaved_offset2,0.6710547091258595,gaussian,10.0,1.0,,0.03
Q1,late7,0.8081910615625114,gaussian,10.0,1.0,,0.03
Q1,interleaved_offset1,0.6774386622046216,gaussian,10.0,1.0,,0.07
Q1,interleaved_offset2,0.6643221562559953,gaussian,10.0,1.0,,0.07
Q1,late7,0.7881022417420491,gaussian,10.0,1.0,,0.07
Q1,interleaved_offset1,0.6769815945320132,gaussian,10.0,1.0,,0.12
Q1,interleaved_offset2,0.6598503043670649,gaussian,10.0,1.0,,0.12
Q1,late7,0.7741696721464605,gaussian,10.0,1.0,,0.12
Q1,interleaved_offset1,0.7467717887700458,gaussian,14.0,1.0,14.0,0.0
Q1,interleaved_offset2,0.7134467954317993,gaussian,14.0,1.0,14.0,0.0
Q1,late7,1.389648167619069,gaussian,14.0,1.0,14.0,0.0
Q1,interleaved_offset1,0.7036749215471848,gaussian,14.0,1.0,14.0,0.03
Q1,interleaved_offset2,0.6720192010145825,gaussian,14.0,1.0,14.0,0.03
Q1,late7,0.9574588126350367,gaussian,14.0,1.0,14.0,0.03
Q1,interleaved_offset1,0.6966923865488218,gaussian,14.0,1.0,14.0,0.07
Q1,interleaved_offset2,0.6648936117804132,gaussian,14.0,1.0,14.0,0.07
Q1,late7,0.9009151559315332,gaussian,14.0,1.0,14.0,0.07
Q1,interleaved_offset1,0.6921698841375066,gaussian,14.0,1.0,14.0,0.12
Q1,interleaved_offset2,0.6600011120005177,gaussian,14.0,1.0,14.0,0.12
Q1,late7,0.8636308037568559,gaussian,14.0,1.0,14.0,0.12
Q1,interleaved_offset1,0.6786699969681709,gaussian,14.0,1.0,21.0,0.0
Q1,interleaved_offset2,0.7163617508149599,gaussian,14.0,1.0,21.0,0.0
Q1,late7,0.939915298946722,gaussian,14.0,1.0,21.0,0.0
Q1,interleaved_offset1,0.6784602173047196,gaussian,14.0,1.0,21.0,0.03
Q1,interleaved_offset2,0.6752758388144181,gaussian,14.0,1.0,21.0,0.03
Q1,late7,0.8094992950771327,gaussian,14.0,1.0,21.0,0.03
Q1,interleaved_offset1,0.6782688805242237,gaussian,14.0,1.0,21.0,0.07
Q1,interleaved_offset2,0.6685448201552417,gaussian,14.0,1.0,21.0,0.07
Q1,late7,0.7895782330167941,gaussian,14.0,1.0,21.0,0.07
Q1,interleaved_offset1,0.6781642990600231,gaussian,14.0,1.0,21.0,0.12
Q1,interleaved_offset2,0.6640565061077546,gaussian,14.0,1.0,21.0,0.12
Q1,late7,0.7758469506720079,gaussian,14.0,1.0,21.0,0.12
Q1,interleaved_offset1,0.6788251323139503,gaussian,14.0,1.0,35.0,0.0
Q1,interleaved_offset2,0.7092928220998267,gaussian,14.0,1.0,35.0,0.0
Q1,late7,0.9385069349416799,gaussian,14.0,1.0,35.0,0.0
Q1,interleaved_offset1,0.6788453476170075,gaussian,14.0,1.0,35.0,0.03
Q1,interleaved_offset2,0.6686664567309486,gaussian,14.0,1.0,35.0,0.03
Q1,late7,0.8081927026163459,gaussian,14.0,1.0,35.0,0.03
Q1,interleaved_offset1,0.6789249555044025,gaussian,14.0,1.0,35.0,0.07
Q1,interleaved_offset2,0.6625148834564873,gaussian,14.0,1.0,35.0,0.07
Q1,late7,0.788401871245665,gaussian,14.0,1.0,35.0,0.07
Q1,interleaved_offset1,0.6791075416709593,gaussian,14.0,1.0,35.0,0.12
Q1,interleaved_offset2,0.658701092688748,gaussian,14.0,1.0,35.0,0.12
Q1,late7,0.7748245543663816,gaussian,14.0,1.0,35.0,0.12
Q1,interleaved_offset1,0.6785736988571593,gaussian,14.0,1.0,56.0,0.0
Q1,interleaved_offset2,0.6780567526157251,gaussian,14.0,1.0,56.0,0.0
Q1,late7,0.8245998097529789,gaussian,14.0,1.0,56.0,0.0
Q1,interleaved_offset1,0.6786201668604281,gaussian,14.0,1.0,56.0,0.03
Q1,interleaved_offset2,0.6668726582529887,gaussian,14.0,1.0,56.0,0.03
Q1,late7,0.7976270377044187,gaussian,14.0,1.0,56.0,0.03
Q1,interleaved_offset1,0.6787324582315625,gaussian,14.0,1.0,56.0,0.07
Q1,interleaved_offset2,0.6617052825459807,gaussian,14.0,1.0,56.0,0.07
Q1,late7,0.7820018640591249,gaussian,14.0,1.0,56.0,0.07
Q1,interleaved_offset1,0.6789523493278604,gaussian,14.0,1.0,56.0,0.12
Q1,interleaved_offset2,0.6582456929591353,gaussian,14.0,1.0,56.0,0.12
Q1,late7,0.7700679500824152,gaussian,14.0,1.0,56.0,0.12
Q1,interleaved_offset1,0.6785720762469611,gaussian,14.0,1.0,,0.0
Q1,interleaved_offset2,0.6776619248753306,gaussian,14.0,1.0,,0.0
Q1,late7,0.824022504209913,gaussian,14.0,1.0,,0.0
Q1,interleaved_offset1,0.678618617930497,gaussian,14.0,1.0,,0.03
Q1,interleaved_offset2,0.6667879050584902,gaussian,14.0,1.0,,0.03
Q1,late7,0.7974470897123108,gaussian,14.0,1.0,,0.03
Q1,interleaved_offset1,0.6787310047960577,gaussian,14.0,1.0,,0.07
Q1,interleaved_offset2,0.6616652979216286,gaussian,14.0,1.0,,0.07
Q1,late7,0.7819051864918481,gaussian,14.0,1.0,,0.07
Q1,interleaved_offset1,0.6789510109716673,gaussian,14.0,1.0,,0.12
Q1,interleaved_offset2,0.6582225205003105,gaussian,14.0,1.0,,0.12
Q1,late7,0.7700056208982292,gaussian,14.0,1.0,,0.12
Q1,interleaved_offset1,0.7499658871630733,gaussian,21.0,1.0,14.0,0.0
Q1,interleaved_offset2,0.7137411903210952,gaussian,21.0,1.0,14.0,0.0
Q1,late7,1.3948415273423347,gaussian,21.0,1.0,14.0,0.0
Q1,interleaved_offset1,0.7069427935519841,gaussian,21.0,1.0,14.0,0.03
Q1,interleaved_offset2,0.6723705195533857,gaussian,21.0,1.0,14.0,0.03
Q1,late7,0.962510456799622,gaussian,21.0,1.0,14.0,0.03
Q1,interleaved_offset1,0.7000155616299576,gaussian,21.0,1.0,14.0,0.07
Q1,interleaved_offset2,0.6653096481237815,gaussian,21.0,1.0,14.0,0.07
Q1,late7,0.9057750692815852,gaussian,21.0,1.0,14.0,0.07
Q1,interleaved_offset1,0.6955092096706553,gaussian,21.0,1.0,14.0,0.12
Q1,interleaved_offset2,0.6604824596472076,gaussian,21.0,1.0,14.0,0.12
Q1,late7,0.8682471310272292,gaussian,21.0,1.0,14.0,0.12
Q1,interleaved_offset1,0.6792774258180323,gaussian,21.0,1.0,21.0,0.0
Q1,interleaved_offset2,0.7191983039722982,gaussian,21.0,1.0,21.0,0.0
Q1,late7,0.9407637390835311,gaussian,21.0,1.0,21.0,0.0
Q1,interleaved_offset1,0.6792113430259936,gaussian,21.0,1.0,21.0,0.03
Q1,interleaved_offset2,0.6781353352777332,gaussian,21.0,1.0,21.0,0.03
Q1,late7,0.8103698536792107,gaussian,21.0,1.0,21.0,0.03
Q1,interleaved_offset1,0.6791854951869546,gaussian,21.0,1.0,21.0,0.07
Q1,interleaved_offset2,0.6714227104097135,gaussian,21.0,1.0,21.0,0.07
Q1,late7,0.7904723031681274,gaussian,21.0,1.0,21.0,0.07
Q1,interleaved_offset1,0.6792503624931225,gaussian,21.0,1.0,21.0,0.12
Q1,interleaved_offset2,0.6669386740711862,gaussian,21.0,1.0,21.0,0.12
Q1,late7,0.7767612645902707,gaussian,21.0,1.0,21.0,0.12
Q1,interleaved_offset1,0.6862897580012299,gaussian,21.0,1.0,35.0,0.0
Q1,interleaved_offset2,0.7091231926329123,gaussian,21.0,1.0,35.0,0.0
Q1,late7,0.9423608307611869,gaussian,21.0,1.0,35.0,0.0
Q1,interleaved_offset1,0.686261243975922,gaussian,21.0,1.0,35.0,0.03
Q1,interleaved_offset2,0.6687321109153642,gaussian,21.0,1.0,35.0,0.03
Q1,late7,0.8119737835336672,gaussian,21.0,1.0,35.0,0.03
Q1,interleaved_offset1,0.6862568599638521,gaussian,21.0,1.0,35.0,0.07
Q1,interleaved_offset2,0.6628684630634504,gaussian,21.0,1.0,35.0,0.07
Q1,late7,0.7920820195683176,gaussian,21.0,1.0,35.0,0.07
Q1,interleaved_offset1,0.686304840568862,gaussian,21.0,1.0,35.0,0.12
Q1,interleaved_offset2,0.6593745586738937,gaussian,21.0,1.0,35.0,0.12
Q1,late7,0.7783723638651,gaussian,21.0,1.0,35.0,0.12
Q1,interleaved_offset1,0.6854982188193028,gaussian,21.0,1.0,56.0,0.0
Q1,interleaved_offset2,0.6598885039428187,gaussian,21.0,1.0,56.0,0.0
Q1,late7,0.7611414343686173,gaussian,21.0,1.0,56.0,0.0
Q1,interleaved_offset1,0.6855964656331942,gaussian,21.0,1.0,56.0,0.03
Q1,interleaved_offset2,0.6586626157370526,gaussian,21.0,1.0,56.0,0.03
Q1,late7,0.7576429416539592,gaussian,21.0,1.0,56.0,0.03
Q1,interleaved_offset1,0.6857497254925917,gaussian,21.0,1.0,56.0,0.07
Q1,interleaved_offset2,0.6574204156452436,gaussian,21.0,1.0,56.0,0.07
Q1,late7,0.7534843656609845,gaussian,21.0,1.0,56.0,0.07
Q1,interleaved_offset1,0.6859769690063617,gaussian,21.0,1.0,56.0,0.12
Q1,interleaved_offset2,0.6562880065601249,gaussian,21.0,1.0,56.0,0.12
Q1,late7,0.748902048590607,gaussian,21.0,1.0,56.0,0.12
Q1,interleaved_offset1,0.6852726054095035,gaussian,21.0,1.0,,0.0
Q1,interleaved_offset2,0.6580271570441336,gaussian,21.0,1.0,,0.0
Q1,late7,0.7574926358890781,gaussian,21.0,1.0,,0.0
Q1,interleaved_offset1,0.685380405553022,gaussian,21.0,1.0,,0.03
Q1,interleaved_offset2,0.6571391024096023,gaussian,21.0,1.0,,0.03
Q1,late7,0.7543581636115682,gaussian,21.0,1.0,,0.03
Q1,interleaved_offset1,0.6855461048066658,gaussian,21.0,1.0,,0.07
Q1,interleaved_offset2,0.6562073579270995,gaussian,21.0,1.0,,0.07
Q1,late7,0.7505874932325716,gaussian,21.0,1.0,,0.07
Q1,interleaved_offset1,0.6857884268320987,gaussian,21.0,1.0,,0.12
Q1,interleaved_offset2,0.6553371969766753,gaussian,21.0,1.0,,0.12
Q1,late7,0.7463864977192854,gaussian,21.0,1.0,,0.12
Q1,interleaved_offset1,0.7513090483848879,gaussian,28.0,1.0,14.0,0.0
Q1,interleaved_offset2,0.7140041807599075,gaussian,28.0,1.0,14.0,0.0
Q1,late7,1.396897719615925,gaussian,28.0,1.0,14.0,0.0
Q1,interleaved_offset1,0.7082930446790511,gaussian,28.0,1.0,14.0,0.03
Q1,interleaved_offset2,0.6726431683278986,gaussian,28.0,1.0,14.0,0.03
Q1,late7,0.964498089435379,gaussian,28.0,1.0,14.0,0.03
Q1,interleaved_offset1,0.7013642359724793,gaussian,28.0,1.0,14.0,0.07
Q1,interleaved_offset2,0.6655922690506405,gaussian,28.0,1.0,14.0,0.07
Q1,late7,0.9076720060710959,gaussian,28.0,1.0,14.0,0.07
Q1,interleaved_offset1,0.6968418121718704,gaussian,28.0,1.0,14.0,0.12
Q1,interleaved_offset2,0.6607734766333576,gaussian,28.0,1.0,14.0,0.12
Q1,late7,0.870031858389282,gaussian,28.0,1.0,14.0,0.12
Q1,interleaved_offset1,0.6798021087625569,gaussian,28.0,1.0,21.0,0.0
Q1,interleaved_offset2,0.7206251570916662,gaussian,28.0,1.0,21.0,0.0
Q1,late7,0.9414267748586378,gaussian,28.0,1.0,21.0,0.0
Q1,interleaved_offset1,0.6797571779150492,gaussian,28.0,1.0,21.0,0.03
Q1,interleaved_offset2,0.6795486315589224,gaussian,28.0,1.0,21.0,0.03
Q1,late7,0.8110138898259064,gaussian,28.0,1.0,21.0,0.03
Q1,interleaved_offset1,0.6797543146165899,gaussian,28.0,1.0,21.0,0.07
Q1,interleaved_offset2,0.6728148746852394,gaussian,28.0,1.0,21.0,0.07
Q1,late7,0.791090843286569,gaussian,28.0,1.0,21.0,0.07
Q1,interleaved_offset1,0.6798401771721305,gaussian,28.0,1.0,21.0,0.12
Q1,interleaved_offset2,0.6682996770368839,gaussian,28.0,1.0,21.0,0.12
Q1,late7,0.7773477028858057,gaussian,28.0,1.0,21.0,0.12
Q1,interleaved_offset1,0.6922040297847947,gaussian,28.0,1.0,35.0,0.0
Q1,interleaved_offset2,0.7108443450932302,gaussian,28.0,1.0,35.0,0.0
Q1,late7,0.9455483665675473,gaussian,28.0,1.0,35.0,0.0
Q1,interleaved_offset1,0.692026554151931,gaussian,28.0,1.0,35.0,0.03
Q1,interleaved_offset2,0.6704519574197243,gaussian,28.0,1.0,35.0,0.03
Q1,late7,0.8150262568076971,gaussian,28.0,1.0,35.0,0.03
Q1,interleaved_offset1,0.6918212012466842,gaussian,28.0,1.0,35.0,0.07
Q1,interleaved_offset2,0.6645813394559571,gaussian,28.0,1.0,35.0,0.07
Q1,late7,0.7949597384563455,gaussian,28.0,1.0,35.0,0.07
Q1,interleaved_offset1,0.6916141213755516,gaussian,28.0,1.0,35.0,0.12
Q1,interleaved_offset2,0.6610704843441997,gaussian,28.0,1.0,35.0,0.12
Q1,late7,0.7810397784980561,gaussian,28.0,1.0,35.0,0.12
Q1,interleaved_offset1,0.6914802422523053,gaussian,28.0,1.0,56.0,0.0
Q1,interleaved_offset2,0.6592209848828633,gaussian,28.0,1.0,56.0,0.0
Q1,late7,0.7470414764112564,gaussian,28.0,1.0,56.0,0.0
Q1,interleaved_offset1,0.6914959406903805,gaussian,28.0,1.0,56.0,0.03
Q1,interleaved_offset2,0.6588053893680437,gaussian,28.0,1.0,56.0,0.03
Q1,late7,0.7453342089541025,gaussian,28.0,1.0,56.0,0.03
Q1,interleaved_offset1,0.6915299035135098,gaussian,28.0,1.0,56.0,0.07
Q1,interleaved_offset2,0.6583310444461424,gaussian,28.0,1.0,56.0,0.07
Q1,late7,0.7431427160925411,gaussian,28.0,1.0,56.0,0.07
Q1,interleaved_offset1,0.6915932366485881,gaussian,28.0,1.0,56.0,0.12
Q1,interleaved_offset2,0.6578455796649266,gaussian,28.0,1.0,56.0,0.12
Q1,late7,0.7405267999776166,gaussian,28.0,1.0,56.0,0.12
Q1,interleaved_offset1,0.6901545934464506,gaussian,28.0,1.0,,0.0
Q1,interleaved_offset2,0.6556159733112231,gaussian,28.0,1.0,,0.0
Q1,late7,0.7368562489934721,gaussian,28.0,1.0,,0.0
Q1,interleaved_offset1,0.6902250793345227,gaussian,28.0,1.0,,0.03
Q1,interleaved_offset2,0.6554859469460179,gaussian,28.0,1.0,,0.03
Q1,late7,0.7356226398776858,gaussian,28.0,1.0,,0.03
Q1,interleaved_offset1,0.6903304611391485,gaussian,28.0,1.0,,0.07
Q1,interleaved_offset2,0.6553452092154842,gaussian,28.0,1.0,,0.07
Q1,late7,0.7340306605761379,gaussian,28.0,1.0,,0.07
Q1,interleaved_offset1,0.690480495134489,gaussian,28.0,1.0,,0.12
Q1,interleaved_offset2,0.6552171760627495,gaussian,28.0,1.0,,0.12
Q1,late7,0.7321194430649123,gaussian,28.0,1.0,,0.12
Q1,interleaved_offset1,0.7281309134053268,inverse,14.0,0.75,14.0,0.0
Q1,interleaved_offset2,0.7114370113820033,inverse,14.0,0.75,14.0,0.0
Q1,late7,1.3761922301758496,inverse,14.0,0.75,14.0,0.0
Q1,interleaved_offset1,0.6846466735539589,inverse,14.0,0.75,14.0,0.03
Q1,interleaved_offset2,0.669213053211579,inverse,14.0,0.75,14.0,0.03
Q1,late7,0.9441174458743574,inverse,14.0,0.75,14.0,0.03
Q1,interleaved_offset1,0.677370717832908,inverse,14.0,0.75,14.0,0.07
Q1,interleaved_offset2,0.6611912257450953,inverse,14.0,0.75,14.0,0.07
Q1,late7,0.8877683413903948,inverse,14.0,0.75,14.0,0.07
Q1,interleaved_offset1,0.6727489952457139,inverse,14.0,0.75,14.0,0.12
Q1,interleaved_offset2,0.6554037719441506,inverse,14.0,0.75,14.0,0.12
Q1,late7,0.8507894574159739,inverse,14.0,0.75,14.0,0.12
Q1,interleaved_offset1,0.6628321477496033,inverse,14.0,0.75,21.0,0.0
Q1,interleaved_offset2,0.709331841395522,inverse,14.0,0.75,21.0,0.0
Q1,late7,0.9207528076289528,inverse,14.0,0.75,21.0,0.0
Q1,interleaved_offset1,0.662415996664792,inverse,14.0,0.75,21.0,0.03
Q1,interleaved_offset2,0.6678012281930965,inverse,14.0,0.75,21.0,0.03
Q1,late7,0.7906661329612198,inverse,14.0,0.75,21.0,0.03
Q1,interleaved_offset1,0.6620533748885669,inverse,14.0,0.75,21.0,0.07
Q1,interleaved_offset2,0.6605896074022258,inverse,14.0,0.75,21.0,0.07
Q1,late7,0.7712177742967492,inverse,14.0,0.75,21.0,0.07
Q1,interleaved_offset1,0.6618844284720967,inverse,14.0,0.75,21.0,0.12
Q1,interleaved_offset2,0.6556570183894028,inverse,14.0,0.75,21.0,0.12
Q1,late7,0.758128039406829,inverse,14.0,0.75,21.0,0.12
Q1,interleaved_offset1,0.6654731664528281,inverse,14.0,0.75,35.0,0.0
Q1,interleaved_offset2,0.6992671567984782,inverse,14.0,0.75,35.0,0.0
Q1,late7,0.927255231850734,inverse,14.0,0.75,35.0,0.0
Q1,interleaved_offset1,0.6655364561644592,inverse,14.0,0.75,35.0,0.03
Q1,interleaved_offset2,0.6586494649048352,inverse,14.0,0.75,35.0,0.03
Q1,late7,0.7970880998380261,inverse,14.0,0.75,35.0,0.03
Q1,interleaved_offset1,0.6657246359946819,inverse,14.0,0.75,35.0,0.07
Q1,interleaved_offset2,0.6525505422732693,inverse,14.0,0.75,35.0,0.07
Q1,late7,0.7775235284697882,inverse,14.0,0.75,35.0,0.07
Q1,interleaved_offset1,0.6661182101498758,inverse,14.0,0.75,35.0,0.12
Q1,interleaved_offset2,0.6488628904028813,inverse,14.0,0.75,35.0,0.12
Q1,late7,0.7642735504881234,inverse,14.0,0.75,35.0,0.12
Q1,interleaved_offset1,0.6651595680050325,inverse,14.0,0.75,56.0,0.0
Q1,interleaved_offset2,0.6475276706390636,inverse,14.0,0.75,56.0,0.0
Q1,late7,0.7386893448108648,inverse,14.0,0.75,56.0,0.0
Q1,interleaved_offset1,0.6656048142571189,inverse,14.0,0.75,56.0,0.03
Q1,interleaved_offset2,0.6469768625345234,inverse,14.0,0.75,56.0,0.03
Q1,late7,0.7373380745245295,inverse,14.0,0.75,56.0,0.03
Q1,interleaved_offset1,0.6662483003786714,inverse,14.0,0.75,56.0,0.07
Q1,interleaved_offset2,0.6463872088808836,inverse,14.0,0.75,56.0,0.07
Q1,late7,0.7355907704719991,inverse,14.0,0.75,56.0,0.07
Q1,interleaved_offset1,0.6671316346221244,inverse,14.0,0.75,56.0,0.12
Q1,interleaved_offset2,0.64585174148764,inverse,14.0,0.75,56.0,0.12
Q1,late7,0.7334899260708792,inverse,14.0,0.75,56.0,0.12
Q1,interleaved_offset1,0.6644644470371763,inverse,14.0,0.75,,0.0
Q1,interleaved_offset2,0.6407372987815181,inverse,14.0,0.75,,0.0
Q1,late7,0.7154202186818106,inverse,14.0,0.75,,0.0
Q1,interleaved_offset1,0.6649541376386437,inverse,14.0,0.75,,0.03
Q1,interleaved_offset2,0.6406912898279725,inverse,14.0,0.75,,0.03
Q1,late7,0.714977425264291,inverse,14.0,0.75,,0.03
Q1,interleaved_offset1,0.6656548031936147,inverse,14.0,0.75,,0.07
Q1,interleaved_offset2,0.6406958086328692,inverse,14.0,0.75,,0.07
Q1,late7,0.7144113807617626,inverse,14.0,0.75,,0.07
Q1,interleaved_offset1,0.6666062621949718,inverse,14.0,0.75,,0.12
Q1,interleaved_offset2,0.6408033978025534,inverse,14.0,0.75,,0.12
Q1,late7,0.7137420390225571,inverse,14.0,0.75,,0.12
Q1,interleaved_offset1,0.7265909193807002,inverse,14.0,1.0,14.0,0.0
Q1,interleaved_offset2,0.7170188576111016,inverse,14.0,1.0,14.0,0.0
Q1,late7,1.3743841576757958,inverse,14.0,1.0,14.0,0.0
Q1,interleaved_offset1,0.6822257149964283,inverse,14.0,1.0,14.0,0.03
Q1,interleaved_offset2,0.6738133516483263,inverse,14.0,1.0,14.0,0.03
Q1,late7,0.9419858121120698,inverse,14.0,1.0,14.0,0.03
Q1,interleaved_offset1,0.6740660701924222,inverse,14.0,1.0,14.0,0.07
Q1,interleaved_offset2,0.664669137820308,inverse,14.0,1.0,14.0,0.07
Q1,late7,0.885260455301671,inverse,14.0,1.0,14.0,0.07
Q1,interleaved_offset1,0.6686443384249872,inverse,14.0,1.0,14.0,0.12
Q1,interleaved_offset2,0.6577167461028739,inverse,14.0,1.0,14.0,0.12
Q1,late7,0.8478929029144829,inverse,14.0,1.0,14.0,0.12
Q1,interleaved_offset1,0.6630434551676003,inverse,14.0,1.0,21.0,0.0
Q1,interleaved_offset2,0.7119095572069534,inverse,14.0,1.0,21.0,0.0
Q1,late7,0.919711640412926,inverse,14.0,1.0,21.0,0.0
Q1,interleaved_offset1,0.6617765669156783,inverse,14.0,1.0,21.0,0.03
Q1,interleaved_offset2,0.6696215958550773,inverse,14.0,1.0,21.0,0.03
Q1,late7,0.7892749575061845,inverse,14.0,1.0,21.0,0.03
Q1,interleaved_offset1,0.6604596664292506,inverse,14.0,1.0,21.0,0.07
Q1,interleaved_offset2,0.6615336376459686,inverse,14.0,1.0,21.0,0.07
Q1,late7,0.7694128277881103,inverse,14.0,1.0,21.0,0.07
Q1,interleaved_offset1,0.6593339045990997,inverse,14.0,1.0,21.0,0.12
Q1,interleaved_offset2,0.6556826055024081,inverse,14.0,1.0,21.0,0.12
Q1,late7,0.7558851017868334,inverse,14.0,1.0,21.0,0.12
Q1,interleaved_offset1,0.6607331617784651,inverse,14.0,1.0,35.0,0.0
Q1,interleaved_offset2,0.7013547409543576,inverse,14.0,1.0,35.0,0.0
Q1,late7,0.9240336201495674,inverse,14.0,1.0,35.0,0.0
Q1,interleaved_offset1,0.6603294286887001,inverse,14.0,1.0,35.0,0.03
Q1,interleaved_offset2,0.6600745114197237,inverse,14.0,1.0,35.0,0.03
Q1,late7,0.7936482085974365,inverse,14.0,1.0,35.0,0.03
Q1,interleaved_offset1,0.6599895457852485,inverse,14.0,1.0,35.0,0.07
Q1,interleaved_offset2,0.6531886851022431,inverse,14.0,1.0,35.0,0.07
Q1,late7,0.7738352928750171,inverse,14.0,1.0,35.0,0.07
Q1,interleaved_offset1,0.6598584929474609,inverse,14.0,1.0,35.0,0.12
Q1,interleaved_offset2,0.6486535833590525,inverse,14.0,1.0,35.0,0.12
Q1,late7,0.7603389801934001,inverse,14.0,1.0,35.0,0.12
Q1,interleaved_offset1,0.6584942431325287,inverse,14.0,1.0,56.0,0.0
Q1,interleaved_offset2,0.6499154321569189,inverse,14.0,1.0,56.0,0.0
Q1,late7,0.7371190744166699,inverse,14.0,1.0,56.0,0.0
Q1,interleaved_offset1,0.6585946455879131,inverse,14.0,1.0,56.0,0.03
Q1,interleaved_offset2,0.6483904984362818,inverse,14.0,1.0,56.0,0.03
Q1,late7,0.7354224788416267,inverse,14.0,1.0,56.0,0.03
Q1,interleaved_offset1,0.6588485307047506,inverse,14.0,1.0,56.0,0.07
Q1,interleaved_offset2,0.6467175020306427,inverse,14.0,1.0,56.0,0.07
Q1,late7,0.7332727961538645,inverse,14.0,1.0,56.0,0.07
Q1,interleaved_offset1,0.6593506418556181,inverse,14.0,1.0,56.0,0.12
Q1,interleaved_offset2,0.6450856860947706,inverse,14.0,1.0,56.0,0.12
Q1,late7,0.7307544628279756,inverse,14.0,1.0,56.0,0.12
Q1,interleaved_offset1,0.6584788732604324,inverse,14.0,1.0,,0.0
Q1,interleaved_offset2,0.6438896794443238,inverse,14.0,1.0,,0.0
Q1,late7,0.7189653858720058,inverse,14.0,1.0,,0.0
Q1,interleaved_offset1,0.6586033604139245,inverse,14.0,1.0,,0.03
Q1,interleaved_offset2,0.643040235227032,inverse,14.0,1.0,,0.03
Q1,late7,0.7180982499445999,inverse,14.0,1.0,,0.03
Q1,interleaved_offset1,0.6588872285886932,inverse,14.0,1.0,,0.07
Q1,interleaved_offset2,0.6420880942992807,inverse,14.0,1.0,,0.07
Q1,late7,0.7170062972084836,inverse,14.0,1.0,,0.07
Q1,interleaved_offset1,0.6594234299006783,inverse,14.0,1.0,,0.12
Q1,interleaved_offset2,0.6411620497096137,inverse,14.0,1.0,,0.12
Q1,late7,0.7157406069492106,inverse,14.0,1.0,,0.12
Q1,interleaved_offset1,0.73510137089387,inverse,14.0,1.5,14.0,0.0
Q1,interleaved_offset2,0.7395580788797371,inverse,14.0,1.5,14.0,0.0
Q1,late7,1.3807640013109224,inverse,14.0,1.5,14.0,0.0
Q1,interleaved_offset1,0.6872670230212434,inverse,14.0,1.5,14.0,0.03
Q1,interleaved_offset2,0.6927761789699755,inverse,14.0,1.5,14.0,0.03
Q1,late7,0.9468922048541905,inverse,14.0,1.5,14.0,0.03
Q1,interleaved_offset1,0.6758710225932933,inverse,14.0,1.5,14.0,0.07
Q1,interleaved_offset2,0.6797413074953187,inverse,14.0,1.5,14.0,0.07
Q1,late7,0.8884167147239966,inverse,14.0,1.5,14.0,0.07
Q1,interleaved_offset1,0.6675628491429246,inverse,14.0,1.5,14.0,0.12
Q1,interleaved_offset2,0.6689104817571515,inverse,14.0,1.5,14.0,0.12
Q1,late7,0.84916769901111,inverse,14.0,1.5,14.0,0.12
Q1,interleaved_offset1,0.6759148078406341,inverse,14.0,1.5,21.0,0.0
Q1,interleaved_offset2,0.7308449772195599,inverse,14.0,1.5,21.0,0.0
Q1,late7,0.9280853162534599,inverse,14.0,1.5,21.0,0.0
Q1,interleaved_offset1,0.6710153789399588,inverse,14.0,1.5,21.0,0.03
Q1,interleaved_offset2,0.6854721893074697,inverse,14.0,1.5,21.0,0.03
Q1,late7,0.7961051725420493,inverse,14.0,1.5,21.0,0.03
Q1,interleaved_offset1,0.6659149876913506,inverse,14.0,1.5,21.0,0.07
Q1,interleaved_offset2,0.6739335144232175,inverse,14.0,1.5,21.0,0.07
Q1,late7,0.7743925278986975,inverse,14.0,1.5,21.0,0.07
Q1,interleaved_offset1,0.6612013677077682,inverse,14.0,1.5,21.0,0.12
Q1,interleaved_offset2,0.6645532603280829,inverse,14.0,1.5,21.0,0.12
Q1,late7,0.7588506913988269,inverse,14.0,1.5,21.0,0.12
Q1,interleaved_offset1,0.6680662347891395,inverse,14.0,1.5,35.0,0.0
Q1,interleaved_offset2,0.7209264909153584,inverse,14.0,1.5,35.0,0.0
Q1,late7,0.928881793075514,inverse,14.0,1.5,35.0,0.0
Q1,interleaved_offset1,0.6649621481158596,inverse,14.0,1.5,35.0,0.03
Q1,interleaved_offset2,0.676745192055556,inverse,14.0,1.5,35.0,0.03
Q1,late7,0.7971494428791013,inverse,14.0,1.5,35.0,0.03
Q1,interleaved_offset1,0.6616032006002593,inverse,14.0,1.5,35.0,0.07
Q1,interleaved_offset2,0.6665212477762935,inverse,14.0,1.5,35.0,0.07
Q1,late7,0.7757259464970934,inverse,14.0,1.5,35.0,0.07
Q1,interleaved_offset1,0.6584300211976035,inverse,14.0,1.5,35.0,0.12
Q1,interleaved_offset2,0.6584755151403161,inverse,14.0,1.5,35.0,0.12
Q1,late7,0.7604855933198899,inverse,14.0,1.5,35.0,0.12
Q1,interleaved_offset1,0.6641179927309387,inverse,14.0,1.5,56.0,0.0
Q1,interleaved_offset2,0.6749744278307529,inverse,14.0,1.5,56.0,0.0
Q1,late7,0.7488878602563528,inverse,14.0,1.5,56.0,0.0
Q1,interleaved_offset1,0.661689583683147,inverse,14.0,1.5,56.0,0.03
Q1,interleaved_offset2,0.6685742479649993,inverse,14.0,1.5,56.0,0.03
Q1,late7,0.7451064399819768,inverse,14.0,1.5,56.0,0.03
Q1,interleaved_offset1,0.6590659197604614,inverse,14.0,1.5,56.0,0.07
Q1,interleaved_offset2,0.6621077113034327,inverse,14.0,1.5,56.0,0.07
Q1,late7,0.7405005200139465,inverse,14.0,1.5,56.0,0.07
Q1,interleaved_offset1,0.6566189867163015,inverse,14.0,1.5,56.0,0.12
Q1,interleaved_offset2,0.6559165661966619,inverse,14.0,1.5,56.0,0.12
Q1,late7,0.7353537278831097,inverse,14.0,1.5,56.0,0.12
Q1,interleaved_offset1,0.6641660870457121,inverse,14.0,1.5,,0.0
Q1,interleaved_offset2,0.6699625516985748,inverse,14.0,1.5,,0.0
Q1,late7,0.7368110539484777,inverse,14.0,1.5,,0.0
Q1,interleaved_offset1,0.6617565563817359,inverse,14.0,1.5,,0.03
Q1,interleaved_offset2,0.6649366761610505,inverse,14.0,1.5,,0.03
Q1,late7,0.7338965712949705,inverse,14.0,1.5,,0.03
Q1,interleaved_offset1,0.659155376225186,inverse,14.0,1.5,,0.07
Q1,interleaved_offset2,0.6594348173497147,inverse,14.0,1.5,,0.07
Q1,late7,0.730318565762689,inverse,14.0,1.5,,0.07
Q1,interleaved_offset1,0.6567326178829451,inverse,14.0,1.5,,0.12
Q1,interleaved_offset2,0.6539233284783563,inverse,14.0,1.5,,0.12
Q1,late7,0.7262948494873862,inverse,14.0,1.5,,0.12
Q1,interleaved_offset1,0.7583106716819784,inverse,14.0,2.0,14.0,0.0
Q1,interleaved_offset2,0.7768056696835393,inverse,14.0,2.0,14.0,0.0
Q1,late7,1.4003121389394741,inverse,14.0,2.0,14.0,0.0
Q1,interleaved_offset1,0.70379860695602,inverse,14.0,2.0,14.0,0.03
Q1,interleaved_offset2,0.7232794837843667,inverse,14.0,2.0,14.0,0.03
Q1,late7,0.9636299499988663,inverse,14.0,2.0,14.0,0.03
Q1,interleaved_offset1,0.6871359068289288,inverse,14.0,2.0,14.0,0.07
Q1,interleaved_offset2,0.7037104368500425,inverse,14.0,2.0,14.0,0.07
Q1,late7,0.9018796142338669,inverse,14.0,2.0,14.0,0.07
Q1,interleaved_offset1,0.6744003501026437,inverse,14.0,2.0,14.0,0.12
Q1,interleaved_offset2,0.6868928150819779,inverse,14.0,2.0,14.0,0.12
Q1,late7,0.8591655427973627,inverse,14.0,2.0,14.0,0.12
Q1,interleaved_offset1,0.7051620871481514,inverse,14.0,2.0,21.0,0.0
Q1,interleaved_offset2,0.7674758041995585,inverse,14.0,2.0,21.0,0.0
Q1,late7,0.950381643844533,inverse,14.0,2.0,21.0,0.0
Q1,interleaved_offset1,0.6926252403120846,inverse,14.0,2.0,21.0,0.03
Q1,interleaved_offset2,0.7158745572987867,inverse,14.0,2.0,21.0,0.03
Q1,late7,0.8154928548598668,inverse,14.0,2.0,21.0,0.03
Q1,interleaved_offset1,0.680928367272084,inverse,14.0,2.0,21.0,0.07
Q1,interleaved_offset2,0.6980325158311309,inverse,14.0,2.0,21.0,0.07
Q1,late7,0.7903629590544416,inverse,14.0,2.0,21.0,0.07
Q1,interleaved_offset1,0.6706570131553768,inverse,14.0,2.0,21.0,0.12
Q1,interleaved_offset2,0.6826908599534071,inverse,14.0,2.0,21.0,0.12
Q1,late7,0.7711675196080209,inverse,14.0,2.0,21.0,0.12
Q1,interleaved_offset1,0.6962006504567069,inverse,14.0,2.0,35.0,0.0
Q1,interleaved_offset2,0.7596973949686284,inverse,14.0,2.0,35.0,0.0
Q1,late7,0.94907773500394,inverse,14.0,2.0,35.0,0.0
Q1,interleaved_offset1,0.6866916990241054,inverse,14.0,2.0,35.0,0.03
Q1,interleaved_offset2,0.7094627664317253,inverse,14.0,2.0,35.0,0.03
Q1,late7,0.8145358846187994,inverse,14.0,2.0,35.0,0.03
Q1,interleaved_offset1,0.6770726223972799,inverse,14.0,2.0,35.0,0.07
Q1,interleaved_offset2,0.6929109523600622,inverse,14.0,2.0,35.0,0.07
Q1,late7,0.7898052298189511,inverse,14.0,2.0,35.0,0.07
Q1,interleaved_offset1,0.6682292358561219,inverse,14.0,2.0,35.0,0.12
Q1,interleaved_offset2,0.6787177837444821,inverse,14.0,2.0,35.0,0.12
Q1,late7,0.771024539117375,inverse,14.0,2.0,35.0,0.12
Q1,interleaved_offset1,0.6928859966197048,inverse,14.0,2.0,56.0,0.0
Q1,interleaved_offset2,0.7232455745112664,inverse,14.0,2.0,56.0,0.0
Q1,late7,0.7819223064390256,inverse,14.0,2.0,56.0,0.0
Q1,interleaved_offset1,0.6841106047329563,inverse,14.0,2.0,56.0,0.03
Q1,interleaved_offset2,0.70566850161891,inverse,14.0,2.0,56.0,0.03
Q1,late7,0.7734215701121785,inverse,14.0,2.0,56.0,0.03
Q1,interleaved_offset1,0.6751609799276402,inverse,14.0,2.0,56.0,0.07
Q1,interleaved_offset2,0.6909309329090939,inverse,14.0,2.0,56.0,0.07
Q1,late7,0.7635642958511079,inverse,14.0,2.0,56.0,0.07
Q1,interleaved_offset1,0.6668865026817912,inverse,14.0,2.0,56.0,0.12
Q1,interleaved_offset2,0.6775505296073769,inverse,14.0,2.0,56.0,0.12
Q1,late7,0.7530582583383031,inverse,14.0,2.0,56.0,0.12
Q1,interleaved_offset1,0.6928266584728723,inverse,14.0,2.0,,0.0
Q1,interleaved_offset2,0.7190089891696371,inverse,14.0,2.0,,0.0
Q1,late7,0.7732159406615459,inverse,14.0,2.0,,0.0
Q1,interleaved_offset1,0.6840682663673524,inverse,14.0,2.0,,0.03
Q1,interleaved_offset2,0.7038644886390276,inverse,14.0,2.0,,0.03
Q1,late7,0.7657882275639869,inverse,14.0,2.0,,0.03
Q1,interleaved_offset1,0.6751378166233466,inverse,14.0,2.0,,0.07
Q1,interleaved_offset2,0.6898509891759561,inverse,14.0,2.0,,0.07
Q1,late7,0.7570272026784808,inverse,14.0,2.0,,0.07
Q1,interleaved_offset1,0.6668828538035675,inverse,14.0,2.0,,0.12
Q1,interleaved_offset2,0.6768221030077028,inverse,14.0,2.0,,0.12
Q1,late7,0.7475612140040389,inverse,14.0,2.0,,0.12
Q2,interleaved_offset1,0.7773858375153304,exp,5.0,1.0,14.0,0.0
Q2,interleaved_offset2,0.5473903215679053,exp,5.0,1.0,14.0,0.0
Q2,late7,1.5746725003441948,exp,5.0,1.0,14.0,0.0
Q2,interleaved_offset1,0.6799014378860361,exp,5.0,1.0,14.0,0.03
Q2,interleaved_offset2,0.5479430355793902,exp,5.0,1.0,14.0,0.03
Q2,late7,0.9848434210116732,exp,5.0,1.0,14.0,0.03
Q2,interleaved_offset1,0.6650795096838013,exp,5.0,1.0,14.0,0.07
Q2,interleaved_offset2,0.5489715791810802,exp,5.0,1.0,14.0,0.07
Q2,late7,0.9123510013761521,exp,5.0,1.0,14.0,0.07
Q2,interleaved_offset1,0.6554870103195781,exp,5.0,1.0,14.0,0.12
Q2,interleaved_offset2,0.5506758231677295,exp,5.0,1.0,14.0,0.12
Q2,late7,0.8661904472318892,exp,5.0,1.0,14.0,0.12
Q2,interleaved_offset1,0.6657302100980637,exp,5.0,1.0,21.0,0.0
Q2,interleaved_offset2,0.5499797465876023,exp,5.0,1.0,21.0,0.0
Q2,late7,1.3974460912955233,exp,5.0,1.0,21.0,0.0
Q2,interleaved_offset1,0.6598443595878427,exp,5.0,1.0,21.0,0.03
Q2,interleaved_offset2,0.5504785049582511,exp,5.0,1.0,21.0,0.03
Q2,late7,0.9423178357271923,exp,5.0,1.0,21.0,0.03
Q2,interleaved_offset1,0.6541286687748015,exp,5.0,1.0,21.0,0.07
Q2,interleaved_offset2,0.5514424144273321,exp,5.0,1.0,21.0,0.07
Q2,late7,0.8852145952018037,exp,5.0,1.0,21.0,0.07
Q2,interleaved_offset1,0.649115788225656,exp,5.0,1.0,21.0,0.12
Q2,interleaved_offset2,0.5530737077899578,exp,5.0,1.0,21.0,0.12
Q2,late7,0.8475940517122879,exp,5.0,1.0,21.0,0.12
Q2,interleaved_offset1,0.6632914616537748,exp,5.0,1.0,35.0,0.0
Q2,interleaved_offset2,0.549680099054353,exp,5.0,1.0,35.0,0.0
Q2,late7,1.1907714069103326,exp,5.0,1.0,35.0,0.0
Q2,interleaved_offset1,0.6580118300501144,exp,5.0,1.0,35.0,0.03
Q2,interleaved_offset2,0.5502512418781783,exp,5.0,1.0,35.0,0.03
Q2,late7,0.9356594568306935,exp,5.0,1.0,35.0,0.03
Q2,interleaved_offset1,0.6528051254958807,exp,5.0,1.0,35.0,0.07
Q2,interleaved_offset2,0.5512996000564084,exp,5.0,1.0,35.0,0.07
Q2,late7,0.8813298684776385,exp,5.0,1.0,35.0,0.07
Q2,interleaved_offset1,0.6482023945015127,exp,5.0,1.0,35.0,0.12
Q2,interleaved_offset2,0.553020879603687,exp,5.0,1.0,35.0,0.12
Q2,late7,0.8449501939618336,exp,5.0,1.0,35.0,0.12
Q2,interleaved_offset1,0.6631410530229495,exp,5.0,1.0,56.0,0.0
Q2,interleaved_offset2,0.5495754085251924,exp,5.0,1.0,56.0,0.0
Q2,late7,1.0798474023268891,exp,5.0,1.0,56.0,0.0
Q2,interleaved_offset1,0.6578950337223423,exp,5.0,1.0,56.0,0.03
Q2,interleaved_offset2,0.5501570142874015,exp,5.0,1.0,56.0,0.03
Q2,late7,0.9322312501516804,exp,5.0,1.0,56.0,0.03
Q2,interleaved_offset1,0.6527164439740143,exp,5.0,1.0,56.0,0.07
Q2,interleaved_offset2,0.5512176080106238,exp,5.0,1.0,56.0,0.07
Q2,late7,0.8795339264486774,exp,5.0,1.0,56.0,0.07
Q2,interleaved_offset1,0.648136726899393,exp,5.0,1.0,56.0,0.12
Q2,interleaved_offset2,0.5529519788187005,exp,5.0,1.0,56.0,0.12
Q2,late7,0.843731352719471,exp,5.0,1.0,56.0,0.12
Q2,interleaved_offset1,0.6631406123360394,exp,5.0,1.0,,0.0
Q2,interleaved_offset2,0.5495754911894659,exp,5.0,1.0,,0.0
Q2,late7,1.0788088352212437,exp,5.0,1.0,,0.0
Q2,interleaved_offset1,0.657894702032788,exp,5.0,1.0,,0.03
Q2,interleaved_offset2,0.5501571623140897,exp,5.0,1.0,,0.03
Q2,late7,0.9321316604566051,exp,5.0,1.0,,0.03
Q2,interleaved_offset1,0.6527162336689227,exp,5.0,1.0,,0.07
Q2,interleaved_offset2,0.5512178234547205,exp,5.0,1.0,,0.07
Q2,late7,0.8794930175316892,exp,5.0,1.0,,0.07
Q2,interleaved_offset1,0.6481366357573206,exp,5.0,1.0,,0.12
Q2,interleaved_offset2,0.552952255757263,exp,5.0,1.0,,0.12
Q2,late7,0.8437102610836376,exp,5.0,1.0,,0.12
Q2,interleaved_offset1,0.781083281828812,exp,7.0,1.0,14.0,0.0
Q2,interleaved_offset2,0.5517159065416273,exp,7.0,1.0,14.0,0.0
Q2,late7,1.5903188941284983,exp,7.0,1.0,14.0,0.0
Q2,interleaved_offset1,0.6843936214426818,exp,7.0,1.0,14.0,0.03
Q2,interleaved_offset2,0.5526203706385865,exp,7.0,1.0,14.0,0.03
Q2,late7,0.9997910348681546,exp,7.0,1.0,14.0,0.03
Q2,interleaved_offset1,0.6703068047647271,exp,7.0,1.0,14.0,0.07
Q2,interleaved_offset2,0.5540201712687147,exp,7.0,1.0,14.0,0.07
Q2,late7,0.9264016767140545,exp,7.0,1.0,14.0,0.07
Q2,interleaved_offset1,0.6613122173997865,exp,7.0,1.0,14.0,0.12
Q2,interleaved_offset2,0.5560626916729489,exp,7.0,1.0,14.0,0.12
Q2,late7,0.8791717012226135,exp,7.0,1.0,14.0,0.12
Q2,interleaved_offset1,0.6589907768052533,exp,7.0,1.0,21.0,0.0
Q2,interleaved_offset2,0.5556063577104787,exp,7.0,1.0,21.0,0.0
Q2,late7,1.411683068840941,exp,7.0,1.0,21.0,0.0
Q2,interleaved_offset1,0.6563740087110234,exp,7.0,1.0,21.0,0.03
Q2,interleaved_offset2,0.556467394477174,exp,7.0,1.0,21.0,0.03
Q2,late7,0.9563589222752624,exp,7.0,1.0,21.0,0.03
Q2,interleaved_offset1,0.6535552810026202,exp,7.0,1.0,21.0,0.07
Q2,interleaved_offset2,0.5578141479457757,exp,7.0,1.0,21.0,0.07
Q2,late7,0.8988951622461783,exp,7.0,1.0,21.0,0.07
Q2,interleaved_offset1,0.6509105069246386,exp,7.0,1.0,21.0,0.12
Q2,interleaved_offset2,0.559793835792371,exp,7.0,1.0,21.0,0.12
Q2,late7,0.8607130376861128,exp,7.0,1.0,21.0,0.12
Q2,interleaved_offset1,0.6555297010517306,exp,7.0,1.0,35.0,0.0
Q2,interleaved_offset2,0.5552398509259941,exp,7.0,1.0,35.0,0.0
Q2,late7,1.1491387191443685,exp,7.0,1.0,35.0,0.0
Q2,interleaved_offset1,0.6535135309678567,exp,7.0,1.0,35.0,0.03
Q2,interleaved_offset2,0.5562615566040916,exp,7.0,1.0,35.0,0.03
Q2,late7,0.9396132120280832,exp,7.0,1.0,35.0,0.03
Q2,interleaved_offset1,0.6513412452361008,exp,7.0,1.0,35.0,0.07
Q2,interleaved_offset2,0.5577981724793756,exp,7.0,1.0,35.0,0.07
Q2,late7,0.8897551950533494,exp,7.0,1.0,35.0,0.07
Q2,interleaved_offset1,0.649329117210757,exp,7.0,1.0,35.0,0.12
Q2,interleaved_offset2,0.5599814152559097,exp,7.0,1.0,35.0,0.12
Q2,late7,0.8546618811587747,exp,7.0,1.0,35.0,0.12
Q2,interleaved_offset1,0.6548346102441439,exp,7.0,1.0,56.0,0.0
Q2,interleaved_offset2,0.5549318351657012,exp,7.0,1.0,56.0,0.0
Q2,late7,0.9977551183840155,exp,7.0,1.0,56.0,0.0
Q2,interleaved_offset1,0.6529102193268412,exp,7.0,1.0,56.0,0.03
Q2,interleaved_offset2,0.555990039979014,exp,7.0,1.0,56.0,0.03
Q2,late7,0.9238021782031939,exp,7.0,1.0,56.0,0.03
Q2,interleaved_offset1,0.6508383457940095,exp,7.0,1.0,56.0,0.07
Q2,interleaved_offset2,0.5575700240679394,exp,7.0,1.0,56.0,0.07
Q2,late7,0.8803264771098206,exp,7.0,1.0,56.0,0.07
Q2,interleaved_offset1,0.6489269426411212,exp,7.0,1.0,56.0,0.12
Q2,interleaved_offset2,0.5598002595473162,exp,7.0,1.0,56.0,0.12
Q2,late7,0.8478593110722948,exp,7.0,1.0,56.0,0.12
Q2,interleaved_offset1,0.6548295771996495,exp,7.0,1.0,,0.0
Q2,interleaved_offset2,0.5549400357397656,exp,7.0,1.0,,0.0
Q2,late7,0.9927611683946655,exp,7.0,1.0,,0.0
Q2,interleaved_offset1,0.6529067067899655,exp,7.0,1.0,,0.03
Q2,interleaved_offset2,0.5559988319341191,exp,7.0,1.0,,0.03
Q2,late7,0.9222412870836015,exp,7.0,1.0,,0.03
Q2,interleaved_offset1,0.6508365639236385,exp,7.0,1.0,,0.07
Q2,interleaved_offset2,0.5575794289584629,exp,7.0,1.0,,0.07
Q2,late7,0.8795711468824203,exp,7.0,1.0,,0.07
Q2,interleaved_offset1,0.6489269344225823,exp,7.0,1.0,,0.12
Q2,interleaved_offset2,0.5598102025437718,exp,7.0,1.0,,0.12
Q2,late7,0.8474385874083576,exp,7.0,1.0,,0.12
Q2,interleaved_offset1,0.7876980124898568,exp,10.0,1.0,14.0,0.0
Q2,interleaved_offset2,0.5582920772234433,exp,10.0,1.0,14.0,0.0
Q2,late7,1.6060552801248584,exp,10.0,1.0,14.0,0.0
Q2,interleaved_offset1,0.6912538863651396,exp,10.0,1.0,14.0,0.03
Q2,interleaved_offset2,0.5592195670255271,exp,10.0,1.0,14.0,0.03
Q2,late7,1.0146615920310444,exp,10.0,1.0,14.0,0.03
Q2,interleaved_offset1,0.6773642443137311,exp,10.0,1.0,14.0,0.07
Q2,interleaved_offset2,0.5606150755660662,exp,10.0,1.0,14.0,0.07
Q2,late7,0.9401799849361062,exp,10.0,1.0,14.0,0.07
Q2,interleaved_offset1,0.6684723012117754,exp,10.0,1.0,14.0,0.12
Q2,interleaved_offset2,0.56260431945277,exp,10.0,1.0,14.0,0.12
Q2,late7,0.89167638129439,exp,10.0,1.0,14.0,0.12
Q2,interleaved_offset1,0.6604636087246581,exp,10.0,1.0,21.0,0.0
Q2,interleaved_offset2,0.5636445739725057,exp,10.0,1.0,21.0,0.0
Q2,late7,1.4272547894386205,exp,10.0,1.0,21.0,0.0
Q2,interleaved_offset1,0.6588699632195402,exp,10.0,1.0,21.0,0.03
Q2,interleaved_offset2,0.564557572696506,exp,10.0,1.0,21.0,0.03
Q2,late7,0.9713046262252623,exp,10.0,1.0,21.0,0.03
Q2,interleaved_offset1,0.6571137909717221,exp,10.0,1.0,21.0,0.07
Q2,interleaved_offset2,0.5659311268717863,exp,10.0,1.0,21.0,0.07
Q2,late7,0.9130170162233865,exp,10.0,1.0,21.0,0.07
Q2,interleaved_offset1,0.6554423527108473,exp,10.0,1.0,21.0,0.12
Q2,interleaved_offset2,0.5678849070295586,exp,10.0,1.0,21.0,0.12
Q2,late7,0.8738276970024029,exp,10.0,1.0,21.0,0.12
Q2,interleaved_offset1,0.6568402520421496,exp,10.0,1.0,35.0,0.0
Q2,interleaved_offset2,0.5638635973876212,exp,10.0,1.0,35.0,0.0
Q2,late7,1.1212084156625857,exp,10.0,1.0,35.0,0.0
Q2,interleaved_offset1,0.6558960875238817,exp,10.0,1.0,35.0,0.03
Q2,interleaved_offset2,0.5650366324628129,exp,10.0,1.0,35.0,0.03
Q2,late7,0.9362767755910101,exp,10.0,1.0,35.0,0.03
Q2,interleaved_offset1,0.6548831317708764,exp,10.0,1.0,35.0,0.07
Q2,interleaved_offset2,0.566716653572716,exp,10.0,1.0,35.0,0.07
Q2,late7,0.8924888300563468,exp,10.0,1.0,35.0,0.07
Q2,interleaved_offset1,0.6539839745071695,exp,10.0,1.0,35.0,0.12
Q2,interleaved_offset2,0.5689959063535713,exp,10.0,1.0,35.0,0.12
Q2,late7,0.8596537155995654,exp,10.0,1.0,35.0,0.12
Q2,interleaved_offset1,0.6546002012000499,exp,10.0,1.0,56.0,0.0
Q2,interleaved_offset2,0.5634195877885723,exp,10.0,1.0,56.0,0.0
Q2,late7,0.9260188673225819,exp,10.0,1.0,56.0,0.0
Q2,interleaved_offset1,0.6538762218352939,exp,10.0,1.0,56.0,0.03
Q2,interleaved_offset2,0.5646759560997654,exp,10.0,1.0,56.0,0.03
Q2,late7,0.8912973722756539,exp,10.0,1.0,56.0,0.03
Q2,interleaved_offset1,0.6531272582974538,exp,10.0,1.0,56.0,0.07
Q2,interleaved_offset2,0.5664561906996031,exp,10.0,1.0,56.0,0.07
Q2,late7,0.8617131102216091,exp,10.0,1.0,56.0,0.07
Q2,interleaved_offset1,0.652518104082982,exp,10.0,1.0,56.0,0.12
Q2,interleaved_offset2,0.5688450176751906,exp,10.0,1.0,56.0,0.12
Q2,late7,0.8361967798128406,exp,10.0,1.0,56.0,0.12
Q2,interleaved_offset1,0.6545601316951052,exp,10.0,1.0,,0.0
Q2,interleaved_offset2,0.5635358595294455,exp,10.0,1.0,,0.0
Q2,late7,0.9119813038960718,exp,10.0,1.0,,0.0
Q2,interleaved_offset1,0.6538484615190783,exp,10.0,1.0,,0.03
Q2,interleaved_offset2,0.5647938900744318,exp,10.0,1.0,,0.03
Q2,late7,0.8830339085347034,exp,10.0,1.0,,0.03
Q2,interleaved_offset1,0.6531138561048686,exp,10.0,1.0,,0.07
Q2,interleaved_offset2,0.5665755412174508,exp,10.0,1.0,,0.07
Q2,late7,0.856644285542518,exp,10.0,1.0,,0.07
Q2,interleaved_offset1,0.6525198243464108,exp,10.0,1.0,,0.12
Q2,interleaved_offset2,0.5689650080450867,exp,10.0,1.0,,0.12
Q2,late7,0.8329995203724433,exp,10.0,1.0,,0.12
Q2,interleaved_offset1,0.7939965318684049,exp,14.0,1.0,14.0,0.0
Q2,interleaved_offset2,0.5643966303703556,exp,14.0,1.0,14.0,0.0
Q2,late7,1.6184664991552333,exp,14.0,1.0,14.0,0.0
Q2,interleaved_offset1,0.6975626078720709,exp,14.0,1.0,14.0,0.03
Q2,interleaved_offset2,0.5652201141782816,exp,14.0,1.0,14.0,0.03
Q2,late7,1.0263182442386591,exp,14.0,1.0,14.0,0.03
Q2,interleaved_offset1,0.6836355211684898,exp,14.0,1.0,14.0,0.07
Q2,interleaved_offset2,0.5664684997315426,exp,14.0,1.0,14.0,0.07
Q2,late7,0.9508935671131328,exp,14.0,1.0,14.0,0.07
Q2,interleaved_offset1,0.6746373181362719,exp,14.0,1.0,14.0,0.12
Q2,interleaved_offset2,0.5682615555470033,exp,14.0,1.0,14.0,0.12
Q2,late7,0.901303024635176,exp,14.0,1.0,14.0,0.12
Q2,interleaved_offset1,0.6651220510567987,exp,14.0,1.0,21.0,0.0
Q2,interleaved_offset2,0.5710516523505886,exp,14.0,1.0,21.0,0.0
Q2,late7,1.4398848630360854,exp,14.0,1.0,21.0,0.0
Q2,interleaved_offset1,0.6637306367530769,exp,14.0,1.0,21.0,0.03
Q2,interleaved_offset2,0.5718972821090409,exp,14.0,1.0,21.0,0.03
Q2,late7,0.9832999172813598,exp,14.0,1.0,21.0,0.03
Q2,interleaved_offset1,0.6621861748983496,exp,14.0,1.0,21.0,0.07
Q2,interleaved_offset2,0.5731622312897647,exp,14.0,1.0,21.0,0.07
Q2,late7,0.9242064713181439,exp,14.0,1.0,21.0,0.07
Q2,interleaved_offset1,0.6606980982416314,exp,14.0,1.0,21.0,0.12
Q2,interleaved_offset2,0.5749527792358838,exp,14.0,1.0,21.0,0.12
Q2,late7,0.884069426849662,exp,14.0,1.0,21.0,0.12
Q2,interleaved_offset1,0.6621950481919489,exp,14.0,1.0,35.0,0.0
Q2,interleaved_offset2,0.5727398308672429,exp,14.0,1.0,35.0,0.0
Q2,late7,1.1004124745776993,exp,14.0,1.0,35.0,0.0
Q2,interleaved_offset1,0.6615085495225755,exp,14.0,1.0,35.0,0.03
Q2,interleaved_offset2,0.5738960281102367,exp,14.0,1.0,35.0,0.03
Q2,late7,0.926791321406052,exp,14.0,1.0,35.0,0.03
Q2,interleaved_offset1,0.6607736702732876,exp,14.0,1.0,35.0,0.07
Q2,interleaved_offset2,0.575522514676783,exp,14.0,1.0,35.0,0.07
Q2,late7,0.8880606553439304,exp,14.0,1.0,35.0,0.07
Q2,interleaved_offset1,0.6601291952997097,exp,14.0,1.0,35.0,0.12
Q2,interleaved_offset2,0.5776886167417139,exp,14.0,1.0,35.0,0.12
Q2,late7,0.857811661303505,exp,14.0,1.0,35.0,0.12
Q2,interleaved_offset1,0.65740765511775,exp,14.0,1.0,56.0,0.0
Q2,interleaved_offset2,0.5726074926446358,exp,14.0,1.0,56.0,0.0
Q2,late7,0.8651561910837703,exp,14.0,1.0,56.0,0.0
Q2,interleaved_offset1,0.6571429736603127,exp,14.0,1.0,56.0,0.03
Q2,interleaved_offset2,0.5738993595690078,exp,14.0,1.0,56.0,0.03
Q2,late7,0.847085351895672,exp,14.0,1.0,56.0,0.03
Q2,interleaved_offset1,0.6569279179615364,exp,14.0,1.0,56.0,0.07
Q2,interleaved_offset2,0.5756896010913525,exp,14.0,1.0,56.0,0.07
Q2,late7,0.828552239124609,exp,14.0,1.0,56.0,0.07
Q2,interleaved_offset1,0.656871795459672,exp,14.0,1.0,56.0,0.12
Q2,interleaved_offset2,0.5780346735438092,exp,14.0,1.0,56.0,0.12
Q2,late7,0.8106811638783948,exp,14.0,1.0,56.0,0.12
Q2,interleaved_offset1,0.6572346812024623,exp,14.0,1.0,,0.0
Q2,interleaved_offset2,0.5731975294546696,exp,14.0,1.0,,0.0
Q2,late7,0.8411955501677576,exp,14.0,1.0,,0.0
Q2,interleaved_offset1,0.6570214233900354,exp,14.0,1.0,,0.03
Q2,interleaved_offset2,0.5744872192491622,exp,14.0,1.0,,0.03
Q2,late7,0.8289607049837612,exp,14.0,1.0,,0.03
Q2,interleaved_offset1,0.6568669289497538,exp,14.0,1.0,,0.07
Q2,interleaved_offset2,0.5762726834135395,exp,14.0,1.0,,0.07
Q2,late7,0.8153317768647476,exp,14.0,1.0,,0.07
Q2,interleaved_offset1,0.6568751941500595,exp,14.0,1.0,,0.12
Q2,interleaved_offset2,0.5786089674637493,exp,14.0,1.0,,0.12
Q2,late7,0.8012814283211616,exp,14.0,1.0,,0.12
Q2,interleaved_offset1,0.8003998056073737,exp,21.0,1.0,14.0,0.0
Q2,interleaved_offset2,0.5705953264495665,exp,21.0,1.0,14.0,0.0
Q2,late7,1.6299775347892949,exp,21.0,1.0,14.0,0.0
Q2,interleaved_offset1,0.7038834365926612,exp,21.0,1.0,14.0,0.03
Q2,interleaved_offset2,0.5712533688311432,exp,21.0,1.0,14.0,0.03
Q2,late7,1.0370824800527823,exp,21.0,1.0,14.0,0.03
Q2,interleaved_offset1,0.689821071543284,exp,21.0,1.0,14.0,0.07
Q2,interleaved_offset2,0.5722834417685537,exp,21.0,1.0,14.0,0.07
Q2,late7,0.9607312113679072,exp,21.0,1.0,14.0,0.07
Q2,interleaved_offset1,0.6806236570465483,exp,21.0,1.0,14.0,0.12
Q2,interleaved_offset2,0.5738059800032073,exp,21.0,1.0,14.0,0.12
Q2,late7,0.9100821347282366,exp,21.0,1.0,14.0,0.12
Q2,interleaved_offset1,0.6715089305622376,exp,21.0,1.0,21.0,0.0
Q2,interleaved_offset2,0.5786284853619219,exp,21.0,1.0,21.0,0.0
Q2,late7,1.451725254215909,exp,21.0,1.0,21.0,0.0
Q2,interleaved_offset1,0.6700353368895885,exp,21.0,1.0,21.0,0.03
Q2,interleaved_offset2,0.5793514813821263,exp,21.0,1.0,21.0,0.03
Q2,late7,0.9944795579443116,exp,21.0,1.0,21.0,0.03
Q2,interleaved_offset1,0.6683819494772402,exp,21.0,1.0,21.0,0.07
Q2,interleaved_offset2,0.5804415173733656,exp,21.0,1.0,21.0,0.07
Q2,late7,0.9345587584139063,exp,21.0,1.0,21.0,0.07
Q2,interleaved_offset1,0.6667511698179549,exp,21.0,1.0,21.0,0.12
Q2,interleaved_offset2,0.5819962828109929,exp,21.0,1.0,21.0,0.12
Q2,late7,0.8934643179774222,exp,21.0,1.0,21.0,0.12
Q2,interleaved_offset1,0.66980217108533,exp,21.0,1.0,35.0,0.0
Q2,interleaved_offset2,0.5828471614007057,exp,21.0,1.0,35.0,0.0
Q2,late7,1.0791603078556058,exp,21.0,1.0,35.0,0.0
Q2,interleaved_offset1,0.6690857225683648,exp,21.0,1.0,35.0,0.03
Q2,interleaved_offset2,0.5838740546499487,exp,21.0,1.0,35.0,0.03
Q2,late7,0.9123258779932963,exp,21.0,1.0,35.0,0.03
Q2,interleaved_offset1,0.6682919515443774,exp,21.0,1.0,35.0,0.07
Q2,interleaved_offset2,0.5853080103812515,exp,21.0,1.0,35.0,0.07
Q2,late7,0.8779363907354725,exp,21.0,1.0,35.0,0.07
Q2,interleaved_offset1,0.667543395484681,exp,21.0,1.0,35.0,0.12
Q2,interleaved_offset2,0.5872028256386075,exp,21.0,1.0,35.0,0.12
Q2,late7,0.8505187351839483,exp,21.0,1.0,35.0,0.12
Q2,interleaved_offset1,0.6614310901896207,exp,21.0,1.0,56.0,0.0
Q2,interleaved_offset2,0.5839976281501044,exp,21.0,1.0,56.0,0.0
Q2,late7,0.8088695796972897,exp,21.0,1.0,56.0,0.0
Q2,interleaved_offset1,0.6614428157006802,exp,21.0,1.0,56.0,0.03
Q2,interleaved_offset2,0.5852094124925683,exp,21.0,1.0,56.0,0.03
Q2,late7,0.7996160069442282,exp,21.0,1.0,56.0,0.03
Q2,interleaved_offset1,0.6615521236650411,exp,21.0,1.0,56.0,0.07
Q2,interleaved_offset2,0.5868648979410779,exp,21.0,1.0,56.0,0.07
Q2,late7,0.7891307584452457,exp,21.0,1.0,56.0,0.07
Q2,interleaved_offset1,0.6618330509834184,exp,21.0,1.0,56.0,0.12
Q2,interleaved_offset2,0.5889979714899468,exp,21.0,1.0,56.0,0.12
Q2,late7,0.778201988272783,exp,21.0,1.0,56.0,0.12
Q2,interleaved_offset1,0.6611095180425223,exp,21.0,1.0,,0.0
Q2,interleaved_offset2,0.5860228392810427,exp,21.0,1.0,,0.0
Q2,late7,0.7776192540305021,exp,21.0,1.0,,0.0
Q2,interleaved_offset1,0.6612594987208107,exp,21.0,1.0,,0.03
Q2,interleaved_offset2,0.5872081286877217,exp,21.0,1.0,,0.03
Q2,late7,0.7731140060434398,exp,21.0,1.0,,0.03
Q2,interleaved_offset1,0.6615319804124171,exp,21.0,1.0,,0.07
Q2,interleaved_offset2,0.5888249677361425,exp,21.0,1.0,,0.07
Q2,late7,0.7676029257473445,exp,21.0,1.0,,0.07
Q2,interleaved_offset1,0.6619864801911485,exp,21.0,1.0,,0.12
Q2,interleaved_offset2,0.5909044954753684,exp,21.0,1.0,,0.12
Q2,late7,0.7613984749319364,exp,21.0,1.0,,0.12
Q2,interleaved_offset1,0.8039921229979847,exp,28.0,1.0,14.0,0.0
Q2,interleaved_offset2,0.5740872514398686,exp,28.0,1.0,14.0,0.0
Q2,late7,1.6361284272216043,exp,28.0,1.0,14.0,0.0
Q2,interleaved_offset1,0.7074034457279667,exp,28.0,1.0,14.0,0.03
Q2,interleaved_offset2,0.5746336486908028,exp,28.0,1.0,14.0,0.03
Q2,late7,1.0428169782573151,exp,28.0,1.0,14.0,0.03
Q2,interleaved_offset1,0.6932373122322834,exp,28.0,1.0,14.0,0.07
Q2,interleaved_offset2,0.5755195581948921,exp,28.0,1.0,14.0,0.07
Q2,late7,0.9659518406060574,exp,28.0,1.0,14.0,0.07
Q2,interleaved_offset1,0.6839014746799987,exp,28.0,1.0,14.0,0.12
Q2,interleaved_offset2,0.5768678636781162,exp,28.0,1.0,14.0,0.12
Q2,late7,0.914719490648551,exp,28.0,1.0,14.0,0.12
Q2,interleaved_offset1,0.6756132102094632,exp,28.0,1.0,21.0,0.0
Q2,interleaved_offset2,0.5829440130420646,exp,28.0,1.0,21.0,0.0
Q2,late7,1.4580779573287326,exp,28.0,1.0,21.0,0.0
Q2,interleaved_offset1,0.6740153249781574,exp,28.0,1.0,21.0,0.03
Q2,interleaved_offset2,0.5835805654098709,exp,28.0,1.0,21.0,0.03
Q2,late7,1.0004564898261774,exp,28.0,1.0,21.0,0.03
Q2,interleaved_offset1,0.6722107611798376,exp,28.0,1.0,21.0,0.07
Q2,interleaved_offset2,0.5845509454251643,exp,28.0,1.0,21.0,0.07
Q2,late7,0.940068578785673,exp,28.0,1.0,21.0,0.07
Q2,interleaved_offset1,0.6704057118364266,exp,28.0,1.0,21.0,0.12
Q2,interleaved_offset2,0.5859494243738301,exp,28.0,1.0,21.0,0.12
Q2,late7,0.89843835704099,exp,28.0,1.0,21.0,0.12
Q2,interleaved_offset1,0.6746873097976134,exp,28.0,1.0,35.0,0.0
Q2,interleaved_offset2,0.5890279037048233,exp,28.0,1.0,35.0,0.0
Q2,late7,1.066889363822489,exp,28.0,1.0,35.0,0.0
Q2,interleaved_offset1,0.6738739334231173,exp,28.0,1.0,35.0,0.03
Q2,interleaved_offset2,0.5899359427716485,exp,28.0,1.0,35.0,0.03
Q2,late7,0.9027226970114639,exp,28.0,1.0,35.0,0.03
Q2,interleaved_offset1,0.6729515284615609,exp,28.0,1.0,35.0,0.07
Q2,interleaved_offset2,0.5912041210922759,exp,28.0,1.0,35.0,0.07
Q2,late7,0.870415936573162,exp,28.0,1.0,35.0,0.07
Q2,interleaved_offset1,0.6720404574631411,exp,28.0,1.0,35.0,0.12
Q2,interleaved_offset2,0.5928804455932181,exp,28.0,1.0,35.0,0.12
Q2,late7,0.844572824094837,exp,28.0,1.0,35.0,0.12
Q2,interleaved_offset1,0.6642307059826522,exp,28.0,1.0,56.0,0.0
Q2,interleaved_offset2,0.5916470942588216,exp,28.0,1.0,56.0,0.0
Q2,late7,0.7823436742851474,exp,28.0,1.0,56.0,0.0
Q2,interleaved_offset1,0.6643519832109459,exp,28.0,1.0,56.0,0.03
Q2,interleaved_offset2,0.5927528155982548,exp,28.0,1.0,56.0,0.03
Q2,late7,0.7760736989435596,exp,28.0,1.0,56.0,0.03
Q2,interleaved_offset1,0.6645865726453498,exp,28.0,1.0,56.0,0.07
Q2,interleaved_offset2,0.5942545865690132,exp,28.0,1.0,56.0,0.07
Q2,late7,0.7687325402647451,exp,28.0,1.0,56.0,0.07
Q2,interleaved_offset1,0.6649917423669319,exp,28.0,1.0,56.0,0.12
Q2,interleaved_offset2,0.5961760257127983,exp,28.0,1.0,56.0,0.12
Q2,late7,0.7608532146024889,exp,28.0,1.0,56.0,0.12
Q2,interleaved_offset1,0.6641993595436341,exp,28.0,1.0,,0.0
Q2,interleaved_offset2,0.5951564706526138,exp,28.0,1.0,,0.0
Q2,late7,0.7500577548636129,exp,28.0,1.0,,0.0
Q2,interleaved_offset1,0.6645035137676913,exp,28.0,1.0,,0.03
Q2,interleaved_offset2,0.5962046744728562,exp,28.0,1.0,,0.03
Q2,late7,0.7477853354969484,exp,28.0,1.0,,0.03
Q2,interleaved_offset1,0.6649537811075995,exp,28.0,1.0,,0.07
Q2,interleaved_offset2,0.597625495104865,exp,28.0,1.0,,0.07
Q2,late7,0.7449342523809178,exp,28.0,1.0,,0.07
Q2,interleaved_offset1,0.6655875050430701,exp,28.0,1.0,,0.12
Q2,interleaved_offset2,0.5994389027040525,exp,28.0,1.0,,0.12
Q2,late7,0.7416346939898174,exp,28.0,1.0,,0.12
Q2,interleaved_offset1,0.7796507907529001,gaussian,5.0,1.0,14.0,0.0
Q2,interleaved_offset2,0.5525113096053551,gaussian,5.0,1.0,14.0,0.0
Q2,late7,1.5929769305491603,gaussian,5.0,1.0,14.0,0.0
Q2,interleaved_offset1,0.6810437449342858,gaussian,5.0,1.0,14.0,0.03
Q2,interleaved_offset2,0.5526159975452126,gaussian,5.0,1.0,14.0,0.03
Q2,late7,1.0016099137878904,gaussian,5.0,1.0,14.0,0.03
Q2,interleaved_offset1,0.6653905520393325,gaussian,5.0,1.0,14.0,0.07
Q2,interleaved_offset2,0.5531590657640453,gaussian,5.0,1.0,14.0,0.07
Q2,late7,0.9272609922464689,gaussian,5.0,1.0,14.0,0.07
Q2,interleaved_offset1,0.6552191551703075,gaussian,5.0,1.0,14.0,0.12
Q2,interleaved_offset2,0.5543728073530646,gaussian,5.0,1.0,14.0,0.12
Q2,late7,0.8790481116131627,gaussian,5.0,1.0,14.0,0.12
Q2,interleaved_offset1,0.7229271370564002,gaussian,5.0,1.0,21.0,0.0
Q2,interleaved_offset2,0.5532041663746654,gaussian,5.0,1.0,21.0,0.0
Q2,late7,1.4708236886679464,gaussian,5.0,1.0,21.0,0.0
Q2,interleaved_offset1,0.679211182752625,gaussian,5.0,1.0,21.0,0.03
Q2,interleaved_offset2,0.553267323910125,gaussian,5.0,1.0,21.0,0.03
Q2,late7,0.9888555965411558,gaussian,5.0,1.0,21.0,0.03
Q2,interleaved_offset1,0.6645523394623745,gaussian,5.0,1.0,21.0,0.07
Q2,interleaved_offset2,0.5537610412112545,gaussian,5.0,1.0,21.0,0.07
Q2,late7,0.9183708770491675,gaussian,5.0,1.0,21.0,0.07
Q2,interleaved_offset1,0.6547891724005579,gaussian,5.0,1.0,21.0,0.12
Q2,interleaved_offset2,0.5549211874550564,gaussian,5.0,1.0,21.0,0.12
Q2,late7,0.8717585271074523,gaussian,5.0,1.0,21.0,0.12
Q2,interleaved_offset1,0.7229230782631076,gaussian,5.0,1.0,35.0,0.0
Q2,interleaved_offset2,0.5532040027369849,gaussian,5.0,1.0,35.0,0.0
Q2,late7,1.470750110086754,gaussian,5.0,1.0,35.0,0.0
Q2,interleaved_offset1,0.6792102856489544,gaussian,5.0,1.0,35.0,0.03
Q2,interleaved_offset2,0.5532672924634521,gaussian,5.0,1.0,35.0,0.03
Q2,late7,0.9888337655685746,gaussian,5.0,1.0,35.0,0.03
Q2,interleaved_offset1,0.6645519299315529,gaussian,5.0,1.0,35.0,0.07
Q2,interleaved_offset2,0.5537610756808405,gaussian,5.0,1.0,35.0,0.07
Q2,late7,0.9183587552468279,gaussian,5.0,1.0,35.0,0.07
Q2,interleaved_offset1,0.6547890670045133,gaussian,5.0,1.0,35.0,0.12
Q2,interleaved_offset2,0.5549212962662053,gaussian,5.0,1.0,35.0,0.12
Q2,late7,0.8717503993782563,gaussian,5.0,1.0,35.0,0.12
Q2,interleaved_offset1,0.7229230782631076,gaussian,5.0,1.0,56.0,0.0
Q2,interleaved_offset2,0.5532040027369849,gaussian,5.0,1.0,56.0,0.0
Q2,late7,1.470750110086754,gaussian,5.0,1.0,56.0,0.0
Q2,interleaved_offset1,0.6792102856489542,gaussian,5.0,1.0,56.0,0.03
Q2,interleaved_offset2,0.5532672924634521,gaussian,5.0,1.0,56.0,0.03
Q2,late7,0.9888337655685746,gaussian,5.0,1.0,56.0,0.03
Q2,interleaved_offset1,0.6645519299315529,gaussian,5.0,1.0,56.0,0.07
Q2,interleaved_offset2,0.5537610756808407,gaussian,5.0,1.0,56.0,0.07
Q2,late7,0.9183587552468279,gaussian,5.0,1.0,56.0,0.07
Q2,interleaved_offset1,0.6547890670045133,gaussian,5.0,1.0,56.0,0.12
Q2,interleaved_offset2,0.5549212962662052,gaussian,5.0,1.0,56.0,0.12
Q2,late7,0.8717503993782563,gaussian,5.0,1.0,56.0,0.12
Q2,interleaved_offset1,0.7229230782631076,gaussian,5.0,1.0,,0.0
Q2,interleaved_offset2,0.5532040027369849,gaussian,5.0,1.0,,0.0
Q2,late7,1.470750110086754,gaussian,5.0,1.0,,0.0
Q2,interleaved_offset1,0.6792102856489542,gaussian,5.0,1.0,,0.03
Q2,interleaved_offset2,0.5532672924634521,gaussian,5.0,1.0,,0.03
Q2,late7,0.9888337655685746,gaussian,5.0,1.0,,0.03
Q2,interleaved_offset1,0.6645519299315529,gaussian,5.0,1.0,,0.07
Q2,interleaved_offset2,0.5537610756808407,gaussian,5.0,1.0,,0.07
Q2,late7,0.9183587552468279,gaussian,5.0,1.0,,0.07
Q2,interleaved_offset1,0.6547890670045133,gaussian,5.0,1.0,,0.12
Q2,interleaved_offset2,0.5549212962662053,gaussian,5.0,1.0,,0.12
Q2,late7,0.8717503993782564,gaussian,5.0,1.0,,0.12
Q2,interleaved_offset1,0.7854022534634095,gaussian,7.0,1.0,14.0,0.0
Q2,interleaved_offset2,0.5583459495831539,gaussian,7.0,1.0,14.0,0.0
Q2,late7,1.601944983674255,gaussian,7.0,1.0,14.0,0.0
Q2,interleaved_offset1,0.6887238312400762,gaussian,7.0,1.0,14.0,0.03
Q2,interleaved_offset2,0.5591207835130992,gaussian,7.0,1.0,14.0,0.03
Q2,late7,1.010957089389181,gaussian,7.0,1.0,14.0,0.03
Q2,interleaved_offset1,0.6746236493315169,gaussian,7.0,1.0,14.0,0.07
Q2,interleaved_offset2,0.5603394869088703,gaussian,7.0,1.0,14.0,0.07
Q2,late7,0.9369625468391638,gaussian,7.0,1.0,14.0,0.07
Q2,interleaved_offset1,0.6655754117632493,gaussian,7.0,1.0,14.0,0.12
Q2,interleaved_offset2,0.5621434698685228,gaussian,7.0,1.0,14.0,0.12
Q2,late7,0.8889904922574089,gaussian,7.0,1.0,14.0,0.12
Q2,interleaved_offset1,0.6794073701286858,gaussian,7.0,1.0,21.0,0.0
Q2,interleaved_offset2,0.5601371470125124,gaussian,7.0,1.0,21.0,0.0
Q2,late7,1.4384634210783955,gaussian,7.0,1.0,21.0,0.0
Q2,interleaved_offset1,0.6723075288483535,gaussian,7.0,1.0,21.0,0.03
Q2,interleaved_offset2,0.5608772538071483,gaussian,7.0,1.0,21.0,0.03
Q2,late7,0.9794533621153321,gaussian,7.0,1.0,21.0,0.03
Q2,interleaved_offset1,0.6659704474095283,gaussian,7.0,1.0,21.0,0.07
Q2,interleaved_offset2,0.562054610873164,gaussian,7.0,1.0,21.0,0.07
Q2,late7,0.9182969978191436,gaussian,7.0,1.0,21.0,0.07
Q2,interleaved_offset1,0.6606100833028886,gaussian,7.0,1.0,21.0,0.12
Q2,interleaved_offset2,0.5638125852902783,gaussian,7.0,1.0,21.0,0.12
Q2,late7,0.8766841227682002,gaussian,7.0,1.0,21.0,0.12
Q2,interleaved_offset1,0.6792434408636396,gaussian,7.0,1.0,35.0,0.0
Q2,interleaved_offset2,0.5601378549305712,gaussian,7.0,1.0,35.0,0.0
Q2,late7,1.4293108958835383,gaussian,7.0,1.0,35.0,0.0
Q2,interleaved_offset1,0.672188714874882,gaussian,7.0,1.0,35.0,0.03
Q2,interleaved_offset2,0.5608835506045655,gaussian,7.0,1.0,35.0,0.03
Q2,late7,0.9789466703564491,gaussian,7.0,1.0,35.0,0.03
Q2,interleaved_offset1,0.6658928794679527,gaussian,7.0,1.0,35.0,0.07
Q2,interleaved_offset2,0.562067521777423,gaussian,7.0,1.0,35.0,0.07
Q2,late7,0.9179629917895041,gaussian,7.0,1.0,35.0,0.07
Q2,interleaved_offset1,0.6605677994768566,gaussian,7.0,1.0,35.0,0.12
Q2,interleaved_offset2,0.5638329199834058,gaussian,7.0,1.0,35.0,0.12
Q2,late7,0.8764753708328118,gaussian,7.0,1.0,35.0,0.12
Q2,interleaved_offset1,0.6792433972873143,gaussian,7.0,1.0,56.0,0.0
Q2,interleaved_offset2,0.5601378126454254,gaussian,7.0,1.0,56.0,0.0
Q2,late7,1.4293106488683052,gaussian,7.0,1.0,56.0,0.0
Q2,interleaved_offset1,0.6721886801591275,gaussian,7.0,1.0,56.0,0.03
Q2,interleaved_offset2,0.5608835123366925,gaussian,7.0,1.0,56.0,0.03
Q2,late7,0.9789441385912219,gaussian,7.0,1.0,56.0,0.03
Q2,interleaved_offset1,0.6658928497475481,gaussian,7.0,1.0,56.0,0.07
Q2,interleaved_offset2,0.5620674883008548,gaussian,7.0,1.0,56.0,0.07
Q2,late7,0.917961818918526,gaussian,7.0,1.0,56.0,0.07
Q2,interleaved_offset1,0.6605677749737869,gaussian,7.0,1.0,56.0,0.12
Q2,interleaved_offset2,0.5638328917221279,gaussian,7.0,1.0,56.0,0.12
Q2,late7,0.8764746350260842,gaussian,7.0,1.0,56.0,0.12
Q2,interleaved_offset1,0.6792433972873143,gaussian,7.0,1.0,,0.0
Q2,interleaved_offset2,0.5601378126454253,gaussian,7.0,1.0,,0.0
Q2,late7,1.4293106488683052,gaussian,7.0,1.0,,0.0
Q2,interleaved_offset1,0.6721886801591275,gaussian,7.0,1.0,,0.03
Q2,interleaved_offset2,0.5608835123366925,gaussian,7.0,1.0,,0.03
Q2,late7,0.9789441385912219,gaussian,7.0,1.0,,0.03
Q2,interleaved_offset1,0.6658928497475481,gaussian,7.0,1.0,,0.07
Q2,interleaved_offset2,0.5620674883008548,gaussian,7.0,1.0,,0.07
Q2,late7,0.917961818918526,gaussian,7.0,1.0,,0.07
Q2,interleaved_offset1,0.6605677749737869,gaussian,7.0,1.0,,0.12
Q2,interleaved_offset2,0.5638328917221279,gaussian,7.0,1.0,,0.12
Q2,late7,0.8764746350260842,gaussian,7.0,1.0,,0.12
Q2,interleaved_offset1,0.7970324610025871,gaussian,10.0,1.0,14.0,0.0
Q2,interleaved_offset2,0.5684616389616752,gaussian,10.0,1.0,14.0,0.0
Q2,late7,1.6229785653525168,gaussian,10.0,1.0,14.0,0.0
Q2,interleaved_offset1,0.7005259860207842,gaussian,10.0,1.0,14.0,0.03
Q2,interleaved_offset2,0.5691344633661707,gaussian,10.0,1.0,14.0,0.03
Q2,late7,1.030686092065707,gaussian,10.0,1.0,14.0,0.03
Q2,interleaved_offset1,0.6864974183422305,gaussian,10.0,1.0,14.0,0.07
Q2,interleaved_offset2,0.5701886589456743,gaussian,10.0,1.0,14.0,0.07
Q2,late7,0.9550654402037342,gaussian,10.0,1.0,14.0,0.07
Q2,interleaved_offset1,0.6773668271522404,gaussian,10.0,1.0,14.0,0.12
Q2,interleaved_offset2,0.5717480874411116,gaussian,10.0,1.0,14.0,0.12
Q2,late7,0.9052262862509484,gaussian,10.0,1.0,14.0,0.12
Q2,interleaved_offset1,0.6712844254111813,gaussian,10.0,1.0,21.0,0.0
Q2,interleaved_offset2,0.5715928697676121,gaussian,10.0,1.0,21.0,0.0
Q2,late7,1.4481322812311426,gaussian,10.0,1.0,21.0,0.0
Q2,interleaved_offset1,0.6693174375196586,gaussian,10.0,1.0,21.0,0.03
Q2,interleaved_offset2,0.5723449949801205,gaussian,10.0,1.0,21.0,0.03
Q2,late7,0.9907722404198295,gaussian,10.0,1.0,21.0,0.03
Q2,interleaved_offset1,0.6670833975176189,gaussian,10.0,1.0,21.0,0.07
Q2,interleaved_offset2,0.5734923794175603,gaussian,10.0,1.0,21.0,0.07
Q2,late7,0.930762238203997,gaussian,10.0,1.0,21.0,0.07
Q2,interleaved_offset1,0.6648408365976529,gaussian,10.0,1.0,21.0,0.12
Q2,interleaved_offset2,0.5751474148869152,gaussian,10.0,1.0,21.0,0.12
Q2,late7,0.8896348460456043,gaussian,10.0,1.0,21.0,0.12
Q2,interleaved_offset1,0.6705211278075621,gaussian,10.0,1.0,35.0,0.0
Q2,interleaved_offset2,0.5716027040418749,gaussian,10.0,1.0,35.0,0.0
Q2,late7,1.2468174129834961,gaussian,10.0,1.0,35.0,0.0
Q2,interleaved_offset1,0.6687468752867735,gaussian,10.0,1.0,35.0,0.03
Q2,interleaved_offset2,0.5724392187796292,gaussian,10.0,1.0,35.0,0.03
Q2,late7,0.9851714871699636,gaussian,10.0,1.0,35.0,0.03
Q2,interleaved_offset1,0.666733127297208,gaussian,10.0,1.0,35.0,0.07
Q2,interleaved_offset2,0.5736874631193725,gaussian,10.0,1.0,35.0,0.07
Q2,late7,0.927626873024701,gaussian,10.0,1.0,35.0,0.07
Q2,interleaved_offset1,0.6647180077404167,gaussian,10.0,1.0,35.0,0.12
Q2,interleaved_offset2,0.5754517548058041,gaussian,10.0,1.0,35.0,0.12
Q2,late7,0.8875609601203808,gaussian,10.0,1.0,35.0,0.12
Q2,interleaved_offset1,0.6704886574023492,gaussian,10.0,1.0,56.0,0.0
Q2,interleaved_offset2,0.5715836209228803,gaussian,10.0,1.0,56.0,0.0
Q2,late7,1.164688295314613,gaussian,10.0,1.0,56.0,0.0
Q2,interleaved_offset1,0.6687177590454867,gaussian,10.0,1.0,56.0,0.03
Q2,interleaved_offset2,0.5724223709514753,gaussian,10.0,1.0,56.0,0.03
Q2,late7,0.9839854706814305,gaussian,10.0,1.0,56.0,0.03
Q2,interleaved_offset1,0.6667077535724084,gaussian,10.0,1.0,56.0,0.07
Q2,interleaved_offset2,0.5736732662505716,gaussian,10.0,1.0,56.0,0.07
Q2,late7,0.926943161412554,gaussian,10.0,1.0,56.0,0.07
Q2,interleaved_offset1,0.6646966990136971,gaussian,10.0,1.0,56.0,0.12
Q2,interleaved_offset2,0.5754404206638479,gaussian,10.0,1.0,56.0,0.12
Q2,late7,0.8870614180428081,gaussian,10.0,1.0,56.0,0.12
Q2,interleaved_offset1,0.6704886573326096,gaussian,10.0,1.0,,0.0
Q2,interleaved_offset2,0.5715836213856074,gaussian,10.0,1.0,,0.0
Q2,late7,1.1646880240840634,gaussian,10.0,1.0,,0.0
Q2,interleaved_offset1,0.6687177590678157,gaussian,10.0,1.0,,0.03
Q2,interleaved_offset2,0.5724223714336298,gaussian,10.0,1.0,,0.03
Q2,late7,0.9839854457592668,gaussian,10.0,1.0,,0.03
Q2,interleaved_offset1,0.6667077536974061,gaussian,10.0,1.0,,0.07
Q2,interleaved_offset2,0.5736732667537446,gaussian,10.0,1.0,,0.07
Q2,late7,0.9269431503860014,gaussian,10.0,1.0,,0.07
Q2,interleaved_offset1,0.6646966992410315,gaussian,10.0,1.0,,0.12
Q2,interleaved_offset2,0.5754404211862539,gaussian,10.0,1.0,,0.12
Q2,late7,0.8870614118359249,gaussian,10.0,1.0,,0.12
Q2,interleaved_offset1,0.8053200281548117,gaussian,14.0,1.0,14.0,0.0
Q2,interleaved_offset2,0.5759117227574945,gaussian,14.0,1.0,14.0,0.0
Q2,late7,1.6375539375417432,gaussian,14.0,1.0,14.0,0.0
Q2,interleaved_offset1,0.7086884418423427,gaussian,14.0,1.0,14.0,0.03
Q2,interleaved_offset2,0.5763742724397428,gaussian,14.0,1.0,14.0,0.03
Q2,late7,1.04422590043909,gaussian,14.0,1.0,14.0,0.03
Q2,interleaved_offset1,0.6944648230913439,gaussian,14.0,1.0,14.0,0.07
Q2,interleaved_offset2,0.5771543173719501,gaussian,14.0,1.0,14.0,0.07
Q2,late7,0.9673309409373254,gaussian,14.0,1.0,14.0,0.07
Q2,interleaved_offset1,0.6850571770881216,gaussian,14.0,1.0,14.0,0.12
Q2,interleaved_offset2,0.5783783589514923,gaussian,14.0,1.0,14.0,0.12
Q2,late7,0.9160515162764614,gaussian,14.0,1.0,14.0,0.12
Q2,interleaved_offset1,0.6760147500265151,gaussian,14.0,1.0,21.0,0.0
Q2,interleaved_offset2,0.5812944879770245,gaussian,14.0,1.0,21.0,0.0
Q2,late7,1.4605627065919538,gaussian,14.0,1.0,21.0,0.0
Q2,interleaved_offset1,0.6743939638965357,gaussian,14.0,1.0,21.0,0.03
Q2,interleaved_offset2,0.5819258446825499,gaussian,14.0,1.0,21.0,0.03
Q2,late7,1.00270743225212,gaussian,14.0,1.0,21.0,0.03
Q2,interleaved_offset1,0.6725347156092022,gaussian,14.0,1.0,21.0,0.07
Q2,interleaved_offset2,0.5828951159564632,gaussian,14.0,1.0,21.0,0.07
Q2,late7,0.942033298674217,gaussian,14.0,1.0,21.0,0.07
Q2,interleaved_offset1,0.6706407803006602,gaussian,14.0,1.0,21.0,0.12
Q2,interleaved_offset2,0.5843012306148454,gaussian,14.0,1.0,21.0,0.12
Q2,late7,0.9000829540384123,gaussian,14.0,1.0,21.0,0.12
Q2,interleaved_offset1,0.6754215741432652,gaussian,14.0,1.0,35.0,0.0
Q2,interleaved_offset2,0.582291437089127,gaussian,14.0,1.0,35.0,0.0
Q2,late7,1.1590951948297876,gaussian,14.0,1.0,35.0,0.0
Q2,interleaved_offset1,0.6742279822625922,gaussian,14.0,1.0,35.0,0.03
Q2,interleaved_offset2,0.5831656001104089,gaussian,14.0,1.0,35.0,0.03
Q2,late7,0.968482629375218,gaussian,14.0,1.0,35.0,0.03
Q2,interleaved_offset1,0.6728494953824777,gaussian,14.0,1.0,35.0,0.07
Q2,interleaved_offset2,0.5844185860328057,gaussian,14.0,1.0,35.0,0.07
Q2,late7,0.9211833204845733,gaussian,14.0,1.0,35.0,0.07
Q2,interleaved_offset1,0.6714428475048635,gaussian,14.0,1.0,35.0,0.12
Q2,interleaved_offset2,0.5861211731896321,gaussian,14.0,1.0,35.0,0.12
Q2,late7,0.8852110662355148,gaussian,14.0,1.0,35.0,0.12
Q2,interleaved_offset1,0.6744305538722278,gaussian,14.0,1.0,56.0,0.0
Q2,interleaved_offset2,0.5819867484648369,gaussian,14.0,1.0,56.0,0.0
Q2,late7,1.0034270314846294,gaussian,14.0,1.0,56.0,0.0
Q2,interleaved_offset1,0.6733208187454539,gaussian,14.0,1.0,56.0,0.03
Q2,interleaved_offset2,0.5828989018663543,gaussian,14.0,1.0,56.0,0.03
Q2,late7,0.9456935306975222,gaussian,14.0,1.0,56.0,0.03
Q2,interleaved_offset1,0.6720445352473055,gaussian,14.0,1.0,56.0,0.07
Q2,interleaved_offset2,0.5841982018663909,gaussian,14.0,1.0,56.0,0.07
Q2,late7,0.9052478915110822,gaussian,14.0,1.0,56.0,0.07
Q2,interleaved_offset1,0.6707525846906304,gaussian,14.0,1.0,56.0,0.12
Q2,interleaved_offset2,0.5859523427095273,gaussian,14.0,1.0,56.0,0.12
Q2,late7,0.8726020672524119,gaussian,14.0,1.0,56.0,0.12
Q2,interleaved_offset1,0.6744310785760379,gaussian,14.0,1.0,,0.0
Q2,interleaved_offset2,0.5819892547189713,gaussian,14.0,1.0,,0.0
Q2,late7,1.00316553625525,gaussian,14.0,1.0,,0.0
Q2,interleaved_offset1,0.673321602936523,gaussian,14.0,1.0,,0.03
Q2,interleaved_offset2,0.5829014312418882,gaussian,14.0,1.0,,0.03
Q2,late7,0.9455827141688715,gaussian,14.0,1.0,,0.03
Q2,interleaved_offset1,0.6720456097270856,gaussian,14.0,1.0,,0.07
Q2,interleaved_offset2,0.5842007496614677,gaussian,14.0,1.0,,0.07
Q2,late7,0.9051886598490736,gaussian,14.0,1.0,,0.07
Q2,interleaved_offset1,0.6707539475770448,gaussian,14.0,1.0,,0.12
Q2,interleaved_offset2,0.5859548949658009,gaussian,14.0,1.0,,0.12
Q2,late7,0.8725673573075948,gaussian,14.0,1.0,,0.12
Q2,interleaved_offset1,0.8111037300506114,gaussian,21.0,1.0,14.0,0.0
Q2,interleaved_offset2,0.5812650628049847,gaussian,21.0,1.0,14.0,0.0
Q2,late7,1.6474439755283294,gaussian,21.0,1.0,14.0,0.0
Q2,interleaved_offset1,0.7143284041264492,gaussian,21.0,1.0,14.0,0.03
Q2,interleaved_offset2,0.581540331511182,gaussian,21.0,1.0,14.0,0.03
Q2,late7,1.0533737232800457,gaussian,21.0,1.0,14.0,0.03
Q2,interleaved_offset1,0.6999088435265924,gaussian,21.0,1.0,14.0,0.07
Q2,interleaved_offset2,0.5820820625881443,gaussian,21.0,1.0,14.0,0.07
Q2,late7,0.9755726662995127,gaussian,21.0,1.0,14.0,0.07
Q2,interleaved_offset1,0.690251379476082,gaussian,21.0,1.0,14.0,0.12
Q2,interleaved_offset2,0.5830226794424888,gaussian,21.0,1.0,14.0,0.12
Q2,late7,0.9232784793214075,gaussian,21.0,1.0,14.0,0.12
Q2,interleaved_offset1,0.6830589014106195,gaussian,21.0,1.0,21.0,0.0
Q2,interleaved_offset2,0.5895264100329619,gaussian,21.0,1.0,21.0,0.0
Q2,late7,1.4700443616060734,gaussian,21.0,1.0,21.0,0.0
Q2,interleaved_offset1,0.6811959885886194,gaussian,21.0,1.0,21.0,0.03
Q2,interleaved_offset2,0.5899981867015671,gaussian,21.0,1.0,21.0,0.03
Q2,late7,1.0116513794966557,gaussian,21.0,1.0,21.0,0.03
Q2,interleaved_offset1,0.6790593647053413,gaussian,21.0,1.0,21.0,0.07
Q2,interleaved_offset2,0.5907461158000936,gaussian,21.0,1.0,21.0,0.07
Q2,late7,0.9503100062195621,gaussian,21.0,1.0,21.0,0.07
Q2,interleaved_offset1,0.6768646987562204,gaussian,21.0,1.0,21.0,0.12
Q2,interleaved_offset2,0.5918622284901033,gaussian,21.0,1.0,21.0,0.12
Q2,late7,0.9075949024478546,gaussian,21.0,1.0,21.0,0.12
Q2,interleaved_offset1,0.6832617156460369,gaussian,21.0,1.0,35.0,0.0
Q2,interleaved_offset2,0.5945615977926109,gaussian,21.0,1.0,35.0,0.0
Q2,late7,1.0920008662543954,gaussian,21.0,1.0,35.0,0.0
Q2,interleaved_offset1,0.6820693195254081,gaussian,21.0,1.0,35.0,0.03
Q2,interleaved_offset2,0.5953034272756249,gaussian,21.0,1.0,35.0,0.03
Q2,late7,0.9241485766302332,gaussian,21.0,1.0,35.0,0.03
Q2,interleaved_offset1,0.6806732342000723,gaussian,21.0,1.0,35.0,0.07
Q2,interleaved_offset2,0.5963507645685583,gaussian,21.0,1.0,35.0,0.07
Q2,late7,0.8886857869755382,gaussian,21.0,1.0,35.0,0.07
Q2,interleaved_offset1,0.6792111163866499,gaussian,21.0,1.0,35.0,0.12
Q2,interleaved_offset2,0.5977521203347691,gaussian,21.0,1.0,35.0,0.12
Q2,late7,0.8601479960282485,gaussian,21.0,1.0,35.0,0.12
Q2,interleaved_offset1,0.6759982928178183,gaussian,21.0,1.0,56.0,0.0
Q2,interleaved_offset2,0.5940379744670274,gaussian,21.0,1.0,56.0,0.0
Q2,late7,0.8453639161269623,gaussian,21.0,1.0,56.0,0.0
Q2,interleaved_offset1,0.6754049639330817,gaussian,21.0,1.0,56.0,0.03
Q2,interleaved_offset2,0.5949511325934095,gaussian,21.0,1.0,56.0,0.03
Q2,late7,0.8308729099334121,gaussian,21.0,1.0,56.0,0.03
Q2,interleaved_offset1,0.674744370375079,gaussian,21.0,1.0,56.0,0.07
Q2,interleaved_offset2,0.596209037592687,gaussian,21.0,1.0,56.0,0.07
Q2,late7,0.8154009893837432,gaussian,21.0,1.0,56.0,0.07
Q2,interleaved_offset1,0.674113113440457,gaussian,21.0,1.0,56.0,0.12
Q2,interleaved_offset2,0.5978459117864505,gaussian,21.0,1.0,56.0,0.12
Q2,late7,0.8000247871951041,gaussian,21.0,1.0,56.0,0.12
Q2,interleaved_offset1,0.6760226561909769,gaussian,21.0,1.0,,0.0
Q2,interleaved_offset2,0.5943954753068447,gaussian,21.0,1.0,,0.0
Q2,late7,0.8368959286144723,gaussian,21.0,1.0,,0.0
Q2,interleaved_offset1,0.6754617750467496,gaussian,21.0,1.0,,0.03
Q2,interleaved_offset2,0.5953055912033531,gaussian,21.0,1.0,,0.03
Q2,late7,0.8243432342301509,gaussian,21.0,1.0,,0.03
Q2,interleaved_offset1,0.6748378055887906,gaussian,21.0,1.0,,0.07
Q2,interleaved_offset2,0.5965586771950308,gaussian,21.0,1.0,,0.07
Q2,late7,0.8105684370242251,gaussian,21.0,1.0,,0.07
Q2,interleaved_offset1,0.6742433356187904,gaussian,21.0,1.0,,0.12
Q2,interleaved_offset2,0.5981883269517377,gaussian,21.0,1.0,,0.12
Q2,late7,0.7965601672530201,gaussian,21.0,1.0,,0.12
Q2,interleaved_offset1,0.8133169492354574,gaussian,28.0,1.0,14.0,0.0
Q2,interleaved_offset2,0.5833455969255731,gaussian,28.0,1.0,14.0,0.0
Q2,late7,1.651163148493318,gaussian,28.0,1.0,14.0,0.0
Q2,interleaved_offset1,0.7164771540401086,gaussian,28.0,1.0,14.0,0.03
Q2,interleaved_offset2,0.5835417630566477,gaussian,28.0,1.0,14.0,0.03
Q2,late7,1.0568061084758353,gaussian,28.0,1.0,14.0,0.03
Q2,interleaved_offset1,0.7019724098597526,gaussian,28.0,1.0,14.0,0.07
Q2,interleaved_offset2,0.5839837111198735,gaussian,28.0,1.0,14.0,0.07
Q2,late7,0.9786565513637743,gaussian,28.0,1.0,14.0,0.07
Q2,interleaved_offset1,0.6922095525565268,gaussian,28.0,1.0,14.0,0.12
Q2,interleaved_offset2,0.5848068582888036,gaussian,28.0,1.0,14.0,0.12
Q2,late7,0.925974107436448,gaussian,28.0,1.0,14.0,0.12
Q2,interleaved_offset1,0.6865019590471736,gaussian,28.0,1.0,21.0,0.0
Q2,interleaved_offset2,0.593075296398206,gaussian,28.0,1.0,21.0,0.0
Q2,late7,1.473746415270494,gaussian,28.0,1.0,21.0,0.0
Q2,interleaved_offset1,0.6844700101305382,gaussian,28.0,1.0,21.0,0.03
Q2,interleaved_offset2,0.5934651286465249,gaussian,28.0,1.0,21.0,0.03
Q2,late7,1.015127620692282,gaussian,28.0,1.0,21.0,0.03
Q2,interleaved_offset1,0.6821396154925621,gaussian,28.0,1.0,21.0,0.07
Q2,interleaved_offset2,0.5941013982587867,gaussian,28.0,1.0,21.0,0.07
Q2,late7,0.9535088279391872,gaussian,28.0,1.0,21.0,0.07
Q2,interleaved_offset1,0.6797373382447076,gaussian,28.0,1.0,21.0,0.12
Q2,interleaved_offset2,0.5950742049943962,gaussian,28.0,1.0,21.0,0.12
Q2,late7,0.9104796025756104,gaussian,28.0,1.0,21.0,0.12
Q2,interleaved_offset1,0.6871043971848557,gaussian,28.0,1.0,35.0,0.0
Q2,interleaved_offset2,0.6012421725166537,gaussian,28.0,1.0,35.0,0.0
Q2,late7,1.0634922582658146,gaussian,28.0,1.0,35.0,0.0
Q2,interleaved_offset1,0.6858429676673433,gaussian,28.0,1.0,35.0,0.03
Q2,interleaved_offset2,0.6018374861521165,gaussian,28.0,1.0,35.0,0.03
Q2,late7,0.9005601025321898,gaussian,28.0,1.0,35.0,0.03
Q2,interleaved_offset1,0.6843571848340567,gaussian,28.0,1.0,35.0,0.07
Q2,interleaved_offset2,0.602683527923944,gaussian,28.0,1.0,35.0,0.07
Q2,late7,0.8691912263896643,gaussian,28.0,1.0,35.0,0.07
Q2,interleaved_offset1,0.6827822033687087,gaussian,28.0,1.0,35.0,0.12
Q2,interleaved_offset2,0.6038240541110687,gaussian,28.0,1.0,35.0,0.12
Q2,late7,0.8439832130185732,gaussian,28.0,1.0,35.0,0.12
Q2,interleaved_offset1,0.6748266845691184,gaussian,28.0,1.0,56.0,0.0
Q2,interleaved_offset2,0.6025523917036755,gaussian,28.0,1.0,56.0,0.0
Q2,late7,0.7815259963080353,gaussian,28.0,1.0,56.0,0.0
Q2,interleaved_offset1,0.6746298225762093,gaussian,28.0,1.0,56.0,0.03
Q2,interleaved_offset2,0.6033831141933046,gaussian,28.0,1.0,56.0,0.03
Q2,late7,0.775079108118478,gaussian,28.0,1.0,56.0,0.03
Q2,interleaved_offset1,0.6744482427478289,gaussian,28.0,1.0,56.0,0.07
Q2,interleaved_offset2,0.6045133528388047,gaussian,28.0,1.0,56.0,0.07
Q2,late7,0.7675698068387505,gaussian,28.0,1.0,56.0,0.07
Q2,interleaved_offset1,0.6743428238417035,gaussian,28.0,1.0,56.0,0.12
Q2,interleaved_offset2,0.6059625741202551,gaussian,28.0,1.0,56.0,0.12
Q2,late7,0.7595556855521746,gaussian,28.0,1.0,56.0,0.12
Q2,interleaved_offset1,0.6750133054098416,gaussian,28.0,1.0,,0.0
Q2,interleaved_offset2,0.6044860613370895,gaussian,28.0,1.0,,0.0
Q2,late7,0.7614905443032912,gaussian,28.0,1.0,,0.0
Q2,interleaved_offset1,0.6749423921014871,gaussian,28.0,1.0,,0.03
Q2,interleaved_offset2,0.6052880802148458,gaussian,28.0,1.0,,0.03
Q2,late7,0.7577876847472582,gaussian,28.0,1.0,,0.03
Q2,interleaved_offset1,0.6749056751800965,gaussian,28.0,1.0,,0.07
Q2,interleaved_offset2,0.6063774749588613,gaussian,28.0,1.0,,0.07
Q2,late7,0.7532777157414002,gaussian,28.0,1.0,,0.07
Q2,interleaved_offset1,0.6749487632939078,gaussian,28.0,1.0,,0.12
Q2,interleaved_offset2,0.607771491431562,gaussian,28.0,1.0,,0.12
Q2,late7,0.7482336769766497,gaussian,28.0,1.0,,0.12
Q2,interleaved_offset1,0.7826510295633675,inverse,14.0,0.75,14.0,0.0
Q2,interleaved_offset2,0.550558956426269,inverse,14.0,0.75,14.0,0.0
Q2,late7,1.5969291092815825,inverse,14.0,0.75,14.0,0.0
Q2,interleaved_offset1,0.6860989885393134,inverse,14.0,0.75,14.0,0.03
Q2,interleaved_offset2,0.5515599763048716,inverse,14.0,0.75,14.0,0.03
Q2,late7,1.005817819998826,inverse,14.0,0.75,14.0,0.03
Q2,interleaved_offset1,0.6721222909636979,inverse,14.0,0.75,14.0,0.07
Q2,interleaved_offset2,0.5530741663381565,inverse,14.0,0.75,14.0,0.07
Q2,late7,0.9317201570577404,inverse,14.0,0.75,14.0,0.07
Q2,interleaved_offset1,0.663192080051827,inverse,14.0,0.75,14.0,0.12
Q2,interleaved_offset2,0.5552419615893383,inverse,14.0,0.75,14.0,0.12
Q2,late7,0.8837045585708195,inverse,14.0,0.75,14.0,0.12
Q2,interleaved_offset1,0.6547234476954011,inverse,14.0,0.75,21.0,0.0
Q2,interleaved_offset2,0.5592153770654487,inverse,14.0,0.75,21.0,0.0
Q2,late7,1.41744794043632,inverse,14.0,0.75,21.0,0.0
Q2,interleaved_offset1,0.653262954898476,inverse,14.0,0.75,21.0,0.03
Q2,interleaved_offset2,0.5601391935619766,inverse,14.0,0.75,21.0,0.03
Q2,late7,0.9620176707576925,inverse,14.0,0.75,21.0,0.03
Q2,interleaved_offset1,0.6517058728489215,inverse,14.0,0.75,21.0,0.07
Q2,interleaved_offset2,0.5615469789129269,inverse,14.0,0.75,21.0,0.07
Q2,late7,0.9043920872415516,inverse,14.0,0.75,21.0,0.07
Q2,interleaved_offset1,0.6502995920172289,inverse,14.0,0.75,21.0,0.12
Q2,interleaved_offset2,0.5635713822614496,inverse,14.0,0.75,21.0,0.12
Q2,late7,0.8659829391713384,inverse,14.0,0.75,21.0,0.12
Q2,interleaved_offset1,0.6491064709201101,inverse,14.0,0.75,35.0,0.0
Q2,interleaved_offset2,0.5626048606346057,inverse,14.0,0.75,35.0,0.0
Q2,late7,1.0475433970150578,inverse,14.0,0.75,35.0,0.0
Q2,interleaved_offset1,0.6487919512722644,inverse,14.0,0.75,35.0,0.03
Q2,interleaved_offset2,0.5639272493809554,inverse,14.0,0.75,35.0,0.03
Q2,late7,0.8839569965627216,inverse,14.0,0.75,35.0,0.03
Q2,interleaved_offset1,0.6485451590577396,inverse,14.0,0.75,35.0,0.07
Q2,interleaved_offset2,0.565792281855736,inverse,14.0,0.75,35.0,0.07
Q2,late7,0.8526061207468086,inverse,14.0,0.75,35.0,0.07
Q2,interleaved_offset1,0.6485020655730657,inverse,14.0,0.75,35.0,0.12
Q2,interleaved_offset2,0.5682817816070076,inverse,14.0,0.75,35.0,0.12
Q2,late7,0.8280435572259693,inverse,14.0,0.75,35.0,0.12
Q2,interleaved_offset1,0.6402211135447095,inverse,14.0,0.75,56.0,0.0
Q2,interleaved_offset2,0.5655313386609617,inverse,14.0,0.75,56.0,0.0
Q2,late7,0.7645660484986428,inverse,14.0,0.75,56.0,0.0
Q2,interleaved_offset1,0.6407881921034013,inverse,14.0,0.75,56.0,0.03
Q2,interleaved_offset2,0.5671169445046583,inverse,14.0,0.75,56.0,0.03
Q2,late7,0.7596777793672599,inverse,14.0,0.75,56.0,0.03
Q2,interleaved_offset1,0.6416351606809513,inverse,14.0,0.75,56.0,0.07
Q2,interleaved_offset2,0.5692876046005664,inverse,14.0,0.75,56.0,0.07
Q2,late7,0.7539075886453419,inverse,14.0,0.75,56.0,0.07
Q2,interleaved_offset1,0.6428373114162541,inverse,14.0,0.75,56.0,0.12
Q2,interleaved_offset2,0.5720912830477692,inverse,14.0,0.75,56.0,0.12
Q2,late7,0.7476768824664286,inverse,14.0,0.75,56.0,0.12
Q2,interleaved_offset1,0.6410158431558736,inverse,14.0,0.75,,0.0
Q2,interleaved_offset2,0.5704121631868999,inverse,14.0,0.75,,0.0
Q2,late7,0.728837351717905,inverse,14.0,0.75,,0.0
Q2,interleaved_offset1,0.641714905416759,inverse,14.0,0.75,,0.03
Q2,interleaved_offset2,0.5719321808979692,inverse,14.0,0.75,,0.03
Q2,late7,0.7279526039957073,inverse,14.0,0.75,,0.03
Q2,interleaved_offset1,0.6427189997261087,inverse,14.0,0.75,,0.07
Q2,interleaved_offset2,0.5740070239081384,inverse,14.0,0.75,,0.07
Q2,late7,0.7268274138941908,inverse,14.0,0.75,,0.07
Q2,interleaved_offset1,0.6440887743856072,inverse,14.0,0.75,,0.12
Q2,interleaved_offset2,0.5766779099235696,inverse,14.0,0.75,,0.12
Q2,late7,0.7255052310550082,inverse,14.0,0.75,,0.12
Q2,interleaved_offset1,0.7790792499775171,inverse,14.0,1.0,14.0,0.0
Q2,interleaved_offset2,0.5461101424213011,inverse,14.0,1.0,14.0,0.0
Q2,late7,1.5809516645016988,inverse,14.0,1.0,14.0,0.0
Q2,interleaved_offset1,0.6820119768833313,inverse,14.0,1.0,14.0,0.03
Q2,interleaved_offset2,0.5468289212580194,inverse,14.0,1.0,14.0,0.03
Q2,late7,0.990636141076987,inverse,14.0,1.0,14.0,0.03
Q2,interleaved_offset1,0.6675198389855532,inverse,14.0,1.0,14.0,0.07
Q2,interleaved_offset2,0.548036771773464,inverse,14.0,1.0,14.0,0.07
Q2,late7,0.9175504424482224,inverse,14.0,1.0,14.0,0.07
Q2,interleaved_offset1,0.6581397487597709,inverse,14.0,1.0,14.0,0.12
Q2,interleaved_offset2,0.5499182475268785,inverse,14.0,1.0,14.0,0.12
Q2,late7,0.8707275188695718,inverse,14.0,1.0,14.0,0.12
Q2,interleaved_offset1,0.6525959123065684,inverse,14.0,1.0,21.0,0.0
Q2,interleaved_offset2,0.5525719328838921,inverse,14.0,1.0,21.0,0.0
Q2,late7,1.4007208176485906,inverse,14.0,1.0,21.0,0.0
Q2,interleaved_offset1,0.650467714158295,inverse,14.0,1.0,21.0,0.03
Q2,interleaved_offset2,0.5532647913748829,inverse,14.0,1.0,21.0,0.03
Q2,late7,0.946050483152113,inverse,14.0,1.0,21.0,0.03
Q2,interleaved_offset1,0.6481722469065457,inverse,14.0,1.0,21.0,0.07
Q2,interleaved_offset2,0.5544331442437782,inverse,14.0,1.0,21.0,0.07
Q2,late7,0.8893974589322845,inverse,14.0,1.0,21.0,0.07
Q2,interleaved_offset1,0.6460408260163788,inverse,14.0,1.0,21.0,0.12
Q2,interleaved_offset2,0.5562531465181185,inverse,14.0,1.0,21.0,0.12
Q2,late7,0.8521446256350405,inverse,14.0,1.0,21.0,0.12
Q2,interleaved_offset1,0.6443002448049087,inverse,14.0,1.0,35.0,0.0
Q2,interleaved_offset2,0.5530930936169237,inverse,14.0,1.0,35.0,0.0
Q2,late7,1.0500606411238949,inverse,14.0,1.0,35.0,0.0
Q2,interleaved_offset1,0.6435178704995176,inverse,14.0,1.0,35.0,0.03
Q2,interleaved_offset2,0.5542525977654237,inverse,14.0,1.0,35.0,0.03
Q2,late7,0.8837897067610102,inverse,14.0,1.0,35.0,0.03
Q2,interleaved_offset1,0.6427408179457357,inverse,14.0,1.0,35.0,0.07
Q2,interleaved_offset2,0.5559627609282252,inverse,14.0,1.0,35.0,0.07
Q2,late7,0.8506567090473232,inverse,14.0,1.0,35.0,0.07
Q2,interleaved_offset1,0.6421691493654775,inverse,14.0,1.0,35.0,0.12
Q2,interleaved_offset2,0.5583489214488484,inverse,14.0,1.0,35.0,0.12
Q2,late7,0.8250559388676338,inverse,14.0,1.0,35.0,0.12
Q2,interleaved_offset1,0.6356266328017561,inverse,14.0,1.0,56.0,0.0
Q2,interleaved_offset2,0.5530825689091714,inverse,14.0,1.0,56.0,0.0
Q2,late7,0.7792723172253768,inverse,14.0,1.0,56.0,0.0
Q2,interleaved_offset1,0.6357128416684589,inverse,14.0,1.0,56.0,0.03
Q2,interleaved_offset2,0.5545899018426886,inverse,14.0,1.0,56.0,0.03
Q2,late7,0.7723842110932262,inverse,14.0,1.0,56.0,0.03
Q2,interleaved_offset1,0.6359950346816489,inverse,14.0,1.0,56.0,0.07
Q2,interleaved_offset2,0.5567074143436994,inverse,14.0,1.0,56.0,0.07
Q2,late7,0.7644903455879063,inverse,14.0,1.0,56.0,0.07
Q2,interleaved_offset1,0.6366063997571002,inverse,14.0,1.0,56.0,0.12
Q2,interleaved_offset2,0.5595230327883467,inverse,14.0,1.0,56.0,0.12
Q2,late7,0.7562089310409468,inverse,14.0,1.0,56.0,0.12
Q2,interleaved_offset1,0.6353969538165065,inverse,14.0,1.0,,0.0
Q2,interleaved_offset2,0.5559019363931864,inverse,14.0,1.0,,0.0
Q2,late7,0.7385044789782056,inverse,14.0,1.0,,0.0
Q2,interleaved_offset1,0.6356111191490067,inverse,14.0,1.0,,0.03
Q2,interleaved_offset2,0.5574080131888539,inverse,14.0,1.0,,0.03
Q2,late7,0.7368151985899275,inverse,14.0,1.0,,0.03
Q2,interleaved_offset1,0.6360483124515824,inverse,14.0,1.0,,0.07
Q2,interleaved_offset2,0.5595125430289878,inverse,14.0,1.0,,0.07
Q2,late7,0.7346984292986293,inverse,14.0,1.0,,0.07
Q2,interleaved_offset1,0.636829996160112,inverse,14.0,1.0,,0.12
Q2,interleaved_offset2,0.5622953777550463,inverse,14.0,1.0,,0.12
Q2,late7,0.7322553972775251,inverse,14.0,1.0,,0.12
Q2,interleaved_offset1,0.7859267370134327,inverse,14.0,1.5,14.0,0.0
Q2,interleaved_offset2,0.5504075288802636,inverse,14.0,1.5,14.0,0.0
Q2,late7,1.5556431253292111,inverse,14.0,1.5,14.0,0.0
Q2,interleaved_offset1,0.6864769977803241,inverse,14.0,1.5,14.0,0.03
Q2,interleaved_offset2,0.5494359844379613,inverse,14.0,1.5,14.0,0.03
Q2,late7,0.9663904760661558,inverse,14.0,1.5,14.0,0.03
Q2,interleaved_offset1,0.6695734840335075,inverse,14.0,1.5,14.0,0.07
Q2,interleaved_offset2,0.5487422207961247,inverse,14.0,1.5,14.0,0.07
Q2,late7,0.8946731041806657,inverse,14.0,1.5,14.0,0.07
Q2,interleaved_offset1,0.6579343996400259,inverse,14.0,1.5,14.0,0.12
Q2,interleaved_offset2,0.5486905339690549,inverse,14.0,1.5,14.0,0.12
Q2,late7,0.8494888881920066,inverse,14.0,1.5,14.0,0.12
Q2,interleaved_offset1,0.6668755535894666,inverse,14.0,1.5,21.0,0.0
Q2,interleaved_offset2,0.5529464967163598,inverse,14.0,1.5,21.0,0.0
Q2,late7,1.3740018272157237,inverse,14.0,1.5,21.0,0.0
Q2,interleaved_offset1,0.6610716030945427,inverse,14.0,1.5,21.0,0.03
Q2,interleaved_offset2,0.5520974480400737,inverse,14.0,1.5,21.0,0.03
Q2,late7,0.920317472716906,inverse,14.0,1.5,21.0,0.03
Q2,interleaved_offset1,0.6549593275408838,inverse,14.0,1.5,21.0,0.07
Q2,interleaved_offset2,0.5515397859585903,inverse,14.0,1.5,21.0,0.07
Q2,late7,0.8649487630010944,inverse,14.0,1.5,21.0,0.07
Q2,interleaved_offset1,0.6492109945172335,inverse,14.0,1.5,21.0,0.12
Q2,interleaved_offset2,0.5516185779715352,inverse,14.0,1.5,21.0,0.12
Q2,late7,0.8292574839202324,inverse,14.0,1.5,21.0,0.12
Q2,interleaved_offset1,0.6560495345981797,inverse,14.0,1.5,35.0,0.0
Q2,interleaved_offset2,0.5500811581662677,inverse,14.0,1.5,35.0,0.0
Q2,late7,1.0539145502979417,inverse,14.0,1.5,35.0,0.0
Q2,interleaved_offset1,0.6522140418316855,inverse,14.0,1.5,35.0,0.03
Q2,interleaved_offset2,0.5497700925025023,inverse,14.0,1.5,35.0,0.03
Q2,late7,0.8796598636441041,inverse,14.0,1.5,35.0,0.03
Q2,interleaved_offset1,0.648045298833957,inverse,14.0,1.5,35.0,0.07
Q2,interleaved_offset2,0.5498212123035653,inverse,14.0,1.5,35.0,0.07
Q2,late7,0.8423111966942359,inverse,14.0,1.5,35.0,0.07
Q2,interleaved_offset1,0.6440651697424089,inverse,14.0,1.5,35.0,0.12
Q2,interleaved_offset2,0.5505295540350414,inverse,14.0,1.5,35.0,0.12
Q2,late7,0.814652571097666,inverse,14.0,1.5,35.0,0.12
Q2,interleaved_offset1,0.6483712032860139,inverse,14.0,1.5,56.0,0.0
Q2,interleaved_offset2,0.5474166464517874,inverse,14.0,1.5,56.0,0.0
Q2,late7,0.809339926758446,inverse,14.0,1.5,56.0,0.0
Q2,interleaved_offset1,0.6455649014384608,inverse,14.0,1.5,56.0,0.03
Q2,interleaved_offset2,0.5475385380794802,inverse,14.0,1.5,56.0,0.03
Q2,late7,0.7961100333145948,inverse,14.0,1.5,56.0,0.03
Q2,interleaved_offset1,0.6425218075029516,inverse,14.0,1.5,56.0,0.07
Q2,interleaved_offset2,0.5480704979804875,inverse,14.0,1.5,56.0,0.07
Q2,late7,0.7823357282812701,inverse,14.0,1.5,56.0,0.07
Q2,interleaved_offset1,0.6396645299038323,inverse,14.0,1.5,56.0,0.12
Q2,interleaved_offset2,0.5492653825756431,inverse,14.0,1.5,56.0,0.12
Q2,late7,0.7690404523539087,inverse,14.0,1.5,56.0,0.12
Q2,interleaved_offset1,0.6473815464901774,inverse,14.0,1.5,,0.0
Q2,interleaved_offset2,0.5479626487011965,inverse,14.0,1.5,,0.0
Q2,late7,0.7632768038761086,inverse,14.0,1.5,,0.0
Q2,interleaved_offset1,0.644715938205891,inverse,14.0,1.5,,0.03
Q2,interleaved_offset2,0.54815887803708,inverse,14.0,1.5,,0.03
Q2,late7,0.7585244599645198,inverse,14.0,1.5,,0.03
Q2,interleaved_offset1,0.641835862939159,inverse,14.0,1.5,,0.07
Q2,interleaved_offset2,0.548766131971616,inverse,14.0,1.5,,0.07
Q2,late7,0.7528887530044807,inverse,14.0,1.5,,0.07
Q2,interleaved_offset1,0.6391502203192938,inverse,14.0,1.5,,0.12
Q2,interleaved_offset2,0.5500263833354729,inverse,14.0,1.5,,0.12
Q2,late7,0.7467698579109551,inverse,14.0,1.5,,0.12
Q2,interleaved_offset1,0.8107650724682465,inverse,14.0,2.0,14.0,0.0
Q2,interleaved_offset2,0.5717893543774375,inverse,14.0,2.0,14.0,0.0
Q2,late7,1.5398665160952347,inverse,14.0,2.0,14.0,0.0
Q2,interleaved_offset1,0.7064953184609531,inverse,14.0,2.0,14.0,0.03
Q2,interleaved_offset2,0.5670976623117452,inverse,14.0,2.0,14.0,0.03
Q2,late7,0.9510214851586783,inverse,14.0,2.0,14.0,0.03
Q2,interleaved_offset1,0.6851285303002655,inverse,14.0,2.0,14.0,0.07
Q2,interleaved_offset2,0.5624686211007878,inverse,14.0,2.0,14.0,0.07
Q2,late7,0.8798502104422017,inverse,14.0,2.0,14.0,0.07
Q2,interleaved_offset1,0.6694287052835537,inverse,14.0,2.0,14.0,0.12
Q2,interleaved_offset2,0.5585819364369252,inverse,14.0,2.0,14.0,0.12
Q2,late7,0.8353539955850398,inverse,14.0,2.0,14.0,0.12
Q2,interleaved_offset1,0.7042670143838352,inverse,14.0,2.0,21.0,0.0
Q2,interleaved_offset2,0.5721565503346664,inverse,14.0,2.0,21.0,0.0
Q2,late7,1.3571156398705482,inverse,14.0,2.0,21.0,0.0
Q2,interleaved_offset1,0.6897686112447251,inverse,14.0,2.0,21.0,0.03
Q2,interleaved_offset2,0.567721008457867,inverse,14.0,2.0,21.0,0.03
Q2,late7,0.9037361059028256,inverse,14.0,2.0,21.0,0.03
Q2,interleaved_offset1,0.676352301977547,inverse,14.0,2.0,21.0,0.07
Q2,interleaved_offset2,0.5633520286189735,inverse,14.0,2.0,21.0,0.07
Q2,late7,0.8488023158295513,inverse,14.0,2.0,21.0,0.07
Q2,interleaved_offset1,0.6644788770479385,inverse,14.0,2.0,21.0,0.12
Q2,interleaved_offset2,0.5596982028935723,inverse,14.0,2.0,21.0,0.12
Q2,late7,0.8136964811531472,inverse,14.0,2.0,21.0,0.12
Q2,interleaved_offset1,0.6940914572457636,inverse,14.0,2.0,35.0,0.0
Q2,interleaved_offset2,0.5684895699781778,inverse,14.0,2.0,35.0,0.0
Q2,late7,1.0639454424093129,inverse,14.0,2.0,35.0,0.0
Q2,interleaved_offset1,0.6825596701456288,inverse,14.0,2.0,35.0,0.03
Q2,interleaved_offset2,0.5646007658683085,inverse,14.0,2.0,35.0,0.03
Q2,late7,0.876853917599535,inverse,14.0,2.0,35.0,0.03
Q2,interleaved_offset1,0.6711858629129612,inverse,14.0,2.0,35.0,0.07
Q2,interleaved_offset2,0.5608009908887431,inverse,14.0,2.0,35.0,0.07
Q2,late7,0.8346130696099444,inverse,14.0,2.0,35.0,0.07
Q2,interleaved_offset1,0.6607875496080355,inverse,14.0,2.0,35.0,0.12
Q2,interleaved_offset2,0.5577033918311112,inverse,14.0,2.0,35.0,0.12
Q2,late7,0.8047848054725509,inverse,14.0,2.0,35.0,0.12
Q2,interleaved_offset1,0.6883642157310783,inverse,14.0,2.0,56.0,0.0
Q2,interleaved_offset2,0.5659061706990531,inverse,14.0,2.0,56.0,0.0
Q2,late7,0.8428419356970986,inverse,14.0,2.0,56.0,0.0
Q2,interleaved_offset1,0.6782075568198657,inverse,14.0,2.0,56.0,0.03
Q2,interleaved_offset2,0.5624375052677462,inverse,14.0,2.0,56.0,0.03
Q2,late7,0.8181600948116472,inverse,14.0,2.0,56.0,0.03
Q2,interleaved_offset1,0.6679328124349222,inverse,14.0,2.0,56.0,0.07
Q2,interleaved_offset2,0.5590464040167096,inverse,14.0,2.0,56.0,0.07
Q2,late7,0.79615830408476,inverse,14.0,2.0,56.0,0.07
Q2,interleaved_offset1,0.658394166731292,inverse,14.0,2.0,56.0,0.12
Q2,interleaved_offset2,0.5563228806027718,inverse,14.0,2.0,56.0,0.12
Q2,late7,0.7770411307484638,inverse,14.0,2.0,56.0,0.12
Q2,interleaved_offset1,0.6874911780848229,inverse,14.0,2.0,,0.0
Q2,interleaved_offset2,0.5658230825529718,inverse,14.0,2.0,,0.0
Q2,late7,0.7972313786964408,inverse,14.0,2.0,,0.0
Q2,interleaved_offset1,0.677509965634304,inverse,14.0,2.0,,0.03
Q2,interleaved_offset2,0.56244638424343,inverse,14.0,2.0,,0.03
Q2,late7,0.7855897476644085,inverse,14.0,2.0,,0.03
Q2,interleaved_offset1,0.6674021100808777,inverse,14.0,2.0,,0.07
Q2,interleaved_offset2,0.5591358511138321,inverse,14.0,2.0,,0.07
Q2,late7,0.7732322386942302,inverse,14.0,2.0,,0.07
Q2,interleaved_offset1,0.6580102730078302,inverse,14.0,2.0,,0.12
Q2,interleaved_offset2,0.5564757114922625,inverse,14.0,2.0,,0.12
Q2,late7,0.7610979845882677,inverse,14.0,2.0,,0.12
Q3,interleaved_offset1,0.6845958487968965,exp,5.0,1.0,14.0,0.0
Q3,interleaved_offset2,0.8127793966904636,exp,5.0,1.0,14.0,0.0
Q3,late7,1.1078826179310917,exp,5.0,1.0,14.0,0.0
Q3,interleaved_offset1,0.634183535532752,exp,5.0,1.0,14.0,0.03
Q3,interleaved_offset2,0.7097740167074362,exp,5.0,1.0,14.0,0.03
Q3,late7,0.823657107272344,exp,5.0,1.0,14.0,0.03
Q3,interleaved_offset1,0.6265145116788708,exp,5.0,1.0,14.0,0.07
Q3,interleaved_offset2,0.6942203425475187,exp,5.0,1.0,14.0,0.07
Q3,late7,0.7839263175373223,exp,5.0,1.0,14.0,0.07
Q3,interleaved_offset1,0.6215678128891606,exp,5.0,1.0,14.0,0.12
Q3,interleaved_offset2,0.6832379717204786,exp,5.0,1.0,14.0,0.12
Q3,late7,0.7577044091377811,exp,5.0,1.0,14.0,0.12
Q3,interleaved_offset1,0.6354096046997649,exp,5.0,1.0,21.0,0.0
Q3,interleaved_offset2,0.700049174215503,exp,5.0,1.0,21.0,0.0
Q3,late7,0.8039918017460818,exp,5.0,1.0,21.0,0.0
Q3,interleaved_offset1,0.6282892017615932,exp,5.0,1.0,21.0,0.03
Q3,interleaved_offset2,0.6911014401743287,exp,5.0,1.0,21.0,0.03
Q3,late7,0.792005955599647,exp,5.0,1.0,21.0,0.03
Q3,interleaved_offset1,0.6232788242071949,exp,5.0,1.0,21.0,0.07
Q3,interleaved_offset2,0.6831547533683009,exp,5.0,1.0,21.0,0.07
Q3,late7,0.7787511220060903,exp,5.0,1.0,21.0,0.07
Q3,interleaved_offset1,0.6196201398227179,exp,5.0,1.0,21.0,0.12
Q3,interleaved_offset2,0.6760128065420059,exp,5.0,1.0,21.0,0.12
Q3,late7,0.7652970584169204,exp,5.0,1.0,21.0,0.12
Q3,interleaved_offset1,0.6271717046836273,exp,5.0,1.0,35.0,0.0
Q3,interleaved_offset2,0.6923565376388147,exp,5.0,1.0,35.0,0.0
Q3,late7,0.7988232793257486,exp,5.0,1.0,35.0,0.0
Q3,interleaved_offset1,0.6235764797187239,exp,5.0,1.0,35.0,0.03
Q3,interleaved_offset2,0.6861286419168963,exp,5.0,1.0,35.0,0.03
Q3,late7,0.7872139753564976,exp,5.0,1.0,35.0,0.03
Q3,interleaved_offset1,0.6202928238154737,exp,5.0,1.0,35.0,0.07
Q3,interleaved_offset2,0.6796893244218145,exp,5.0,1.0,35.0,0.07
Q3,late7,0.7743680079493427,exp,5.0,1.0,35.0,0.07
Q3,interleaved_offset1,0.6176391167196336,exp,5.0,1.0,35.0,0.12
Q3,interleaved_offset2,0.6735070390854617,exp,5.0,1.0,35.0,0.12
Q3,late7,0.7613368076263628,exp,5.0,1.0,35.0,0.12
Q3,interleaved_offset1,0.6271467432328234,exp,5.0,1.0,56.0,0.0
Q3,interleaved_offset2,0.6922378064289156,exp,5.0,1.0,56.0,0.0
Q3,late7,0.7983981895674219,exp,5.0,1.0,56.0,0.0
Q3,interleaved_offset1,0.6235578963402413,exp,5.0,1.0,56.0,0.03
Q3,interleaved_offset2,0.6860287905050372,exp,5.0,1.0,56.0,0.03
Q3,late7,0.7868669027295496,exp,5.0,1.0,56.0,0.03
Q3,interleaved_offset1,0.6202812758165781,exp,5.0,1.0,56.0,0.07
Q3,interleaved_offset2,0.6796086657110413,exp,5.0,1.0,56.0,0.07
Q3,late7,0.7740976729422478,exp,5.0,1.0,56.0,0.07
Q3,interleaved_offset1,0.6176345517218395,exp,5.0,1.0,56.0,0.12
Q3,interleaved_offset2,0.6734443937162793,exp,5.0,1.0,56.0,0.12
Q3,late7,0.7611361997435839,exp,5.0,1.0,56.0,0.12
Q3,interleaved_offset1,0.6271462819529101,exp,5.0,1.0,,0.0
Q3,interleaved_offset2,0.692238351691093,exp,5.0,1.0,,0.0
Q3,late7,0.7983945071248116,exp,5.0,1.0,,0.0
Q3,interleaved_offset1,0.6235575590366981,exp,5.0,1.0,,0.03
Q3,interleaved_offset2,0.6860293444187537,exp,5.0,1.0,,0.03
Q3,late7,0.7868645124482007,exp,5.0,1.0,,0.03
Q3,interleaved_offset1,0.6202810727120893,exp,5.0,1.0,,0.07
Q3,interleaved_offset2,0.6796092278995035,exp,5.0,1.0,,0.07
Q3,late7,0.7740965081894899,exp,5.0,1.0,,0.07
Q3,interleaved_offset1,0.6176344787040227,exp,5.0,1.0,,0.12
Q3,interleaved_offset2,0.6734449614906287,exp,5.0,1.0,,0.12
Q3,late7,0.7611360903348947,exp,5.0,1.0,,0.12
Q3,interleaved_offset1,0.6863616555388807,exp,7.0,1.0,14.0,0.0
Q3,interleaved_offset2,0.807197028986847,exp,7.0,1.0,14.0,0.0
Q3,late7,1.108304262099678,exp,7.0,1.0,14.0,0.0
Q3,interleaved_offset1,0.6368676510287712,exp,7.0,1.0,14.0,0.03
Q3,interleaved_offset2,0.7054924876627398,exp,7.0,1.0,14.0,0.03
Q3,late7,0.8256913231098779,exp,7.0,1.0,14.0,0.03
Q3,interleaved_offset1,0.630183431919658,exp,7.0,1.0,14.0,0.07
Q3,interleaved_offset2,0.6913451996115497,exp,7.0,1.0,14.0,0.07
Q3,late7,0.787569863880163,exp,7.0,1.0,14.0,0.07
Q3,interleaved_offset1,0.6261668510813704,exp,7.0,1.0,14.0,0.12
Q3,interleaved_offset2,0.6817517713016821,exp,7.0,1.0,14.0,0.12
Q3,late7,0.7627846435214419,exp,7.0,1.0,14.0,0.12
Q3,interleaved_offset1,0.6303512320306549,exp,7.0,1.0,21.0,0.0
Q3,interleaved_offset2,0.6841146758108211,exp,7.0,1.0,21.0,0.0
Q3,late7,0.7952333221798944,exp,7.0,1.0,21.0,0.0
Q3,interleaved_offset1,0.6273250507823821,exp,7.0,1.0,21.0,0.03
Q3,interleaved_offset2,0.6796379639589699,exp,7.0,1.0,21.0,0.03
Q3,late7,0.7872286901701093,exp,7.0,1.0,21.0,0.03
Q3,interleaved_offset1,0.624761515352973,exp,7.0,1.0,21.0,0.07
Q3,interleaved_offset2,0.6750458080748892,exp,7.0,1.0,21.0,0.07
Q3,late7,0.7778361847525589,exp,7.0,1.0,21.0,0.07
Q3,interleaved_offset1,0.6228487436485336,exp,7.0,1.0,21.0,0.12
Q3,interleaved_offset2,0.6706494176889145,exp,7.0,1.0,21.0,0.12
Q3,late7,0.7677385032602309,exp,7.0,1.0,21.0,0.12
Q3,interleaved_offset1,0.6213872456467638,exp,7.0,1.0,35.0,0.0
Q3,interleaved_offset2,0.6739763005142072,exp,7.0,1.0,35.0,0.0
Q3,late7,0.7822491940638759,exp,7.0,1.0,35.0,0.0
Q3,interleaved_offset1,0.6204951707333891,exp,7.0,1.0,35.0,0.03
Q3,interleaved_offset2,0.6714432002476005,exp,7.0,1.0,35.0,0.03
Q3,late7,0.7750564629239446,exp,7.0,1.0,35.0,0.03
Q3,interleaved_offset1,0.6196669833398364,exp,7.0,1.0,35.0,0.07
Q3,interleaved_offset2,0.668547088248771,exp,7.0,1.0,35.0,0.07
Q3,late7,0.7666194803767592,exp,7.0,1.0,35.0,0.07
Q3,interleaved_offset1,0.6191162557986253,exp,7.0,1.0,35.0,0.12
Q3,interleaved_offset2,0.6655696381110511,exp,7.0,1.0,35.0,0.12
Q3,late7,0.7575716754846673,exp,7.0,1.0,35.0,0.12
Q3,interleaved_offset1,0.6213509925671185,exp,7.0,1.0,56.0,0.0
Q3,interleaved_offset2,0.6735306767294732,exp,7.0,1.0,56.0,0.0
Q3,late7,0.7802446461175871,exp,7.0,1.0,56.0,0.0
Q3,interleaved_offset1,0.6204823541853618,exp,7.0,1.0,56.0,0.03
Q3,interleaved_offset2,0.6710491859807017,exp,7.0,1.0,56.0,0.03
Q3,late7,0.7733287971985795,exp,7.0,1.0,56.0,0.03
Q3,interleaved_offset1,0.6196808743636516,exp,7.0,1.0,56.0,0.07
Q3,interleaved_offset2,0.6682127578653896,exp,7.0,1.0,56.0,0.07
Q3,late7,0.7651952965509322,exp,7.0,1.0,56.0,0.07
Q3,interleaved_offset1,0.6191574680098255,exp,7.0,1.0,56.0,0.12
Q3,interleaved_offset2,0.6652983361314662,exp,7.0,1.0,56.0,0.12
Q3,late7,0.7564506212057216,exp,7.0,1.0,56.0,0.12
Q3,interleaved_offset1,0.6213518664747921,exp,7.0,1.0,,0.0
Q3,interleaved_offset2,0.6735446307095311,exp,7.0,1.0,,0.0
Q3,late7,0.7801788663785549,exp,7.0,1.0,,0.0
Q3,interleaved_offset1,0.6204844692573874,exp,7.0,1.0,,0.03
Q3,interleaved_offset2,0.6710631145389521,exp,7.0,1.0,,0.03
Q3,late7,0.7732784781288615,exp,7.0,1.0,,0.03
Q3,interleaved_offset1,0.6196843679163506,exp,7.0,1.0,,0.07
Q3,interleaved_offset2,0.6682266118977449,exp,7.0,1.0,,0.07
Q3,late7,0.7651615039361411,exp,7.0,1.0,,0.07
Q3,interleaved_offset1,0.619162320823481,exp,7.0,1.0,,0.12
Q3,interleaved_offset2,0.6653120345138798,exp,7.0,1.0,,0.12
Q3,late7,0.7564327379879097,exp,7.0,1.0,,0.12
Q3,interleaved_offset1,0.6916674547559378,exp,10.0,1.0,14.0,0.0
Q3,interleaved_offset2,0.8085465757365137,exp,10.0,1.0,14.0,0.0
Q3,late7,1.1137043798965711,exp,10.0,1.0,14.0,0.0
Q3,interleaved_offset1,0.6424812648485694,exp,10.0,1.0,14.0,0.03
Q3,interleaved_offset2,0.7073301013977108,exp,10.0,1.0,14.0,0.03
Q3,late7,0.83171776324177,exp,10.0,1.0,14.0,0.03
Q3,interleaved_offset1,0.6361168543780092,exp,10.0,1.0,14.0,0.07
Q3,interleaved_offset2,0.6937052389101755,exp,10.0,1.0,14.0,0.07
Q3,late7,0.7942237071876782,exp,10.0,1.0,14.0,0.07
Q3,interleaved_offset1,0.6323763105414776,exp,10.0,1.0,14.0,0.12
Q3,interleaved_offset2,0.6846070117530344,exp,10.0,1.0,14.0,0.12
Q3,late7,0.7699729487531298,exp,10.0,1.0,14.0,0.12
Q3,interleaved_offset1,0.6313028738612408,exp,10.0,1.0,21.0,0.0
Q3,interleaved_offset2,0.6787656319567275,exp,10.0,1.0,21.0,0.0
Q3,late7,0.7945170468834749,exp,10.0,1.0,21.0,0.0
Q3,interleaved_offset1,0.6298869645538141,exp,10.0,1.0,21.0,0.03
Q3,interleaved_offset2,0.6760889503348729,exp,10.0,1.0,21.0,0.03
Q3,late7,0.7883069774127596,exp,10.0,1.0,21.0,0.03
Q3,interleaved_offset1,0.6285792402533678,exp,10.0,1.0,21.0,0.07
Q3,interleaved_offset2,0.6731228087649745,exp,10.0,1.0,21.0,0.07
Q3,late7,0.7807633089136892,exp,10.0,1.0,21.0,0.07
Q3,interleaved_offset1,0.6275987752202546,exp,10.0,1.0,21.0,0.12
Q3,interleaved_offset2,0.6701291142220392,exp,10.0,1.0,21.0,0.12
Q3,late7,0.7723449090911303,exp,10.0,1.0,21.0,0.12
Q3,interleaved_offset1,0.6228587910245262,exp,10.0,1.0,35.0,0.0
Q3,interleaved_offset2,0.6664660770405267,exp,10.0,1.0,35.0,0.0
Q3,late7,0.7705219205217824,exp,10.0,1.0,35.0,0.0
Q3,interleaved_offset1,0.6227924102920805,exp,10.0,1.0,35.0,0.03
Q3,interleaved_offset2,0.6653152056591233,exp,10.0,1.0,35.0,0.03
Q3,late7,0.7656691342363399,exp,10.0,1.0,35.0,0.03
Q3,interleaved_offset1,0.622853845205791,exp,10.0,1.0,35.0,0.07
Q3,interleaved_offset2,0.6639681270187073,exp,10.0,1.0,35.0,0.07
Q3,late7,0.7597896105228573,exp,10.0,1.0,35.0,0.07
Q3,interleaved_offset1,0.6231544551515457,exp,10.0,1.0,35.0,0.12
Q3,interleaved_offset2,0.6625629814889293,exp,10.0,1.0,35.0,0.12
Q3,late7,0.7532660261809488,exp,10.0,1.0,35.0,0.12
Q3,interleaved_offset1,0.622773320892584,exp,10.0,1.0,56.0,0.0
Q3,interleaved_offset2,0.6651579097311429,exp,10.0,1.0,56.0,0.0
Q3,late7,0.7644696057849011,exp,10.0,1.0,56.0,0.0
Q3,interleaved_offset1,0.6227821511753221,exp,10.0,1.0,56.0,0.03
Q3,interleaved_offset2,0.664134132754827,exp,10.0,1.0,56.0,0.03
Q3,late7,0.7602680204398509,exp,10.0,1.0,56.0,0.03
Q3,interleaved_offset1,0.622931072460787,exp,10.0,1.0,56.0,0.07
Q3,interleaved_offset2,0.66294170132389,exp,10.0,1.0,56.0,0.07
Q3,late7,0.7551470827009856,exp,10.0,1.0,56.0,0.07
Q3,interleaved_offset1,0.6233232600864245,exp,10.0,1.0,56.0,0.12
Q3,interleaved_offset2,0.6617088659803243,exp,10.0,1.0,56.0,0.12
Q3,late7,0.7494287980863319,exp,10.0,1.0,56.0,0.12
Q3,interleaved_offset1,0.6228349869520676,exp,10.0,1.0,,0.0
Q3,interleaved_offset2,0.6652998615205198,exp,10.0,1.0,,0.0
Q3,late7,0.7640326124971467,exp,10.0,1.0,,0.0
Q3,interleaved_offset1,0.622849829596264,exp,10.0,1.0,,0.03
Q3,interleaved_offset2,0.6642748798140444,exp,10.0,1.0,,0.03
Q3,late7,0.7599136051062728,exp,10.0,1.0,,0.03
Q3,interleaved_offset1,0.6230053607994923,exp,10.0,1.0,,0.07
Q3,interleaved_offset2,0.6630805691316779,exp,10.0,1.0,,0.07
Q3,late7,0.7548872554649945,exp,10.0,1.0,,0.07
Q3,interleaved_offset1,0.6234038625230637,exp,10.0,1.0,,0.12
Q3,interleaved_offset2,0.6618449508604033,exp,10.0,1.0,,0.12
Q3,late7,0.74926677371768,exp,10.0,1.0,,0.12
Q3,interleaved_offset1,0.6973389820479203,exp,14.0,1.0,14.0,0.0
Q3,interleaved_offset2,0.812477436569602,exp,14.0,1.0,14.0,0.0
Q3,late7,1.1197678497209822,exp,14.0,1.0,14.0,0.0
Q3,interleaved_offset1,0.6481900919353057,exp,14.0,1.0,14.0,0.03
Q3,interleaved_offset2,0.7113668510099199,exp,14.0,1.0,14.0,0.03
Q3,late7,0.8379626483263962,exp,14.0,1.0,14.0,0.03
Q3,interleaved_offset1,0.6418407039332499,exp,14.0,1.0,14.0,0.07
Q3,interleaved_offset2,0.6978330125959079,exp,14.0,1.0,14.0,0.07
Q3,late7,0.8006280455163381,exp,14.0,1.0,14.0,0.07
Q3,interleaved_offset1,0.6380695491610909,exp,14.0,1.0,14.0,0.12
Q3,interleaved_offset2,0.6887842710640399,exp,14.0,1.0,14.0,0.12
Q3,late7,0.7764707717940653,exp,14.0,1.0,14.0,0.12
Q3,interleaved_offset1,0.634423144863733,exp,14.0,1.0,21.0,0.0
Q3,interleaved_offset2,0.6786050445965869,exp,14.0,1.0,21.0,0.0
Q3,late7,0.796848182972386,exp,14.0,1.0,21.0,0.0
Q3,interleaved_offset1,0.6335567302892265,exp,14.0,1.0,21.0,0.03
Q3,interleaved_offset2,0.6765878209710777,exp,14.0,1.0,21.0,0.03
Q3,late7,0.7913796062352569,exp,14.0,1.0,21.0,0.03
Q3,interleaved_offset1,0.632721962548525,exp,14.0,1.0,21.0,0.07
Q3,interleaved_offset2,0.674260986600003,exp,14.0,1.0,21.0,0.07
Q3,late7,0.7846130832820233,exp,14.0,1.0,21.0,0.07
Q3,interleaved_offset1,0.6320881538217127,exp,14.0,1.0,21.0,0.12
Q3,interleaved_offset2,0.6718258331856333,exp,14.0,1.0,21.0,0.12
Q3,late7,0.7769020232692617,exp,14.0,1.0,21.0,0.12
Q3,interleaved_offset1,0.627441081207544,exp,14.0,1.0,35.0,0.0
Q3,interleaved_offset2,0.6647359869363906,exp,14.0,1.0,35.0,0.0
Q3,late7,0.7625416178099385,exp,14.0,1.0,35.0,0.0
Q3,interleaved_offset1,0.6275319572626689,exp,14.0,1.0,35.0,0.03
Q3,interleaved_offset2,0.6640769749620593,exp,14.0,1.0,35.0,0.03
Q3,late7,0.7588759140466873,exp,14.0,1.0,35.0,0.03
Q3,interleaved_offset1,0.6277576810911468,exp,14.0,1.0,35.0,0.07
Q3,interleaved_offset2,0.6633084169607509,exp,14.0,1.0,35.0,0.07
Q3,late7,0.754368086640973,exp,14.0,1.0,35.0,0.07
Q3,interleaved_offset1,0.6281984005532207,exp,14.0,1.0,35.0,0.12
Q3,interleaved_offset2,0.662517468877024,exp,14.0,1.0,35.0,0.12
Q3,late7,0.7492826112718931,exp,14.0,1.0,35.0,0.12
Q3,interleaved_offset1,0.6270046478617938,exp,14.0,1.0,56.0,0.0
Q3,interleaved_offset2,0.6619368674673374,exp,14.0,1.0,56.0,0.0
Q3,late7,0.75049283678432,exp,14.0,1.0,56.0,0.0
Q3,interleaved_offset1,0.6272732843846837,exp,14.0,1.0,56.0,0.03
Q3,interleaved_offset2,0.6615231129187155,exp,14.0,1.0,56.0,0.03
Q3,late7,0.7478864783139276,exp,14.0,1.0,56.0,0.03
Q3,interleaved_offset1,0.6277092140570273,exp,14.0,1.0,56.0,0.07
Q3,interleaved_offset2,0.6610590614362151,exp,14.0,1.0,56.0,0.07
Q3,late7,0.7446511996339186,exp,14.0,1.0,56.0,0.07
Q3,interleaved_offset1,0.6283746344285692,exp,14.0,1.0,56.0,0.12
Q3,interleaved_offset2,0.660615265083372,exp,14.0,1.0,56.0,0.12
Q3,late7,0.7409637423533201,exp,14.0,1.0,56.0,0.12
Q3,interleaved_offset1,0.6273909062626817,exp,14.0,1.0,,0.0
Q3,interleaved_offset2,0.6625507153231076,exp,14.0,1.0,,0.0
Q3,late7,0.7495236774652893,exp,14.0,1.0,,0.0
Q3,interleaved_offset1,0.627671342154059,exp,14.0,1.0,,0.03
Q3,interleaved_offset2,0.6621301056378642,exp,14.0,1.0,,0.03
Q3,late7,0.7471119065749593,exp,14.0,1.0,,0.03
Q3,interleaved_offset1,0.6281195513098923,exp,14.0,1.0,,0.07
Q3,interleaved_offset2,0.6616559346622835,exp,14.0,1.0,,0.07
Q3,late7,0.744107314914008,exp,14.0,1.0,,0.07
Q3,interleaved_offset1,0.628795325148721,exp,14.0,1.0,,0.12
Q3,interleaved_offset2,0.6611979102941364,exp,14.0,1.0,,0.12
Q3,late7,0.7406674491374214,exp,14.0,1.0,,0.12
Q3,interleaved_offset1,0.7034486747327798,exp,21.0,1.0,14.0,0.0
Q3,interleaved_offset2,0.8177641038815233,exp,21.0,1.0,14.0,0.0
Q3,late7,1.1263313458134965,exp,21.0,1.0,14.0,0.0
Q3,interleaved_offset1,0.6542312603670191,exp,21.0,1.0,14.0,0.03
Q3,interleaved_offset2,0.7166073752384657,exp,21.0,1.0,14.0,0.03
Q3,late7,0.8445460707034822,exp,21.0,1.0,14.0,0.03
Q3,interleaved_offset1,0.6477729795569881,exp,21.0,1.0,14.0,0.07
Q3,interleaved_offset2,0.7029867199855404,exp,21.0,1.0,14.0,0.07
Q3,late7,0.8071931403617102,exp,21.0,1.0,14.0,0.07
Q3,interleaved_offset1,0.6438402751331703,exp,21.0,1.0,14.0,0.12
Q3,interleaved_offset2,0.6937967365862797,exp,21.0,1.0,14.0,0.12
Q3,late7,0.7829532851714494,exp,21.0,1.0,14.0,0.12
Q3,interleaved_offset1,0.6385462665418791,exp,21.0,1.0,21.0,0.0
Q3,interleaved_offset2,0.6805300670574207,exp,21.0,1.0,21.0,0.0
Q3,late7,0.8005354420674528,exp,21.0,1.0,21.0,0.0
Q3,interleaved_offset1,0.6378905056576373,exp,21.0,1.0,21.0,0.03
Q3,interleaved_offset2,0.6788065162802547,exp,21.0,1.0,21.0,0.03
Q3,late7,0.7954422737460328,exp,21.0,1.0,21.0,0.03
Q3,interleaved_offset1,0.637226024523142,exp,21.0,1.0,21.0,0.07
Q3,interleaved_offset2,0.6767613830826934,exp,21.0,1.0,21.0,0.07
Q3,late7,0.7890631708289912,exp,21.0,1.0,21.0,0.07
Q3,interleaved_offset1,0.6366853691397195,exp,21.0,1.0,21.0,0.12
Q3,interleaved_offset2,0.6745559535243602,exp,21.0,1.0,21.0,0.12
Q3,late7,0.7816890102653765,exp,21.0,1.0,21.0,0.12
Q3,interleaved_offset1,0.6338766802396286,exp,21.0,1.0,35.0,0.0
Q3,interleaved_offset2,0.6654263476494322,exp,21.0,1.0,35.0,0.0
Q3,late7,0.7564213746408772,exp,21.0,1.0,35.0,0.0
Q3,interleaved_offset1,0.6338976057770763,exp,21.0,1.0,35.0,0.03
Q3,interleaved_offset2,0.6649737957906535,exp,21.0,1.0,35.0,0.03
Q3,late7,0.7534739318305488,exp,21.0,1.0,35.0,0.03
Q3,interleaved_offset1,0.6340173310431115,exp,21.0,1.0,35.0,0.07
Q3,interleaved_offset2,0.6644487040944524,exp,21.0,1.0,35.0,0.07
Q3,late7,0.7498279607741452,exp,21.0,1.0,35.0,0.07
Q3,interleaved_offset1,0.6343053730366355,exp,21.0,1.0,35.0,0.12
Q3,interleaved_offset2,0.6639147441265885,exp,21.0,1.0,35.0,0.12
Q3,late7,0.7456850379522404,exp,21.0,1.0,35.0,0.12
Q3,interleaved_offset1,0.6324244685878503,exp,21.0,1.0,56.0,0.0
Q3,interleaved_offset2,0.6602458730041291,exp,21.0,1.0,56.0,0.0
Q3,late7,0.7356645238385954,exp,21.0,1.0,56.0,0.0
Q3,interleaved_offset1,0.6327992705944132,exp,21.0,1.0,56.0,0.03
Q3,interleaved_offset2,0.6602113995398426,exp,21.0,1.0,56.0,0.03
Q3,late7,0.7342373293881246,exp,21.0,1.0,56.0,0.03
Q3,interleaved_offset1,0.633343336188476,exp,21.0,1.0,56.0,0.07
Q3,interleaved_offset2,0.6602111097248076,exp,21.0,1.0,56.0,0.07
Q3,late7,0.7324520210689116,exp,21.0,1.0,56.0,0.07
Q3,interleaved_offset1,0.6340933451247797,exp,21.0,1.0,56.0,0.12
Q3,interleaved_offset2,0.66028331779693,exp,21.0,1.0,56.0,0.12
Q3,late7,0.7304011319473445,exp,21.0,1.0,56.0,0.12
Q3,interleaved_offset1,0.6339086482779606,exp,21.0,1.0,,0.0
Q3,interleaved_offset2,0.6621642564964697,exp,21.0,1.0,,0.0
Q3,late7,0.7353991811775195,exp,21.0,1.0,,0.0
Q3,interleaved_offset1,0.6342866125161115,exp,21.0,1.0,,0.03
Q3,interleaved_offset2,0.6621042711180373,exp,21.0,1.0,,0.03
Q3,late7,0.7342478786281791,exp,21.0,1.0,,0.03
Q3,interleaved_offset1,0.6348293651364254,exp,21.0,1.0,,0.07
Q3,interleaved_offset2,0.6620672629848038,exp,21.0,1.0,,0.07
Q3,late7,0.7327942705287651,exp,21.0,1.0,,0.07
Q3,interleaved_offset1,0.6355693182895318,exp,21.0,1.0,,0.12
Q3,interleaved_offset2,0.6620891951948004,exp,21.0,1.0,,0.12
Q3,late7,0.7311037922525369,exp,21.0,1.0,,0.12
Q3,interleaved_offset1,0.7069868211601185,exp,28.0,1.0,14.0,0.0
Q3,interleaved_offset2,0.8211236939855882,exp,28.0,1.0,14.0,0.0
Q3,late7,1.1301271678204663,exp,28.0,1.0,14.0,0.0
Q3,interleaved_offset1,0.6577013938182331,exp,28.0,1.0,14.0,0.03
Q3,interleaved_offset2,0.7198970491989101,exp,28.0,1.0,14.0,0.03
Q3,late7,0.8483092448383501,exp,28.0,1.0,14.0,0.03
Q3,interleaved_offset1,0.6511469670329976,exp,28.0,1.0,14.0,0.07
Q3,interleaved_offset2,0.7061755353273084,exp,28.0,1.0,14.0,0.07
Q3,late7,0.8108968567110579,exp,28.0,1.0,14.0,0.07
Q3,interleaved_offset1,0.6470860868857253,exp,28.0,1.0,14.0,0.12
Q3,interleaved_offset2,0.6968497774691589,exp,28.0,1.0,14.0,0.12
Q3,late7,0.7865611253909689,exp,28.0,1.0,14.0,0.12
Q3,interleaved_offset1,0.6411089198594674,exp,28.0,1.0,21.0,0.0
Q3,interleaved_offset2,0.6821640315319238,exp,28.0,1.0,21.0,0.0
Q3,late7,0.8029837110775888,exp,28.0,1.0,21.0,0.0
Q3,interleaved_offset1,0.6404873623367082,exp,28.0,1.0,21.0,0.03
Q3,interleaved_offset2,0.680513685545195,exp,28.0,1.0,21.0,0.03
Q3,late7,0.7980013951955188,exp,28.0,1.0,21.0,0.03
Q3,interleaved_offset1,0.6398355918660991,exp,28.0,1.0,21.0,0.07
Q3,interleaved_offset2,0.6785311234854702,exp,28.0,1.0,21.0,0.07
Q3,late7,0.7917305793706048,exp,28.0,1.0,21.0,0.07
Q3,interleaved_offset1,0.6392726654427154,exp,28.0,1.0,21.0,0.12
Q3,interleaved_offset2,0.6763627557568996,exp,28.0,1.0,21.0,0.12
Q3,late7,0.7844388587825815,exp,28.0,1.0,21.0,0.12
Q3,interleaved_offset1,0.6380949866797752,exp,28.0,1.0,35.0,0.0
Q3,interleaved_offset2,0.6665904322330134,exp,28.0,1.0,35.0,0.0
Q3,late7,0.7539809513309575,exp,28.0,1.0,35.0,0.0
Q3,interleaved_offset1,0.6380137559604803,exp,28.0,1.0,35.0,0.03
Q3,interleaved_offset2,0.6661762721670175,exp,28.0,1.0,35.0,0.03
Q3,late7,0.7512672977376851,exp,28.0,1.0,35.0,0.03
Q3,interleaved_offset1,0.6379968859324153,exp,28.0,1.0,35.0,0.07
Q3,interleaved_offset2,0.6656935137498018,exp,28.0,1.0,35.0,0.07
Q3,late7,0.7479113983104547,exp,28.0,1.0,35.0,0.07
Q3,interleaved_offset1,0.6381126705365605,exp,28.0,1.0,35.0,0.12
Q3,interleaved_offset2,0.6651989164204248,exp,28.0,1.0,35.0,0.12
Q3,late7,0.7440973833137888,exp,28.0,1.0,35.0,0.12
Q3,interleaved_offset1,0.6356958678495961,exp,28.0,1.0,56.0,0.0
Q3,interleaved_offset2,0.6597239465109344,exp,28.0,1.0,56.0,0.0
Q3,late7,0.7270954544532842,exp,28.0,1.0,56.0,0.0
Q3,interleaved_offset1,0.6360960925835115,exp,28.0,1.0,56.0,0.03
Q3,interleaved_offset2,0.6598413026998482,exp,28.0,1.0,56.0,0.03
Q3,late7,0.7261946627773567,exp,28.0,1.0,56.0,0.03
Q3,interleaved_offset1,0.636660202533822,exp,28.0,1.0,56.0,0.07
Q3,interleaved_offset2,0.6600284722955084,exp,28.0,1.0,56.0,0.07
Q3,late7,0.7250723646178387,exp,28.0,1.0,56.0,0.07
Q3,interleaved_offset1,0.637413824761496,exp,28.0,1.0,56.0,0.12
Q3,interleaved_offset2,0.6603115729751836,exp,28.0,1.0,56.0,0.12
Q3,late7,0.7237923335217135,exp,28.0,1.0,56.0,0.12
Q3,interleaved_offset1,0.638406021341765,exp,28.0,1.0,,0.0
Q3,interleaved_offset2,0.6629906104130929,exp,28.0,1.0,,0.0
Q3,late7,0.7288137591206205,exp,28.0,1.0,,0.0
Q3,interleaved_offset1,0.6387868724914775,exp,28.0,1.0,,0.03
Q3,interleaved_offset2,0.6630596552015969,exp,28.0,1.0,,0.03
Q3,late7,0.7281686070857756,exp,28.0,1.0,,0.03
Q3,interleaved_offset1,0.6393188649332557,exp,28.0,1.0,,0.07
Q3,interleaved_offset2,0.6631781596730234,exp,28.0,1.0,,0.07
Q3,late7,0.7273508963389496,exp,28.0,1.0,,0.07
Q3,interleaved_offset1,0.6400225104250309,exp,28.0,1.0,,0.12
Q3,interleaved_offset2,0.6633685439932451,exp,28.0,1.0,,0.12
Q3,late7,0.7263957885050253,exp,28.0,1.0,,0.12
Q3,interleaved_offset1,0.6954544055979193,gaussian,5.0,1.0,14.0,0.0
Q3,interleaved_offset2,0.8151618099589228,gaussian,5.0,1.0,14.0,0.0
Q3,late7,1.1215299020249443,gaussian,5.0,1.0,14.0,0.0
Q3,interleaved_offset1,0.6437715284526598,gaussian,5.0,1.0,14.0,0.03
Q3,interleaved_offset2,0.7109033260580212,gaussian,5.0,1.0,14.0,0.03
Q3,late7,0.8271406464234087,gaussian,5.0,1.0,14.0,0.03
Q3,interleaved_offset1,0.6347530273557825,gaussian,5.0,1.0,14.0,0.07
Q3,interleaved_offset2,0.694220332941835,gaussian,5.0,1.0,14.0,0.07
Q3,late7,0.7808551455298338,gaussian,5.0,1.0,14.0,0.07
Q3,interleaved_offset1,0.6284878786749979,gaussian,5.0,1.0,14.0,0.12
Q3,interleaved_offset2,0.6823238071092035,gaussian,5.0,1.0,14.0,0.12
Q3,late7,0.7503006773681725,gaussian,5.0,1.0,14.0,0.12
Q3,interleaved_offset1,0.6802742771277835,gaussian,5.0,1.0,21.0,0.0
Q3,interleaved_offset2,0.7505040189218154,gaussian,5.0,1.0,21.0,0.0
Q3,late7,0.8702560273586198,gaussian,5.0,1.0,21.0,0.0
Q3,interleaved_offset1,0.6435729407549133,gaussian,5.0,1.0,21.0,0.03
Q3,interleaved_offset2,0.707053371367111,gaussian,5.0,1.0,21.0,0.03
Q3,late7,0.8177746764409598,gaussian,5.0,1.0,21.0,0.03
Q3,interleaved_offset1,0.6346528027600826,gaussian,5.0,1.0,21.0,0.07
Q3,interleaved_offset2,0.6924205558903055,gaussian,5.0,1.0,21.0,0.07
Q3,late7,0.7824001514435825,gaussian,5.0,1.0,21.0,0.07
Q3,interleaved_offset1,0.6284469753921857,gaussian,5.0,1.0,21.0,0.12
Q3,interleaved_offset2,0.6813209878101031,gaussian,5.0,1.0,21.0,0.12
Q3,late7,0.755629859569689,gaussian,5.0,1.0,21.0,0.12
Q3,interleaved_offset1,0.6784644457786824,gaussian,5.0,1.0,35.0,0.0
Q3,interleaved_offset2,0.7502219851227518,gaussian,5.0,1.0,35.0,0.0
Q3,late7,0.8702646175410373,gaussian,5.0,1.0,35.0,0.0
Q3,interleaved_offset1,0.6435503314858126,gaussian,5.0,1.0,35.0,0.03
Q3,interleaved_offset2,0.7070409245037385,gaussian,5.0,1.0,35.0,0.03
Q3,late7,0.817783112437811,gaussian,5.0,1.0,35.0,0.03
Q3,interleaved_offset1,0.6346434490388428,gaussian,5.0,1.0,35.0,0.07
Q3,interleaved_offset2,0.6924120046780513,gaussian,5.0,1.0,35.0,0.07
Q3,late7,0.7824083787019592,gaussian,5.0,1.0,35.0,0.07
Q3,interleaved_offset1,0.6284418940008323,gaussian,5.0,1.0,35.0,0.12
Q3,interleaved_offset2,0.6813147582663416,gaussian,5.0,1.0,35.0,0.12
Q3,late7,0.755637819956658,gaussian,5.0,1.0,35.0,0.12
Q3,interleaved_offset1,0.6784644457786824,gaussian,5.0,1.0,56.0,0.0
Q3,interleaved_offset2,0.7502219851227521,gaussian,5.0,1.0,56.0,0.0
Q3,late7,0.8702646175410373,gaussian,5.0,1.0,56.0,0.0
Q3,interleaved_offset1,0.6435503314858126,gaussian,5.0,1.0,56.0,0.03
Q3,interleaved_offset2,0.7070409245037386,gaussian,5.0,1.0,56.0,0.03
Q3,late7,0.817783112437811,gaussian,5.0,1.0,56.0,0.03
Q3,interleaved_offset1,0.6346434490388428,gaussian,5.0,1.0,56.0,0.07
Q3,interleaved_offset2,0.6924120046780513,gaussian,5.0,1.0,56.0,0.07
Q3,late7,0.7824083787019592,gaussian,5.0,1.0,56.0,0.07
Q3,interleaved_offset1,0.6284418940008323,gaussian,5.0,1.0,56.0,0.12
Q3,interleaved_offset2,0.6813147582663416,gaussian,5.0,1.0,56.0,0.12
Q3,late7,0.755637819956658,gaussian,5.0,1.0,56.0,0.12
Q3,interleaved_offset1,0.6784644457786824,gaussian,5.0,1.0,,0.0
Q3,interleaved_offset2,0.7502219851227521,gaussian,5.0,1.0,,0.0
Q3,late7,0.870264617541038,gaussian,5.0,1.0,,0.0
Q3,interleaved_offset1,0.6435503314858126,gaussian,5.0,1.0,,0.03
Q3,interleaved_offset2,0.7070409245037386,gaussian,5.0,1.0,,0.03
Q3,late7,0.8177831124378113,gaussian,5.0,1.0,,0.03
Q3,interleaved_offset1,0.6346434490388428,gaussian,5.0,1.0,,0.07
Q3,interleaved_offset2,0.6924120046780513,gaussian,5.0,1.0,,0.07
Q3,late7,0.7824083787019592,gaussian,5.0,1.0,,0.07
Q3,interleaved_offset1,0.6284418940008323,gaussian,5.0,1.0,,0.12
Q3,interleaved_offset2,0.6813147582663416,gaussian,5.0,1.0,,0.12
Q3,late7,0.755637819956658,gaussian,5.0,1.0,,0.12
Q3,interleaved_offset1,0.6925231455665251,gaussian,7.0,1.0,14.0,0.0
Q3,interleaved_offset2,0.8040909698807385,gaussian,7.0,1.0,14.0,0.0
Q3,late7,1.1043269448722126,gaussian,7.0,1.0,14.0,0.0
Q3,interleaved_offset1,0.6429930909580458,gaussian,7.0,1.0,14.0,0.03
Q3,interleaved_offset2,0.7027552496900105,gaussian,7.0,1.0,14.0,0.03
Q3,late7,0.8208307900428488,gaussian,7.0,1.0,14.0,0.03
Q3,interleaved_offset1,0.6362300201202115,gaussian,7.0,1.0,14.0,0.07
Q3,interleaved_offset2,0.6890290981822237,gaussian,7.0,1.0,14.0,0.07
Q3,late7,0.7819924521080323,gaussian,7.0,1.0,14.0,0.07
Q3,interleaved_offset1,0.6320736457614863,gaussian,7.0,1.0,14.0,0.12
Q3,interleaved_offset2,0.6798761469146555,gaussian,7.0,1.0,14.0,0.12
Q3,late7,0.7567591214693361,gaussian,7.0,1.0,14.0,0.12
Q3,interleaved_offset1,0.6486583504894047,gaussian,7.0,1.0,21.0,0.0
Q3,interleaved_offset2,0.6971820750928465,gaussian,7.0,1.0,21.0,0.0
Q3,late7,0.8004061324281784,gaussian,7.0,1.0,21.0,0.0
Q3,interleaved_offset1,0.639778401453641,gaussian,7.0,1.0,21.0,0.03
Q3,interleaved_offset2,0.6866178608962032,gaussian,7.0,1.0,21.0,0.03
Q3,late7,0.787504833467109,gaussian,7.0,1.0,21.0,0.03
Q3,interleaved_offset1,0.634739621310581,gaussian,7.0,1.0,21.0,0.07
Q3,interleaved_offset2,0.6794236822287546,gaussian,7.0,1.0,21.0,0.07
Q3,late7,0.7738267189115045,gaussian,7.0,1.0,21.0,0.07
Q3,interleaved_offset1,0.6313208802035358,gaussian,7.0,1.0,21.0,0.12
Q3,interleaved_offset2,0.6735621160497011,gaussian,7.0,1.0,21.0,0.12
Q3,late7,0.7604617631759194,gaussian,7.0,1.0,21.0,0.12
Q3,interleaved_offset1,0.6442340144559362,gaussian,7.0,1.0,35.0,0.0
Q3,interleaved_offset2,0.6951248917647407,gaussian,7.0,1.0,35.0,0.0
Q3,late7,0.800261631265183,gaussian,7.0,1.0,35.0,0.0
Q3,interleaved_offset1,0.6380912896740822,gaussian,7.0,1.0,35.0,0.03
Q3,interleaved_offset2,0.6857684830377098,gaussian,7.0,1.0,35.0,0.03
Q3,late7,0.7873665374595429,gaussian,7.0,1.0,35.0,0.03
Q3,interleaved_offset1,0.6338407318789152,gaussian,7.0,1.0,35.0,0.07
Q3,interleaved_offset2,0.6788940876420166,gaussian,7.0,1.0,35.0,0.07
Q3,late7,0.773696392485878,gaussian,7.0,1.0,35.0,0.07
Q3,interleaved_offset1,0.630777107599338,gaussian,7.0,1.0,35.0,0.12
Q3,interleaved_offset2,0.6731859014954941,gaussian,7.0,1.0,35.0,0.12
Q3,late7,0.76034116006002,gaussian,7.0,1.0,35.0,0.12
Q3,interleaved_offset1,0.6442339770234792,gaussian,7.0,1.0,56.0,0.0
Q3,interleaved_offset2,0.6951248049255846,gaussian,7.0,1.0,56.0,0.0
Q3,late7,0.8002616976113545,gaussian,7.0,1.0,56.0,0.0
Q3,interleaved_offset1,0.6380912561110594,gaussian,7.0,1.0,56.0,0.03
Q3,interleaved_offset2,0.6857684113528738,gaussian,7.0,1.0,56.0,0.03
Q3,late7,0.7873665951984604,gaussian,7.0,1.0,56.0,0.03
Q3,interleaved_offset1,0.6338407028978477,gaussian,7.0,1.0,56.0,0.07
Q3,interleaved_offset2,0.6788940308937758,gaussian,7.0,1.0,56.0,0.07
Q3,late7,0.7736964442150364,gaussian,7.0,1.0,56.0,0.07
Q3,interleaved_offset1,0.6307770835615344,gaussian,7.0,1.0,56.0,0.12
Q3,interleaved_offset2,0.6731858582537757,gaussian,7.0,1.0,56.0,0.12
Q3,late7,0.7603412084141897,gaussian,7.0,1.0,56.0,0.12
Q3,interleaved_offset1,0.6442339770234792,gaussian,7.0,1.0,,0.0
Q3,interleaved_offset2,0.6951248049255846,gaussian,7.0,1.0,,0.0
Q3,late7,0.8002616976113544,gaussian,7.0,1.0,,0.0
Q3,interleaved_offset1,0.6380912561110594,gaussian,7.0,1.0,,0.03
Q3,interleaved_offset2,0.6857684113528738,gaussian,7.0,1.0,,0.03
Q3,late7,0.7873665951984606,gaussian,7.0,1.0,,0.03
Q3,interleaved_offset1,0.6338407028978478,gaussian,7.0,1.0,,0.07
Q3,interleaved_offset2,0.6788940308937758,gaussian,7.0,1.0,,0.07
Q3,late7,0.7736964442150364,gaussian,7.0,1.0,,0.07
Q3,interleaved_offset1,0.6307770835615345,gaussian,7.0,1.0,,0.12
Q3,interleaved_offset2,0.6731858582537757,gaussian,7.0,1.0,,0.12
Q3,late7,0.7603412084141897,gaussian,7.0,1.0,,0.12
Q3,interleaved_offset1,0.7007265621378381,gaussian,10.0,1.0,14.0,0.0
Q3,interleaved_offset2,0.8116591600592078,gaussian,10.0,1.0,14.0,0.0
Q3,late7,1.1160014170432175,gaussian,10.0,1.0,14.0,0.0
Q3,interleaved_offset1,0.6514844733270192,gaussian,10.0,1.0,14.0,0.03
Q3,interleaved_offset2,0.7106337550009196,gaussian,10.0,1.0,14.0,0.03
Q3,late7,0.8341130065239896,gaussian,10.0,1.0,14.0,0.03
Q3,interleaved_offset1,0.6450080462145958,gaussian,10.0,1.0,14.0,0.07
Q3,interleaved_offset2,0.6971984882003796,gaussian,10.0,1.0,14.0,0.07
Q3,late7,0.7967310003690816,gaussian,10.0,1.0,14.0,0.07
Q3,interleaved_offset1,0.6410745362212087,gaussian,10.0,1.0,14.0,0.12
Q3,interleaved_offset2,0.688253607509508,gaussian,10.0,1.0,14.0,0.12
Q3,late7,0.7725905161634251,gaussian,10.0,1.0,14.0,0.12
Q3,interleaved_offset1,0.6428465765627759,gaussian,10.0,1.0,21.0,0.0
Q3,interleaved_offset2,0.6843842460751741,gaussian,10.0,1.0,21.0,0.0
Q3,late7,0.7950816780484626,gaussian,10.0,1.0,21.0,0.0
Q3,interleaved_offset1,0.6408470255045556,gaussian,10.0,1.0,21.0,0.03
Q3,interleaved_offset2,0.6812355589325539,gaussian,10.0,1.0,21.0,0.03
Q3,late7,0.7887728567509881,gaussian,10.0,1.0,21.0,0.03
Q3,interleaved_offset1,0.6389662431123516,gaussian,10.0,1.0,21.0,0.07
Q3,interleaved_offset2,0.6779118939360641,gaussian,10.0,1.0,21.0,0.07
Q3,late7,0.7811684051743188,gaussian,10.0,1.0,21.0,0.07
Q3,interleaved_offset1,0.6374087648465525,gaussian,10.0,1.0,21.0,0.12
Q3,interleaved_offset2,0.6746500788381253,gaussian,10.0,1.0,21.0,0.12
Q3,late7,0.7727463946523138,gaussian,10.0,1.0,21.0,0.12
Q3,interleaved_offset1,0.6356577976672254,gaussian,10.0,1.0,35.0,0.0
Q3,interleaved_offset2,0.6778708252066326,gaussian,10.0,1.0,35.0,0.0
Q3,late7,0.7894354082176103,gaussian,10.0,1.0,35.0,0.0
Q3,interleaved_offset1,0.6350112482704543,gaussian,10.0,1.0,35.0,0.03
Q3,interleaved_offset2,0.6758810812515552,gaussian,10.0,1.0,35.0,0.03
Q3,late7,0.7833662825575958,gaussian,10.0,1.0,35.0,0.03
Q3,interleaved_offset1,0.6343647626426675,gaussian,10.0,1.0,35.0,0.07
Q3,interleaved_offset2,0.6735925635404154,gaussian,10.0,1.0,35.0,0.07
Q3,late7,0.7760688684250872,gaussian,10.0,1.0,35.0,0.07
Q3,interleaved_offset1,0.6338566397736267,gaussian,10.0,1.0,35.0,0.12
Q3,interleaved_offset2,0.6712067608332928,gaussian,10.0,1.0,35.0,0.12
Q3,late7,0.7680145968016858,gaussian,10.0,1.0,35.0,0.12
Q3,interleaved_offset1,0.6356552905224224,gaussian,10.0,1.0,56.0,0.0
Q3,interleaved_offset2,0.6778517980246085,gaussian,10.0,1.0,56.0,0.0
Q3,late7,0.7894620183967842,gaussian,10.0,1.0,56.0,0.0
Q3,interleaved_offset1,0.6350099862213112,gaussian,10.0,1.0,56.0,0.03
Q3,interleaved_offset2,0.6758642583106773,gaussian,10.0,1.0,56.0,0.03
Q3,late7,0.7833929351470734,gaussian,10.0,1.0,56.0,0.03
Q3,interleaved_offset1,0.6343649637251225,gaussian,10.0,1.0,56.0,0.07
Q3,interleaved_offset2,0.6735783762156891,gaussian,10.0,1.0,56.0,0.07
Q3,late7,0.7760958113121353,gaussian,10.0,1.0,56.0,0.07
Q3,interleaved_offset1,0.6338583887955578,gaussian,10.0,1.0,56.0,0.12
Q3,interleaved_offset2,0.6711954479411865,gaussian,10.0,1.0,56.0,0.12
Q3,late7,0.7680420437056141,gaussian,10.0,1.0,56.0,0.12
Q3,interleaved_offset1,0.6356552903703903,gaussian,10.0,1.0,,0.0
Q3,interleaved_offset2,0.6778517994349789,gaussian,10.0,1.0,,0.0
Q3,late7,0.789462016980772,gaussian,10.0,1.0,,0.0
Q3,interleaved_offset1,0.6350099861368768,gaussian,10.0,1.0,,0.03
Q3,interleaved_offset2,0.6758642596927934,gaussian,10.0,1.0,,0.03
Q3,late7,0.7833929338035795,gaussian,10.0,1.0,,0.03
Q3,interleaved_offset1,0.6343649637193162,gaussian,10.0,1.0,,0.07
Q3,interleaved_offset2,0.6735783775591545,gaussian,10.0,1.0,,0.07
Q3,late7,0.7760958100865515,gaussian,10.0,1.0,,0.07
Q3,interleaved_offset1,0.633858388871919,gaussian,10.0,1.0,,0.12
Q3,interleaved_offset2,0.6711954492347146,gaussian,10.0,1.0,,0.12
Q3,late7,0.7680420426439368,gaussian,10.0,1.0,,0.12
Q3,interleaved_offset1,0.7083544917256084,gaussian,14.0,1.0,14.0,0.0
Q3,interleaved_offset2,0.8204352654904754,gaussian,14.0,1.0,14.0,0.0
Q3,late7,1.1273920571347449,gaussian,14.0,1.0,14.0,0.0
Q3,interleaved_offset1,0.6590170548855906,gaussian,14.0,1.0,14.0,0.03
Q3,interleaved_offset2,0.7192422073610599,gaussian,14.0,1.0,14.0,0.03
Q3,late7,0.8455976178176958,gaussian,14.0,1.0,14.0,0.03
Q3,interleaved_offset1,0.6523941094929633,gaussian,14.0,1.0,14.0,0.07
Q3,interleaved_offset2,0.7055619986952913,gaussian,14.0,1.0,14.0,0.07
Q3,late7,0.8082327958546747,gaussian,14.0,1.0,14.0,0.07
Q3,interleaved_offset1,0.6482490468451062,gaussian,14.0,1.0,14.0,0.12
Q3,interleaved_offset2,0.6962833781044511,gaussian,14.0,1.0,14.0,0.12
Q3,late7,0.7839771517941209,gaussian,14.0,1.0,14.0,0.12
Q3,interleaved_offset1,0.6446516791578079,gaussian,14.0,1.0,21.0,0.0
Q3,interleaved_offset2,0.6844526291056684,gaussian,14.0,1.0,21.0,0.0
Q3,late7,0.8007686852605984,gaussian,14.0,1.0,21.0,0.0
Q3,interleaved_offset1,0.643700336150144,gaussian,14.0,1.0,21.0,0.03
Q3,interleaved_offset2,0.6824726669780465,gaussian,14.0,1.0,21.0,0.03
Q3,late7,0.795625265342313,gaussian,14.0,1.0,21.0,0.03
Q3,interleaved_offset1,0.6426870990284881,gaussian,14.0,1.0,21.0,0.07
Q3,interleaved_offset2,0.6801466539062332,gaussian,14.0,1.0,21.0,0.07
Q3,late7,0.7891996307419212,gaussian,14.0,1.0,21.0,0.07
Q3,interleaved_offset1,0.6417582267350456,gaussian,14.0,1.0,21.0,0.12
Q3,interleaved_offset2,0.6776519405679969,gaussian,14.0,1.0,21.0,0.12
Q3,late7,0.7817910830262031,gaussian,14.0,1.0,21.0,0.12
Q3,interleaved_offset1,0.6369552265855654,gaussian,14.0,1.0,35.0,0.0
Q3,interleaved_offset2,0.672584314740782,gaussian,14.0,1.0,35.0,0.0
Q3,late7,0.7784092876230262,gaussian,14.0,1.0,35.0,0.0
Q3,interleaved_offset1,0.636833510611584,gaussian,14.0,1.0,35.0,0.03
Q3,interleaved_offset2,0.6717000183061752,gaussian,14.0,1.0,35.0,0.03
Q3,late7,0.7742825293688551,gaussian,14.0,1.0,35.0,0.03
Q3,interleaved_offset1,0.6367631148039491,gaussian,14.0,1.0,35.0,0.07
Q3,interleaved_offset2,0.6706312055062172,gaussian,14.0,1.0,35.0,0.07
Q3,late7,0.7691601449208225,gaussian,14.0,1.0,35.0,0.07
Q3,interleaved_offset1,0.6368162625969263,gaussian,14.0,1.0,35.0,0.12
Q3,interleaved_offset2,0.6694648675631321,gaussian,14.0,1.0,35.0,0.12
Q3,late7,0.7633060957284064,gaussian,14.0,1.0,35.0,0.12
Q3,interleaved_offset1,0.6369819329494179,gaussian,14.0,1.0,56.0,0.0
Q3,interleaved_offset2,0.6722072259499114,gaussian,14.0,1.0,56.0,0.0
Q3,late7,0.7781985097754566,gaussian,14.0,1.0,56.0,0.0
Q3,interleaved_offset1,0.6368907226274125,gaussian,14.0,1.0,56.0,0.03
Q3,interleaved_offset2,0.6713629621428994,gaussian,14.0,1.0,56.0,0.03
Q3,late7,0.7741535213154904,gaussian,14.0,1.0,56.0,0.03
Q3,interleaved_offset1,0.6368558390425835,gaussian,14.0,1.0,56.0,0.07
Q3,interleaved_offset2,0.6703435811659778,gaussian,14.0,1.0,56.0,0.07
Q3,late7,0.7691258534162073,gaussian,14.0,1.0,56.0,0.07
Q3,interleaved_offset1,0.6369460257952548,gaussian,14.0,1.0,56.0,0.12
Q3,interleaved_offset2,0.6692331369052282,gaussian,14.0,1.0,56.0,0.12
Q3,late7,0.7633702796480459,gaussian,14.0,1.0,56.0,0.12
Q3,interleaved_offset1,0.6369833248379653,gaussian,14.0,1.0,,0.0
Q3,interleaved_offset2,0.6722117976953562,gaussian,14.0,1.0,,0.0
Q3,late7,0.7781927702721452,gaussian,14.0,1.0,,0.0
Q3,interleaved_offset1,0.6368922518674263,gaussian,14.0,1.0,,0.03
Q3,interleaved_offset2,0.6713674532587558,gaussian,14.0,1.0,,0.03
Q3,late7,0.7741485800940144,gaussian,14.0,1.0,,0.03
Q3,interleaved_offset1,0.6368575197365387,gaussian,14.0,1.0,,0.07
Q3,interleaved_offset2,0.6703479600842591,gaussian,14.0,1.0,,0.07
Q3,late7,0.7691218634624356,gaussian,14.0,1.0,,0.07
Q3,interleaved_offset1,0.6369478515290904,gaussian,14.0,1.0,,0.12
Q3,interleaved_offset2,0.669237367997388,gaussian,14.0,1.0,,0.12
Q3,late7,0.7633673199634216,gaussian,14.0,1.0,,0.12
Q3,interleaved_offset1,0.7141334762123323,gaussian,21.0,1.0,14.0,0.0
Q3,interleaved_offset2,0.8274344569669809,gaussian,21.0,1.0,14.0,0.0
Q3,late7,1.1358198873271796,gaussian,21.0,1.0,14.0,0.0
Q3,interleaved_offset1,0.6646618398370071,gaussian,21.0,1.0,14.0,0.03
Q3,interleaved_offset2,0.726034239981594,gaussian,21.0,1.0,14.0,0.03
Q3,late7,0.8539134879775786,gaussian,21.0,1.0,14.0,0.03
Q3,interleaved_offset1,0.657855161683048,gaussian,21.0,1.0,14.0,0.07
Q3,interleaved_offset2,0.7120748103016112,gaussian,21.0,1.0,14.0,0.07
Q3,late7,0.8163687632384116,gaussian,21.0,1.0,14.0,0.07
Q3,interleaved_offset1,0.6534732724062037,gaussian,21.0,1.0,14.0,0.12
Q3,interleaved_offset2,0.7024441515973502,gaussian,21.0,1.0,14.0,0.12
Q3,late7,0.7918476563118959,gaussian,21.0,1.0,14.0,0.12
Q3,interleaved_offset1,0.6473985756287112,gaussian,21.0,1.0,21.0,0.0
Q3,interleaved_offset2,0.6865959732280329,gaussian,21.0,1.0,21.0,0.0
Q3,late7,0.8066220618968943,gaussian,21.0,1.0,21.0,0.0
Q3,interleaved_offset1,0.6466483520059563,gaussian,21.0,1.0,21.0,0.03
Q3,interleaved_offset2,0.6848764409514158,gaussian,21.0,1.0,21.0,0.03
Q3,late7,0.8017144886850344,gaussian,21.0,1.0,21.0,0.03
Q3,interleaved_offset1,0.6458082034957554,gaussian,21.0,1.0,21.0,0.07
Q3,interleaved_offset2,0.6827864866791399,gaussian,21.0,1.0,21.0,0.07
Q3,late7,0.7955079612414392,gaussian,21.0,1.0,21.0,0.07
Q3,interleaved_offset1,0.6449898620331233,gaussian,21.0,1.0,21.0,0.12
Q3,interleaved_offset2,0.6804649726885543,gaussian,21.0,1.0,21.0,0.12
Q3,late7,0.7882477919342237,gaussian,21.0,1.0,21.0,0.12
Q3,interleaved_offset1,0.6428565396059412,gaussian,21.0,1.0,35.0,0.0
Q3,interleaved_offset2,0.6705642286889454,gaussian,21.0,1.0,35.0,0.0
Q3,late7,0.7627107486448913,gaussian,21.0,1.0,35.0,0.0
Q3,interleaved_offset1,0.6426364363891167,gaussian,21.0,1.0,35.0,0.03
Q3,interleaved_offset2,0.670023491124419,gaussian,21.0,1.0,35.0,0.03
Q3,late7,0.759729127539408,gaussian,21.0,1.0,35.0,0.03
Q3,interleaved_offset1,0.6424326860512665,gaussian,21.0,1.0,35.0,0.07
Q3,interleaved_offset2,0.6693731035142152,gaussian,21.0,1.0,35.0,0.07
Q3,late7,0.7560174005189444,gaussian,21.0,1.0,35.0,0.07
Q3,interleaved_offset1,0.6423130672348737,gaussian,21.0,1.0,35.0,0.12
Q3,interleaved_offset2,0.6686707129956884,gaussian,21.0,1.0,35.0,0.12
Q3,late7,0.7517610976505991,gaussian,21.0,1.0,35.0,0.12
Q3,interleaved_offset1,0.6416024388544053,gaussian,21.0,1.0,56.0,0.0
Q3,interleaved_offset2,0.667293750284973,gaussian,21.0,1.0,56.0,0.0
Q3,late7,0.7533680115946376,gaussian,21.0,1.0,56.0,0.0
Q3,interleaved_offset1,0.6416654420382295,gaussian,21.0,1.0,56.0,0.03
Q3,interleaved_offset2,0.6670335841313897,gaussian,21.0,1.0,56.0,0.03
Q3,late7,0.7512154883536507,gaussian,21.0,1.0,56.0,0.03
Q3,interleaved_offset1,0.6418001078553212,gaussian,21.0,1.0,56.0,0.07
Q3,interleaved_offset2,0.6667346500170678,gaussian,21.0,1.0,56.0,0.07
Q3,late7,0.748497872958392,gaussian,21.0,1.0,56.0,0.07
Q3,interleaved_offset1,0.6420475423786436,gaussian,21.0,1.0,56.0,0.12
Q3,interleaved_offset2,0.6664369745239359,gaussian,21.0,1.0,56.0,0.12
Q3,late7,0.7453316296041474,gaussian,21.0,1.0,56.0,0.12
Q3,interleaved_offset1,0.6418750924929787,gaussian,21.0,1.0,,0.0
Q3,interleaved_offset2,0.6677264392562281,gaussian,21.0,1.0,,0.0
Q3,late7,0.7529243210673158,gaussian,21.0,1.0,,0.0
Q3,interleaved_offset1,0.6419427679741159,gaussian,21.0,1.0,,0.03
Q3,interleaved_offset2,0.6674601942228154,gaussian,21.0,1.0,,0.03
Q3,late7,0.7508470076577375,gaussian,21.0,1.0,,0.03
Q3,interleaved_offset1,0.6420818662502953,gaussian,21.0,1.0,,0.07
Q3,interleaved_offset2,0.6671525348411236,gaussian,21.0,1.0,,0.07
Q3,late7,0.748219874977539,gaussian,21.0,1.0,,0.07
Q3,interleaved_offset1,0.6423322092264816,gaussian,21.0,1.0,,0.12
Q3,interleaved_offset2,0.6668429587070932,gaussian,21.0,1.0,,0.12
Q3,late7,0.7451525614099678,gaussian,21.0,1.0,,0.12
Q3,interleaved_offset1,0.7164150333776067,gaussian,28.0,1.0,14.0,0.0
Q3,interleaved_offset2,0.8302522854868016,gaussian,28.0,1.0,14.0,0.0
Q3,late7,1.139095664211603,gaussian,28.0,1.0,14.0,0.0
Q3,interleaved_offset1,0.666881340911484,gaussian,28.0,1.0,14.0,0.03
Q3,interleaved_offset2,0.728758086879511,gaussian,28.0,1.0,14.0,0.03
Q3,late7,0.8571223726647511,gaussian,28.0,1.0,14.0,0.03
Q3,interleaved_offset1,0.6599913702806816,gaussian,28.0,1.0,14.0,0.07
Q3,interleaved_offset2,0.7146740476954079,gaussian,28.0,1.0,14.0,0.07
Q3,late7,0.8194820019742797,gaussian,28.0,1.0,14.0,0.07
Q3,interleaved_offset1,0.6555045258129006,gaussian,28.0,1.0,14.0,0.12
Q3,interleaved_offset2,0.7048890571391685,gaussian,28.0,1.0,14.0,0.12
Q3,late7,0.7948326775524328,gaussian,28.0,1.0,14.0,0.12
Q3,interleaved_offset1,0.6486996890463436,gaussian,28.0,1.0,21.0,0.0
Q3,interleaved_offset2,0.6877430591438539,gaussian,28.0,1.0,21.0,0.0
Q3,late7,0.8091535470524839,gaussian,28.0,1.0,21.0,0.0
Q3,interleaved_offset1,0.6479622999282687,gaussian,28.0,1.0,21.0,0.03
Q3,interleaved_offset2,0.6860582509917648,gaussian,28.0,1.0,21.0,0.03
Q3,late7,0.8042560162090863,gaussian,28.0,1.0,21.0,0.03
Q3,interleaved_offset1,0.6471237840165054,gaussian,28.0,1.0,21.0,0.07
Q3,interleaved_offset2,0.6839937291083542,gaussian,28.0,1.0,21.0,0.07
Q3,late7,0.7980457051977037,gaussian,28.0,1.0,21.0,0.07
Q3,interleaved_offset1,0.646288964862576,gaussian,28.0,1.0,21.0,0.12
Q3,interleaved_offset2,0.6816793421057801,gaussian,28.0,1.0,21.0,0.12
Q3,late7,0.7907571795402055,gaussian,28.0,1.0,21.0,0.12
Q3,interleaved_offset1,0.6470635556511141,gaussian,28.0,1.0,35.0,0.0
Q3,interleaved_offset2,0.6710914547625779,gaussian,28.0,1.0,35.0,0.0
Q3,late7,0.7567852939320151,gaussian,28.0,1.0,35.0,0.0
Q3,interleaved_offset1,0.6467006422841214,gaussian,28.0,1.0,35.0,0.03
Q3,interleaved_offset2,0.6705898422688241,gaussian,28.0,1.0,35.0,0.03
Q3,late7,0.7540675889620366,gaussian,28.0,1.0,35.0,0.03
Q3,interleaved_offset1,0.6463132992151038,gaussian,28.0,1.0,35.0,0.07
Q3,interleaved_offset2,0.6699857200627976,gaussian,28.0,1.0,35.0,0.07
Q3,late7,0.7507053543429082,gaussian,28.0,1.0,35.0,0.07
Q3,interleaved_offset1,0.6459726641661312,gaussian,28.0,1.0,35.0,0.12
Q3,interleaved_offset2,0.669331926928255,gaussian,28.0,1.0,35.0,0.12
Q3,late7,0.7468762567999017,gaussian,28.0,1.0,35.0,0.12
Q3,interleaved_offset1,0.6435208779796742,gaussian,28.0,1.0,56.0,0.0
Q3,interleaved_offset2,0.6643076337645416,gaussian,28.0,1.0,56.0,0.0
Q3,late7,0.733654502806617,gaussian,28.0,1.0,56.0,0.0
Q3,interleaved_offset1,0.6437178858543198,gaussian,28.0,1.0,56.0,0.03
Q3,interleaved_offset2,0.6643302471142121,gaussian,28.0,1.0,56.0,0.03
Q3,late7,0.7325674734027017,gaussian,28.0,1.0,56.0,0.03
Q3,interleaved_offset1,0.6440083524173035,gaussian,28.0,1.0,56.0,0.07
Q3,interleaved_offset2,0.6643871482333074,gaussian,28.0,1.0,56.0,0.07
Q3,late7,0.7311964358414835,gaussian,28.0,1.0,56.0,0.07
Q3,interleaved_offset1,0.6444155542886036,gaussian,28.0,1.0,56.0,0.12
Q3,interleaved_offset2,0.664501063989775,gaussian,28.0,1.0,56.0,0.12
Q3,late7,0.7296046783372072,gaussian,28.0,1.0,56.0,0.12
Q3,interleaved_offset1,0.645136742105499,gaussian,28.0,1.0,,0.0
Q3,interleaved_offset2,0.6663243292116192,gaussian,28.0,1.0,,0.0
Q3,late7,0.7340253420606464,gaussian,28.0,1.0,,0.0
Q3,interleaved_offset1,0.6453246812419239,gaussian,28.0,1.0,,0.03
Q3,interleaved_offset2,0.6663187441593842,gaussian,28.0,1.0,,0.03
Q3,late7,0.7331076034039129,gaussian,28.0,1.0,,0.03
Q3,interleaved_offset1,0.645598901338617,gaussian,28.0,1.0,,0.07
Q3,interleaved_offset2,0.6663350824178104,gaussian,28.0,1.0,,0.07
Q3,late7,0.7319403687801443,gaussian,28.0,1.0,,0.07
Q3,interleaved_offset1,0.6459793455224919,gaussian,28.0,1.0,,0.12
Q3,interleaved_offset2,0.6663935450923133,gaussian,28.0,1.0,,0.12
Q3,late7,0.7305698298304005,gaussian,28.0,1.0,,0.12
Q3,interleaved_offset1,0.6827858798927714,inverse,14.0,0.75,14.0,0.0
Q3,interleaved_offset2,0.8102098081637059,inverse,14.0,0.75,14.0,0.0
Q3,late7,1.1186159569849228,inverse,14.0,0.75,14.0,0.0
Q3,interleaved_offset1,0.6336231443271829,inverse,14.0,0.75,14.0,0.03
Q3,interleaved_offset2,0.7084929680297745,inverse,14.0,0.75,14.0,0.03
Q3,late7,0.8365279608066782,inverse,14.0,0.75,14.0,0.03
Q3,interleaved_offset1,0.6273342742121321,inverse,14.0,0.75,14.0,0.07
Q3,interleaved_offset2,0.6943011828139612,inverse,14.0,0.75,14.0,0.07
Q3,late7,0.7988564565228177,inverse,14.0,0.75,14.0,0.07
Q3,interleaved_offset1,0.6237490757464519,inverse,14.0,0.75,14.0,0.12
Q3,interleaved_offset2,0.6846234383324045,inverse,14.0,0.75,14.0,0.12
Q3,late7,0.7743385872704187,inverse,14.0,0.75,14.0,0.12
Q3,interleaved_offset1,0.6201882145395128,inverse,14.0,0.75,21.0,0.0
Q3,interleaved_offset2,0.6759931114695527,inverse,14.0,0.75,21.0,0.0
Q3,late7,0.7970582153644664,inverse,14.0,0.75,21.0,0.0
Q3,interleaved_offset1,0.6193165037000109,inverse,14.0,0.75,21.0,0.03
Q3,interleaved_offset2,0.6735288962309909,inverse,14.0,0.75,21.0,0.03
Q3,late7,0.7913097312226312,inverse,14.0,0.75,21.0,0.03
Q3,interleaved_offset1,0.6185746882881867,inverse,14.0,0.75,21.0,0.07
Q3,interleaved_offset2,0.6706992558801655,inverse,14.0,0.75,21.0,0.07
Q3,late7,0.784192905470742,inverse,14.0,0.75,21.0,0.07
Q3,interleaved_offset1,0.618175677339418,inverse,14.0,0.75,21.0,0.12
Q3,interleaved_offset2,0.6677673918521272,inverse,14.0,0.75,21.0,0.12
Q3,late7,0.7760844905249145,inverse,14.0,0.75,21.0,0.12
Q3,interleaved_offset1,0.6156313849933357,inverse,14.0,0.75,35.0,0.0
Q3,interleaved_offset2,0.6590051532131811,inverse,14.0,0.75,35.0,0.0
Q3,late7,0.74427759687504,inverse,14.0,0.75,35.0,0.0
Q3,interleaved_offset1,0.6158149797012354,inverse,14.0,0.75,35.0,0.03
Q3,interleaved_offset2,0.658315471068444,inverse,14.0,0.75,35.0,0.03
Q3,late7,0.7413811826334186,inverse,14.0,0.75,35.0,0.03
Q3,interleaved_offset1,0.6162095348925123,inverse,14.0,0.75,35.0,0.07
Q3,interleaved_offset2,0.6575359310309938,inverse,14.0,0.75,35.0,0.07
Q3,late7,0.7378504760686456,inverse,14.0,0.75,35.0,0.07
Q3,interleaved_offset1,0.6169237183989221,inverse,14.0,0.75,35.0,0.12
Q3,interleaved_offset2,0.656775152660671,inverse,14.0,0.75,35.0,0.12
Q3,late7,0.7339199727001889,inverse,14.0,0.75,35.0,0.12
Q3,interleaved_offset1,0.6157040079267162,inverse,14.0,0.75,56.0,0.0
Q3,interleaved_offset2,0.6513844125922728,inverse,14.0,0.75,56.0,0.0
Q3,late7,0.7133578742907565,inverse,14.0,0.75,56.0,0.0
Q3,interleaved_offset1,0.6163579406973109,inverse,14.0,0.75,56.0,0.03
Q3,interleaved_offset2,0.6513872220251716,inverse,14.0,0.75,56.0,0.03
Q3,late7,0.7127401512688203,inverse,14.0,0.75,56.0,0.03
Q3,interleaved_offset1,0.6172998914461467,inverse,14.0,0.75,56.0,0.07
Q3,interleaved_offset2,0.6514641089249809,inverse,14.0,0.75,56.0,0.07
Q3,late7,0.7120079864831536,inverse,14.0,0.75,56.0,0.07
Q3,interleaved_offset1,0.6185868493124388,inverse,14.0,0.75,56.0,0.12
Q3,interleaved_offset2,0.6516750549101636,inverse,14.0,0.75,56.0,0.12
Q3,late7,0.7112356821265793,inverse,14.0,0.75,56.0,0.12
Q3,interleaved_offset1,0.6194042995722341,inverse,14.0,0.75,,0.0
Q3,interleaved_offset2,0.6559509369256497,inverse,14.0,0.75,,0.0
Q3,late7,0.7181225838100508,inverse,14.0,0.75,,0.0
Q3,interleaved_offset1,0.6200470701358223,inverse,14.0,0.75,,0.03
Q3,interleaved_offset2,0.6558953453953499,inverse,14.0,0.75,,0.03
Q3,late7,0.7178187718360225,inverse,14.0,0.75,,0.03
Q3,interleaved_offset1,0.620963279904843,inverse,14.0,0.75,,0.07
Q3,interleaved_offset2,0.6558869296137664,inverse,14.0,0.75,,0.07
Q3,late7,0.7174519402416648,inverse,14.0,0.75,,0.07
Q3,interleaved_offset1,0.622201353376054,inverse,14.0,0.75,,0.12
Q3,interleaved_offset2,0.6559794506911535,inverse,14.0,0.75,,0.12
Q3,late7,0.7170542196208805,inverse,14.0,0.75,,0.12
Q3,interleaved_offset1,0.6779103230230439,inverse,14.0,1.0,14.0,0.0
Q3,interleaved_offset2,0.8141628108550543,inverse,14.0,1.0,14.0,0.0
Q3,late7,1.1160576363334203,inverse,14.0,1.0,14.0,0.0
Q3,interleaved_offset1,0.6282439139364696,inverse,14.0,1.0,14.0,0.03
Q3,interleaved_offset2,0.7114283506052831,inverse,14.0,1.0,14.0,0.03
Q3,late7,0.8335043928784043,inverse,14.0,1.0,14.0,0.03
Q3,interleaved_offset1,0.6214187379431844,inverse,14.0,1.0,14.0,0.07
Q3,interleaved_offset2,0.6961076726413357,inverse,14.0,1.0,14.0,0.07
Q3,late7,0.7953189903601181,inverse,14.0,1.0,14.0,0.07
Q3,interleaved_offset1,0.6173423272377567,inverse,14.0,1.0,14.0,0.12
Q3,interleaved_offset2,0.6852936348461309,inverse,14.0,1.0,14.0,0.12
Q3,late7,0.770301125380343,inverse,14.0,1.0,14.0,0.12
Q3,interleaved_offset1,0.616981321457906,inverse,14.0,1.0,21.0,0.0
Q3,interleaved_offset2,0.6827739151380372,inverse,14.0,1.0,21.0,0.0
Q3,late7,0.7979028823630625,inverse,14.0,1.0,21.0,0.0
Q3,interleaved_offset1,0.6151561916643415,inverse,14.0,1.0,21.0,0.03
Q3,interleaved_offset2,0.6789146213249226,inverse,14.0,1.0,21.0,0.03
Q3,late7,0.7912893425518678,inverse,14.0,1.0,21.0,0.03
Q3,interleaved_offset1,0.613522189512234,inverse,14.0,1.0,21.0,0.07
Q3,interleaved_offset2,0.6745744998760084,inverse,14.0,1.0,21.0,0.07
Q3,late7,0.7832049537637937,inverse,14.0,1.0,21.0,0.07
Q3,interleaved_offset1,0.6123723169975738,inverse,14.0,1.0,21.0,0.12
Q3,interleaved_offset2,0.6701467811935963,inverse,14.0,1.0,21.0,0.12
Q3,late7,0.774129491156331,inverse,14.0,1.0,21.0,0.12
Q3,interleaved_offset1,0.6091367101106657,inverse,14.0,1.0,35.0,0.0
Q3,interleaved_offset2,0.6642529176812683,inverse,14.0,1.0,35.0,0.0
Q3,late7,0.7491760654935867,inverse,14.0,1.0,35.0,0.0
Q3,interleaved_offset1,0.6089797586196396,inverse,14.0,1.0,35.0,0.03
Q3,interleaved_offset2,0.6626606406381905,inverse,14.0,1.0,35.0,0.03
Q3,late7,0.7454307827367059,inverse,14.0,1.0,35.0,0.03
Q3,interleaved_offset1,0.6090067220585497,inverse,14.0,1.0,35.0,0.07
Q3,interleaved_offset2,0.660804073745401,inverse,14.0,1.0,35.0,0.07
Q3,late7,0.7408881825358089,inverse,14.0,1.0,35.0,0.07
Q3,interleaved_offset1,0.6093832709397637,inverse,14.0,1.0,35.0,0.12
Q3,interleaved_offset2,0.6588765517211634,inverse,14.0,1.0,35.0,0.12
Q3,late7,0.7358622664731422,inverse,14.0,1.0,35.0,0.12
Q3,interleaved_offset1,0.6087473167663716,inverse,14.0,1.0,56.0,0.0
Q3,interleaved_offset2,0.6569097411097308,inverse,14.0,1.0,56.0,0.0
Q3,late7,0.720427366912976,inverse,14.0,1.0,56.0,0.0
Q3,interleaved_offset1,0.6090293656252604,inverse,14.0,1.0,56.0,0.03
Q3,interleaved_offset2,0.6560537053714822,inverse,14.0,1.0,56.0,0.03
Q3,late7,0.719064754717469,inverse,14.0,1.0,56.0,0.03
Q3,interleaved_offset1,0.6095586838218587,inverse,14.0,1.0,56.0,0.07
Q3,interleaved_offset2,0.6550850977086269,inverse,14.0,1.0,56.0,0.07
Q3,late7,0.7174124423365402,inverse,14.0,1.0,56.0,0.07
Q3,interleaved_offset1,0.6104515430776748,inverse,14.0,1.0,56.0,0.12
Q3,interleaved_offset2,0.6541366958601734,inverse,14.0,1.0,56.0,0.12
Q3,late7,0.7155990669166635,inverse,14.0,1.0,56.0,0.12
Q3,interleaved_offset1,0.6105742300826145,inverse,14.0,1.0,,0.0
Q3,interleaved_offset2,0.6594929289782883,inverse,14.0,1.0,,0.0
Q3,late7,0.7214882612768015,inverse,14.0,1.0,,0.0
Q3,interleaved_offset1,0.610903180211303,inverse,14.0,1.0,,0.03
Q3,interleaved_offset2,0.6586383069714578,inverse,14.0,1.0,,0.03
Q3,late7,0.720624392660222,inverse,14.0,1.0,,0.03
Q3,interleaved_offset1,0.6114810497571236,inverse,14.0,1.0,,0.07
Q3,interleaved_offset2,0.6576621269739932,inverse,14.0,1.0,,0.07
Q3,late7,0.7195639319364443,inverse,14.0,1.0,,0.07
Q3,interleaved_offset1,0.6124141601797403,inverse,14.0,1.0,,0.12
Q3,interleaved_offset2,0.6566899828043823,inverse,14.0,1.0,,0.12
Q3,late7,0.7183812714890286,inverse,14.0,1.0,,0.12
Q3,interleaved_offset1,0.6804886527458481,inverse,14.0,1.5,14.0,0.0
Q3,interleaved_offset2,0.8400659522367349,inverse,14.0,1.5,14.0,0.0
Q3,late7,1.120337273839078,inverse,14.0,1.5,14.0,0.0
Q3,interleaved_offset1,0.6283799006498167,inverse,14.0,1.5,14.0,0.03
Q3,interleaved_offset2,0.7331863857298297,inverse,14.0,1.5,14.0,0.03
Q3,late7,0.8358947134416104,inverse,14.0,1.5,14.0,0.03
Q3,interleaved_offset1,0.6189934936475906,inverse,14.0,1.5,14.0,0.07
Q3,interleaved_offset2,0.7134493306232327,inverse,14.0,1.5,14.0,0.07
Q3,late7,0.7956213529830654,inverse,14.0,1.5,14.0,0.07
Q3,interleaved_offset1,0.612514134219869,inverse,14.0,1.5,14.0,0.12
Q3,interleaved_offset2,0.6982783063036877,inverse,14.0,1.5,14.0,0.12
Q3,late7,0.7685287552704008,inverse,14.0,1.5,14.0,0.12
Q3,interleaved_offset1,0.6242589737631214,inverse,14.0,1.5,21.0,0.0
Q3,interleaved_offset2,0.7168518412994531,inverse,14.0,1.5,21.0,0.0
Q3,late7,0.8093735912599864,inverse,14.0,1.5,21.0,0.0
Q3,interleaved_offset1,0.6181095935449061,inverse,14.0,1.5,21.0,0.03
Q3,interleaved_offset2,0.7071794833341014,inverse,14.0,1.5,21.0,0.03
Q3,late7,0.7998004909567572,inverse,14.0,1.5,21.0,0.03
Q3,interleaved_offset1,0.6128446926798341,inverse,14.0,1.5,21.0,0.07
Q3,interleaved_offset2,0.6970191682350855,inverse,14.0,1.5,21.0,0.07
Q3,late7,0.7884716385576812,inverse,14.0,1.5,21.0,0.07
Q3,interleaved_offset1,0.6086363860526112,inverse,14.0,1.5,21.0,0.12
Q3,interleaved_offset2,0.6870786976220075,inverse,14.0,1.5,21.0,0.12
Q3,late7,0.7761937499729327,inverse,14.0,1.5,21.0,0.12
Q3,interleaved_offset1,0.6119569672219837,inverse,14.0,1.5,35.0,0.0
Q3,interleaved_offset2,0.696958086011555,inverse,14.0,1.5,35.0,0.0
Q3,late7,0.7705934864701174,inverse,14.0,1.5,35.0,0.0
Q3,interleaved_offset1,0.6093687592359224,inverse,14.0,1.5,35.0,0.03
Q3,interleaved_offset2,0.6910682791469335,inverse,14.0,1.5,35.0,0.03
Q3,late7,0.7637478208306739,inverse,14.0,1.5,35.0,0.03
Q3,interleaved_offset1,0.6067442911090938,inverse,14.0,1.5,35.0,0.07
Q3,interleaved_offset2,0.684304336933719,inverse,14.0,1.5,35.0,0.07
Q3,late7,0.7556285071152714,inverse,14.0,1.5,35.0,0.07
Q3,interleaved_offset1,0.6045244483343054,inverse,14.0,1.5,35.0,0.12
Q3,interleaved_offset2,0.6772717660762293,inverse,14.0,1.5,35.0,0.12
Q3,late7,0.7468504299403745,inverse,14.0,1.5,35.0,0.12
Q3,interleaved_offset1,0.6104517253731704,inverse,14.0,1.5,56.0,0.0
Q3,interleaved_offset2,0.6906445354442149,inverse,14.0,1.5,56.0,0.0
Q3,late7,0.7452697728442299,inverse,14.0,1.5,56.0,0.0
Q3,interleaved_offset1,0.6082744952032283,inverse,14.0,1.5,56.0,0.03
Q3,interleaved_offset2,0.6856032510968156,inverse,14.0,1.5,56.0,0.03
Q3,late7,0.7410783125002889,inverse,14.0,1.5,56.0,0.03
Q3,interleaved_offset1,0.6060947934276505,inverse,14.0,1.5,56.0,0.07
Q3,interleaved_offset2,0.6797663278932368,inverse,14.0,1.5,56.0,0.07
Q3,late7,0.7360313845289522,inverse,14.0,1.5,56.0,0.07
Q3,interleaved_offset1,0.6043085782222488,inverse,14.0,1.5,56.0,0.12
Q3,interleaved_offset2,0.6736566568300272,inverse,14.0,1.5,56.0,0.12
Q3,late7,0.7304986101014556,inverse,14.0,1.5,56.0,0.12
Q3,interleaved_offset1,0.6103059599410726,inverse,14.0,1.5,,0.0
Q3,interleaved_offset2,0.6910923853285177,inverse,14.0,1.5,,0.0
Q3,late7,0.7423506638869747,inverse,14.0,1.5,,0.0
Q3,interleaved_offset1,0.608238725224208,inverse,14.0,1.5,,0.03
Q3,interleaved_offset2,0.6861173256673172,inverse,14.0,1.5,,0.03
Q3,late7,0.738921245684087,inverse,14.0,1.5,,0.03
Q3,interleaved_offset1,0.6061805457146027,inverse,14.0,1.5,,0.07
Q3,interleaved_offset2,0.6803505515422008,inverse,14.0,1.5,,0.07
Q3,late7,0.7347499416695364,inverse,14.0,1.5,,0.07
Q3,interleaved_offset1,0.604514405514497,inverse,14.0,1.5,,0.12
Q3,interleaved_offset2,0.6743055967031027,inverse,14.0,1.5,,0.12
Q3,late7,0.7301230030679662,inverse,14.0,1.5,,0.12
Q3,interleaved_offset1,0.6982286840798151,inverse,14.0,2.0,14.0,0.0
Q3,interleaved_offset2,0.8865051843801673,inverse,14.0,2.0,14.0,0.0
Q3,late7,1.1371471788286285,inverse,14.0,2.0,14.0,0.0
Q3,interleaved_offset1,0.6409465369932862,inverse,14.0,2.0,14.0,0.03
Q3,interleaved_offset2,0.7714496531837821,inverse,14.0,2.0,14.0,0.03
Q3,late7,0.8489951529396537,inverse,14.0,2.0,14.0,0.03
Q3,interleaved_offset1,0.6267649042445473,inverse,14.0,2.0,14.0,0.07
Q3,interleaved_offset2,0.7439682939436355,inverse,14.0,2.0,14.0,0.07
Q3,late7,0.8048732328984238,inverse,14.0,2.0,14.0,0.07
Q3,interleaved_offset1,0.6161481332058905,inverse,14.0,2.0,14.0,0.12
Q3,interleaved_offset2,0.7217416387405995,inverse,14.0,2.0,14.0,0.12
Q3,late7,0.774140660842522,inverse,14.0,2.0,14.0,0.12
Q3,interleaved_offset1,0.6489303446577243,inverse,14.0,2.0,21.0,0.0
Q3,interleaved_offset2,0.7754817609064975,inverse,14.0,2.0,21.0,0.0
Q3,late7,0.8338818110251496,inverse,14.0,2.0,21.0,0.0
Q3,interleaved_offset1,0.633782231402711,inverse,14.0,2.0,21.0,0.03
Q3,interleaved_offset2,0.7536691425031072,inverse,14.0,2.0,21.0,0.03
Q3,late7,0.8190483988079159,inverse,14.0,2.0,21.0,0.03
Q3,interleaved_offset1,0.6224995651418407,inverse,14.0,2.0,21.0,0.07
Q3,interleaved_offset2,0.7334234998943638,inverse,14.0,2.0,21.0,0.07
Q3,late7,0.8023195672428087,inverse,14.0,2.0,21.0,0.07
Q3,interleaved_offset1,0.6134715351588391,inverse,14.0,2.0,21.0,0.12
Q3,interleaved_offset2,0.7148318488644684,inverse,14.0,2.0,21.0,0.12
Q3,late7,0.7850077672774957,inverse,14.0,2.0,21.0,0.12
Q3,interleaved_offset1,0.6354352828469368,inverse,14.0,2.0,35.0,0.0
Q3,interleaved_offset2,0.7570319620448,inverse,14.0,2.0,35.0,0.0
Q3,late7,0.8052624190906352,inverse,14.0,2.0,35.0,0.0
Q3,interleaved_offset1,0.6264923882296934,inverse,14.0,2.0,35.0,0.03
Q3,interleaved_offset2,0.7413067277467613,inverse,14.0,2.0,35.0,0.03
Q3,late7,0.7929106496544801,inverse,14.0,2.0,35.0,0.03
Q3,interleaved_offset1,0.6179543508286408,inverse,14.0,2.0,35.0,0.07
Q3,interleaved_offset2,0.7247693836194257,inverse,14.0,2.0,35.0,0.07
Q3,late7,0.7788985896427794,inverse,14.0,2.0,35.0,0.07
Q3,interleaved_offset1,0.6105574814669754,inverse,14.0,2.0,35.0,0.12
Q3,interleaved_offset2,0.7086890182947398,inverse,14.0,2.0,35.0,0.12
Q3,late7,0.7643635794619035,inverse,14.0,2.0,35.0,0.12
Q3,interleaved_offset1,0.6338509344787044,inverse,14.0,2.0,56.0,0.0
Q3,interleaved_offset2,0.7525921983441105,inverse,14.0,2.0,56.0,0.0
Q3,late7,0.785219518887443,inverse,14.0,2.0,56.0,0.0
Q3,interleaved_offset1,0.6252801849667435,inverse,14.0,2.0,56.0,0.03
Q3,interleaved_offset2,0.7378006723568159,inverse,14.0,2.0,56.0,0.03
Q3,late7,0.7756157346554082,inverse,14.0,2.0,56.0,0.03
Q3,interleaved_offset1,0.6171017265976717,inverse,14.0,2.0,56.0,0.07
Q3,interleaved_offset2,0.7220838955323504,inverse,14.0,2.0,56.0,0.07
Q3,late7,0.7645208755907078,inverse,14.0,2.0,56.0,0.07
Q3,interleaved_offset1,0.6100219624947176,inverse,14.0,2.0,56.0,0.12
Q3,interleaved_offset2,0.7066857063166068,inverse,14.0,2.0,56.0,0.12
Q3,late7,0.7528199866355912,inverse,14.0,2.0,56.0,0.12
Q3,interleaved_offset1,0.6333565113962071,inverse,14.0,2.0,,0.0
Q3,interleaved_offset2,0.7524841354213924,inverse,14.0,2.0,,0.0
Q3,late7,0.7817023104686743,inverse,14.0,2.0,,0.0
Q3,interleaved_offset1,0.6249070873141404,inverse,14.0,2.0,,0.03
Q3,interleaved_offset2,0.7377659432323691,inverse,14.0,2.0,,0.03
Q3,late7,0.7729583999664897,inverse,14.0,2.0,,0.03
Q3,interleaved_offset1,0.6168484976848634,inverse,14.0,2.0,,0.07
Q3,interleaved_offset2,0.7221179774153582,inverse,14.0,2.0,,0.07
Q3,late7,0.7627690083022154,inverse,14.0,2.0,,0.07
Q3,interleaved_offset1,0.6098756647981511,inverse,14.0,2.0,,0.12
Q3,interleaved_offset2,0.7067783828364333,inverse,14.0,2.0,,0.12
Q3,late7,0.7519258891087057,inverse,14.0,2.0,,0.12
S1,interleaved_offset1,0.7519116402218656,exp,5.0,1.0,14.0,0.0
S1,interleaved_offset2,1.1500300554734189,exp,5.0,1.0,14.0,0.0
S1,late7,1.1910684402538292,exp,5.0,1.0,14.0,0.0
S1,interleaved_offset1,0.6484036084412571,exp,5.0,1.0,14.0,0.03
S1,interleaved_offset2,0.9766769184982989,exp,5.0,1.0,14.0,0.03
S1,late7,0.7533408565574551,exp,5.0,1.0,14.0,0.03
S1,interleaved_offset1,0.6276587402333643,exp,5.0,1.0,14.0,0.07
S1,interleaved_offset2,0.9493233139075763,exp,5.0,1.0,14.0,0.07
S1,late7,0.7008321178932108,exp,5.0,1.0,14.0,0.07
S1,interleaved_offset1,0.6115114464467529,exp,5.0,1.0,14.0,0.12
S1,interleaved_offset2,0.9306408355143505,exp,5.0,1.0,14.0,0.12
S1,late7,0.6684812845933413,exp,5.0,1.0,14.0,0.12
S1,interleaved_offset1,0.6572289542819973,exp,5.0,1.0,21.0,0.0
S1,interleaved_offset2,1.0115862857670566,exp,5.0,1.0,21.0,0.0
S1,late7,0.7650609986143936,exp,5.0,1.0,21.0,0.0
S1,interleaved_offset1,0.6383659569839569,exp,5.0,1.0,21.0,0.03
S1,interleaved_offset2,0.9550283107596194,exp,5.0,1.0,21.0,0.03
S1,late7,0.6317822217422158,exp,5.0,1.0,21.0,0.03
S1,interleaved_offset1,0.6226017379816956,exp,5.0,1.0,21.0,0.07
S1,interleaved_offset2,0.9371927655519379,exp,5.0,1.0,21.0,0.07
S1,late7,0.6143540988011583,exp,5.0,1.0,21.0,0.07
S1,interleaved_offset1,0.6085493908728299,exp,5.0,1.0,21.0,0.12
S1,interleaved_offset2,0.9227100901452379,exp,5.0,1.0,21.0,0.12
S1,late7,0.6037072414134917,exp,5.0,1.0,21.0,0.12
S1,interleaved_offset1,0.6489835662945396,exp,5.0,1.0,35.0,0.0
S1,interleaved_offset2,0.970283381762139,exp,5.0,1.0,35.0,0.0
S1,late7,0.6375184715673577,exp,5.0,1.0,35.0,0.0
S1,interleaved_offset1,0.633881085800979,exp,5.0,1.0,35.0,0.03
S1,interleaved_offset2,0.9499075642189495,exp,5.0,1.0,35.0,0.03
S1,late7,0.6209428162152424,exp,5.0,1.0,35.0,0.03
S1,interleaved_offset1,0.6198990633252943,exp,5.0,1.0,35.0,0.07
S1,interleaved_offset2,0.9342589500742016,exp,5.0,1.0,35.0,0.07
S1,late7,0.6097843826322785,exp,5.0,1.0,35.0,0.07
S1,interleaved_offset1,0.606841120632012,exp,5.0,1.0,35.0,0.12
S1,interleaved_offset2,0.9207837928694729,exp,5.0,1.0,35.0,0.12
S1,late7,0.6014931414996341,exp,5.0,1.0,35.0,0.12
S1,interleaved_offset1,0.6483919876842522,exp,5.0,1.0,56.0,0.0
S1,interleaved_offset2,0.9696037827233368,exp,5.0,1.0,56.0,0.0
S1,late7,0.6358418667906853,exp,5.0,1.0,56.0,0.0
S1,interleaved_offset1,0.6334634514438419,exp,5.0,1.0,56.0,0.03
S1,interleaved_offset2,0.9495811034184609,exp,5.0,1.0,56.0,0.03
S1,late7,0.6202298059063849,exp,5.0,1.0,56.0,0.03
S1,interleaved_offset1,0.6195947429778216,exp,5.0,1.0,56.0,0.07
S1,interleaved_offset2,0.9340597310000752,exp,5.0,1.0,56.0,0.07
S1,late7,0.609416010183267,exp,5.0,1.0,56.0,0.07
S1,interleaved_offset1,0.606615020065521,exp,5.0,1.0,56.0,0.12
S1,interleaved_offset2,0.9206522554233695,exp,5.0,1.0,56.0,0.12
S1,late7,0.6012886881868674,exp,5.0,1.0,56.0,0.12
S1,interleaved_offset1,0.6483840260562215,exp,5.0,1.0,,0.0
S1,interleaved_offset2,0.9696024915445078,exp,5.0,1.0,,0.0
S1,late7,0.6358401615807202,exp,5.0,1.0,,0.0
S1,interleaved_offset1,0.6334590186403312,exp,5.0,1.0,,0.03
S1,interleaved_offset2,0.9495799034520278,exp,5.0,1.0,,0.03
S1,late7,0.6202280439994231,exp,5.0,1.0,,0.03
S1,interleaved_offset1,0.6195919276374252,exp,5.0,1.0,,0.07
S1,interleaved_offset2,0.9340586616859945,exp,5.0,1.0,,0.07
S1,late7,0.6094143136632756,exp,5.0,1.0,,0.07
S1,interleaved_offset1,0.6066131088641122,exp,5.0,1.0,,0.12
S1,interleaved_offset2,0.920651329039535,exp,5.0,1.0,,0.12
S1,late7,0.6012871105699175,exp,5.0,1.0,,0.12
S1,interleaved_offset1,0.7384728473125532,exp,7.0,1.0,14.0,0.0
S1,interleaved_offset2,1.1372156143220986,exp,7.0,1.0,14.0,0.0
S1,late7,1.188213172628945,exp,7.0,1.0,14.0,0.0
S1,interleaved_offset1,0.6373869587771996,exp,7.0,1.0,14.0,0.03
S1,interleaved_offset2,0.9648417070662905,exp,7.0,1.0,14.0,0.03
S1,late7,0.7505068483560818,exp,7.0,1.0,14.0,0.03
S1,interleaved_offset1,0.6188337561581568,exp,7.0,1.0,14.0,0.07
S1,interleaved_offset2,0.9386900422953403,exp,7.0,1.0,14.0,0.07
S1,late7,0.6980287057153316,exp,7.0,1.0,14.0,0.07
S1,interleaved_offset1,0.6045968603345706,exp,7.0,1.0,14.0,0.12
S1,interleaved_offset2,0.9213638096517287,exp,7.0,1.0,14.0,0.12
S1,late7,0.6657204690836129,exp,7.0,1.0,14.0,0.12
S1,interleaved_offset1,0.6299932196899786,exp,7.0,1.0,21.0,0.0
S1,interleaved_offset2,0.980944651438777,exp,7.0,1.0,21.0,0.0
S1,late7,0.7587169147796892,exp,7.0,1.0,21.0,0.0
S1,interleaved_offset1,0.6196352531595253,exp,7.0,1.0,21.0,0.03
S1,interleaved_offset2,0.9311340457790267,exp,7.0,1.0,21.0,0.03
S1,late7,0.6255758051559113,exp,7.0,1.0,21.0,0.03
S1,interleaved_offset1,0.6090229791181286,exp,7.0,1.0,21.0,0.07
S1,interleaved_offset2,0.9182574506216858,exp,7.0,1.0,21.0,0.07
S1,late7,0.6083331606559562,exp,7.0,1.0,21.0,0.07
S1,interleaved_offset1,0.5985740084098804,exp,7.0,1.0,21.0,0.12
S1,interleaved_offset2,0.9076163590721964,exp,7.0,1.0,21.0,0.12
S1,late7,0.5979217922015424,exp,7.0,1.0,21.0,0.12
S1,interleaved_offset1,0.6204404336994193,exp,7.0,1.0,35.0,0.0
S1,interleaved_offset2,0.9286573684414243,exp,7.0,1.0,35.0,0.0
S1,late7,0.611661818712811,exp,7.0,1.0,35.0,0.0
S1,interleaved_offset1,0.612651605659373,exp,7.0,1.0,35.0,0.03
S1,interleaved_offset2,0.9200544808255724,exp,7.0,1.0,35.0,0.03
S1,late7,0.6046556801516366,exp,7.0,1.0,35.0,0.03
S1,interleaved_offset1,0.6040138781498162,exp,7.0,1.0,35.0,0.07
S1,interleaved_offset2,0.9113562615649499,exp,7.0,1.0,35.0,0.07
S1,late7,0.5982125279179249,exp,7.0,1.0,35.0,0.07
S1,interleaved_offset1,0.5950377963145135,exp,7.0,1.0,35.0,0.12
S1,interleaved_offset2,0.9029059932522068,exp,7.0,1.0,35.0,0.12
S1,late7,0.5926251932873765,exp,7.0,1.0,35.0,0.12
S1,interleaved_offset1,0.6181603821518377,exp,7.0,1.0,56.0,0.0
S1,interleaved_offset2,0.9268884727041657,exp,7.0,1.0,56.0,0.0
S1,late7,0.6074429680783645,exp,7.0,1.0,56.0,0.0
S1,interleaved_offset1,0.6107344885386704,exp,7.0,1.0,56.0,0.03
S1,interleaved_offset2,0.9187751678738812,exp,7.0,1.0,56.0,0.03
S1,late7,0.6017309057447395,exp,7.0,1.0,56.0,0.03
S1,interleaved_offset1,0.6024354016974125,exp,7.0,1.0,56.0,0.07
S1,interleaved_offset2,0.9104245355576978,exp,7.0,1.0,56.0,0.07
S1,late7,0.5962153750003545,exp,7.0,1.0,56.0,0.07
S1,interleaved_offset1,0.5937570213441848,exp,7.0,1.0,56.0,0.12
S1,interleaved_offset2,0.9022250514581104,exp,7.0,1.0,56.0,0.12
S1,late7,0.5912731320668122,exp,7.0,1.0,56.0,0.12
S1,interleaved_offset1,0.6180969828758381,exp,7.0,1.0,,0.0
S1,interleaved_offset2,0.9268719616512519,exp,7.0,1.0,,0.0
S1,late7,0.6074242391271745,exp,7.0,1.0,,0.0
S1,interleaved_offset1,0.610685305018789,exp,7.0,1.0,,0.03
S1,interleaved_offset2,0.9187595468544925,exp,7.0,1.0,,0.03
S1,late7,0.6017124412937646,exp,7.0,1.0,,0.03
S1,interleaved_offset1,0.6023976812193211,exp,7.0,1.0,,0.07
S1,interleaved_offset2,0.910410183919483,exp,7.0,1.0,,0.07
S1,late7,0.5961978248213253,exp,7.0,1.0,,0.07
S1,interleaved_offset1,0.5937281676734452,exp,7.0,1.0,,0.12
S1,interleaved_offset2,0.9022122245401039,exp,7.0,1.0,,0.12
S1,late7,0.591257047690642,exp,7.0,1.0,,0.12
S1,interleaved_offset1,0.7307935868037583,exp,10.0,1.0,14.0,0.0
S1,interleaved_offset2,1.1297102563208135,exp,10.0,1.0,14.0,0.0
S1,late7,1.1884265357498063,exp,10.0,1.0,14.0,0.0
S1,interleaved_offset1,0.6308994003807359,exp,10.0,1.0,14.0,0.03
S1,interleaved_offset2,0.9578389974480346,exp,10.0,1.0,14.0,0.03
S1,late7,0.7506089728878081,exp,10.0,1.0,14.0,0.03
S1,interleaved_offset1,0.613552255410202,exp,10.0,1.0,14.0,0.07
S1,interleaved_offset2,0.9323192524508722,exp,10.0,1.0,14.0,0.07
S1,late7,0.697990845814135,exp,10.0,1.0,14.0,0.07
S1,interleaved_offset1,0.6004438361288119,exp,10.0,1.0,14.0,0.12
S1,interleaved_offset2,0.9157257495934975,exp,10.0,1.0,14.0,0.12
S1,late7,0.6655211448041678,exp,10.0,1.0,14.0,0.12
S1,interleaved_offset1,0.6127073458910954,exp,10.0,1.0,21.0,0.0
S1,interleaved_offset2,0.961088527490601,exp,10.0,1.0,21.0,0.0
S1,late7,0.7569341423507473,exp,10.0,1.0,21.0,0.0
S1,interleaved_offset1,0.6061610353013253,exp,10.0,1.0,21.0,0.03
S1,interleaved_offset2,0.9141743658205351,exp,10.0,1.0,21.0,0.03
S1,late7,0.6237181746602631,exp,10.0,1.0,21.0,0.03
S1,interleaved_offset1,0.5987230717357486,exp,10.0,1.0,21.0,0.07
S1,interleaved_offset2,0.9041008165958546,exp,10.0,1.0,21.0,0.07
S1,late7,0.6063878984651276,exp,10.0,1.0,21.0,0.07
S1,interleaved_offset1,0.5908452491635461,exp,10.0,1.0,21.0,0.12
S1,interleaved_offset2,0.8960080731541138,exp,10.0,1.0,21.0,0.12
S1,late7,0.5958862262511607,exp,10.0,1.0,21.0,0.12
S1,interleaved_offset1,0.6021466434295945,exp,10.0,1.0,35.0,0.0
S1,interleaved_offset2,0.9013096597126978,exp,10.0,1.0,35.0,0.0
S1,late7,0.5971341481662038,exp,10.0,1.0,35.0,0.0
S1,interleaved_offset1,0.5974697160386823,exp,10.0,1.0,35.0,0.03
S1,interleaved_offset2,0.8973404115376581,exp,10.0,1.0,35.0,0.03
S1,late7,0.5937339982458035,exp,10.0,1.0,35.0,0.03
S1,interleaved_offset1,0.5918496843622454,exp,10.0,1.0,35.0,0.07
S1,interleaved_offset2,0.8927670388918,exp,10.0,1.0,35.0,0.07
S1,late7,0.5900833024502702,exp,10.0,1.0,35.0,0.07
S1,interleaved_offset1,0.5856062816987884,exp,10.0,1.0,35.0,0.12
S1,interleaved_offset2,0.8879006341599446,exp,10.0,1.0,35.0,0.12
S1,late7,0.5865251544446819,exp,10.0,1.0,35.0,0.12
S1,interleaved_offset1,0.5957000955010112,exp,10.0,1.0,56.0,0.0
S1,interleaved_offset2,0.897787756950923,exp,10.0,1.0,56.0,0.0
S1,late7,0.5890047926007629,exp,10.0,1.0,56.0,0.0
S1,interleaved_offset1,0.5916615954219997,exp,10.0,1.0,56.0,0.03
S1,interleaved_offset2,0.8943608465573929,exp,10.0,1.0,56.0,0.03
S1,late7,0.5869688594584932,exp,10.0,1.0,56.0,0.03
S1,interleaved_offset1,0.5867487492624471,exp,10.0,1.0,56.0,0.07
S1,interleaved_offset2,0.8903298648341644,exp,10.0,1.0,56.0,0.07
S1,late7,0.5846828588574258,exp,10.0,1.0,56.0,0.07
S1,interleaved_offset1,0.5812263592157441,exp,10.0,1.0,56.0,0.12
S1,interleaved_offset2,0.8859625390491822,exp,10.0,1.0,56.0,0.12
S1,late7,0.5823740249586319,exp,10.0,1.0,56.0,0.12
S1,interleaved_offset1,0.5954068398690351,exp,10.0,1.0,,0.0
S1,interleaved_offset2,0.8976854968237901,exp,10.0,1.0,,0.0
S1,late7,0.5889199670430925,exp,10.0,1.0,,0.0
S1,interleaved_offset1,0.5914037436643156,exp,10.0,1.0,,0.03
S1,interleaved_offset2,0.8942638280281195,exp,10.0,1.0,,0.03
S1,late7,0.5868896837710434,exp,10.0,1.0,,0.03
S1,interleaved_offset1,0.586528342117329,exp,10.0,1.0,,0.07
S1,interleaved_offset2,0.8902398185271942,exp,10.0,1.0,,0.07
S1,late7,0.5846116088020162,exp,10.0,1.0,,0.07
S1,interleaved_offset1,0.5810422647129713,exp,10.0,1.0,,0.12
S1,interleaved_offset2,0.8858809575001401,exp,10.0,1.0,,0.12
S1,late7,0.5823128072173681,exp,10.0,1.0,,0.12
S1,interleaved_offset1,0.7271023892146042,exp,14.0,1.0,14.0,0.0
S1,interleaved_offset2,1.1258573721702887,exp,14.0,1.0,14.0,0.0
S1,late7,1.1896034361728092,exp,14.0,1.0,14.0,0.0
S1,interleaved_offset1,0.6277543499672127,exp,14.0,1.0,14.0,0.03
S1,interleaved_offset2,0.9542231028989208,exp,14.0,1.0,14.0,0.03
S1,late7,0.7516599790991161,exp,14.0,1.0,14.0,0.03
S1,interleaved_offset1,0.6109893370520445,exp,14.0,1.0,14.0,0.07
S1,interleaved_offset2,0.9290046368161858,exp,14.0,1.0,14.0,0.07
S1,late7,0.6988819184180259,exp,14.0,1.0,14.0,0.07
S1,interleaved_offset1,0.5984465212824264,exp,14.0,1.0,14.0,0.12
S1,interleaved_offset2,0.9127652032142255,exp,14.0,1.0,14.0,0.12
S1,late7,0.6662249845992552,exp,14.0,1.0,14.0,0.12
S1,interleaved_offset1,0.602985787765977,exp,14.0,1.0,21.0,0.0
S1,interleaved_offset2,0.9496798319772932,exp,14.0,1.0,21.0,0.0
S1,late7,0.7569527207526462,exp,14.0,1.0,21.0,0.0
S1,interleaved_offset1,0.5981004188378725,exp,14.0,1.0,21.0,0.03
S1,interleaved_offset2,0.9040030253005016,exp,14.0,1.0,21.0,0.03
S1,late7,0.6236173664798592,exp,14.0,1.0,21.0,0.03
S1,interleaved_offset1,0.592283250247385,exp,14.0,1.0,21.0,0.07
S1,interleaved_offset2,0.8952874155458241,exp,14.0,1.0,21.0,0.07
S1,late7,0.6061402387488596,exp,14.0,1.0,21.0,0.07
S1,interleaved_offset1,0.585869213481222,exp,14.0,1.0,21.0,0.12
S1,interleaved_offset2,0.8885631043871943,exp,14.0,1.0,21.0,0.12
S1,late7,0.5954742148001894,exp,14.0,1.0,21.0,0.12
S1,interleaved_offset1,0.5918324207980822,exp,14.0,1.0,35.0,0.0
S1,interleaved_offset2,0.8857426503853153,exp,14.0,1.0,35.0,0.0
S1,late7,0.5897521697725027,exp,14.0,1.0,35.0,0.0
S1,interleaved_offset1,0.5884884174110322,exp,14.0,1.0,35.0,0.03
S1,interleaved_offset2,0.883539812255603,exp,14.0,1.0,35.0,0.03
S1,late7,0.5876399288596442,exp,14.0,1.0,35.0,0.03
S1,interleaved_offset1,0.5843359282006831,exp,14.0,1.0,35.0,0.07
S1,interleaved_offset2,0.8808763211124667,exp,14.0,1.0,35.0,0.07
S1,late7,0.5852272188332375,exp,14.0,1.0,35.0,0.07
S1,interleaved_offset1,0.5795690950885973,exp,14.0,1.0,35.0,0.12
S1,interleaved_offset2,0.8779163485104009,exp,14.0,1.0,35.0,0.12
S1,late7,0.5827409335051188,exp,14.0,1.0,35.0,0.12
S1,interleaved_offset1,0.5792686043255362,exp,14.0,1.0,56.0,0.0
S1,interleaved_offset2,0.8805692050807323,exp,14.0,1.0,56.0,0.0
S1,late7,0.5779541681405364,exp,14.0,1.0,56.0,0.0
S1,interleaved_offset1,0.5768477554474191,exp,14.0,1.0,56.0,0.03
S1,interleaved_offset2,0.8789322559908019,exp,14.0,1.0,56.0,0.03
S1,late7,0.577252812732804,exp,14.0,1.0,56.0,0.03
S1,interleaved_offset1,0.5737977447603418,exp,14.0,1.0,56.0,0.07
S1,interleaved_offset2,0.8769130005274438,exp,14.0,1.0,56.0,0.07
S1,late7,0.5764490192319853,exp,14.0,1.0,56.0,0.07
S1,interleaved_offset1,0.5702427176860945,exp,14.0,1.0,56.0,0.12
S1,interleaved_offset2,0.8746223367972351,exp,14.0,1.0,56.0,0.12
S1,late7,0.5756378403876374,exp,14.0,1.0,56.0,0.12
S1,interleaved_offset1,0.578519891996843,exp,14.0,1.0,,0.0
S1,interleaved_offset2,0.8802677427578514,exp,14.0,1.0,,0.0
S1,late7,0.5779143354565783,exp,14.0,1.0,,0.0
S1,interleaved_offset1,0.576159938392383,exp,14.0,1.0,,0.03
S1,interleaved_offset2,0.8786462712539564,exp,14.0,1.0,,0.03
S1,late7,0.5772281283506259,exp,14.0,1.0,,0.03
S1,interleaved_offset1,0.5731819297247325,exp,14.0,1.0,,0.07
S1,interleaved_offset2,0.8766471543563698,exp,14.0,1.0,,0.07
S1,late7,0.5764437258369075,exp,14.0,1.0,,0.07
S1,interleaved_offset1,0.5697049848190912,exp,14.0,1.0,,0.12
S1,interleaved_offset2,0.8743807553827133,exp,14.0,1.0,,0.12
S1,late7,0.5756552641295509,exp,14.0,1.0,,0.12
S1,interleaved_offset1,0.7250290119437156,exp,21.0,1.0,14.0,0.0
S1,interleaved_offset2,1.1234286966648874,exp,21.0,1.0,14.0,0.0
S1,late7,1.191159328222756,exp,21.0,1.0,14.0,0.0
S1,interleaved_offset1,0.6259998875868317,exp,21.0,1.0,14.0,0.03
S1,interleaved_offset2,0.9519338609126865,exp,21.0,1.0,14.0,0.03
S1,late7,0.7530835003315103,exp,21.0,1.0,14.0,0.03
S1,interleaved_offset1,0.6095824137313989,exp,21.0,1.0,14.0,0.07
S1,interleaved_offset2,0.9268938540373926,exp,21.0,1.0,14.0,0.07
S1,late7,0.7001367719021713,exp,21.0,1.0,14.0,0.07
S1,interleaved_offset1,0.5973824480722103,exp,21.0,1.0,14.0,0.12
S1,interleaved_offset2,0.9108659295737271,exp,21.0,1.0,14.0,0.12
S1,late7,0.6672814554274281,exp,21.0,1.0,14.0,0.12
S1,interleaved_offset1,0.5961126733013554,exp,21.0,1.0,21.0,0.0
S1,interleaved_offset2,0.9414712945747444,exp,21.0,1.0,21.0,0.0
S1,late7,0.7575802318960213,exp,21.0,1.0,21.0,0.0
S1,interleaved_offset1,0.5922147254977369,exp,21.0,1.0,21.0,0.03
S1,interleaved_offset2,0.8965186279049999,exp,21.0,1.0,21.0,0.03
S1,late7,0.6241103760507987,exp,21.0,1.0,21.0,0.03
S1,interleaved_offset1,0.5874407636932537,exp,21.0,1.0,21.0,0.07
S1,interleaved_offset2,0.8886466127495293,exp,21.0,1.0,21.0,0.07
S1,late7,0.6064665877108739,exp,21.0,1.0,21.0,0.07
S1,interleaved_offset1,0.5820338954859883,exp,21.0,1.0,21.0,0.12
S1,interleaved_offset2,0.882823105337276,exp,21.0,1.0,21.0,0.12
S1,late7,0.5956117877384804,exp,21.0,1.0,21.0,0.12
S1,interleaved_offset1,0.5846678831837786,exp,21.0,1.0,35.0,0.0
S1,interleaved_offset2,0.8749221534879418,exp,21.0,1.0,35.0,0.0
S1,late7,0.5848399582941511,exp,21.0,1.0,35.0,0.0
S1,interleaved_offset1,0.5821102701246398,exp,21.0,1.0,35.0,0.03
S1,interleaved_offset2,0.873658487139693,exp,21.0,1.0,35.0,0.03
S1,late7,0.5833814464299173,exp,21.0,1.0,35.0,0.03
S1,interleaved_offset1,0.5788745027338069,exp,21.0,1.0,35.0,0.07
S1,interleaved_offset2,0.8720970393131743,exp,21.0,1.0,35.0,0.07
S1,late7,0.5816670221140247,exp,21.0,1.0,35.0,0.07
S1,interleaved_offset1,0.575083144734122,exp,21.0,1.0,35.0,0.12
S1,interleaved_offset2,0.8703240736488655,exp,21.0,1.0,35.0,0.12
S1,late7,0.5798524334404326,exp,21.0,1.0,35.0,0.12
S1,interleaved_offset1,0.5640319491397585,exp,21.0,1.0,56.0,0.0
S1,interleaved_offset2,0.8686534261408051,exp,21.0,1.0,56.0,0.0
S1,late7,0.5709559913736333,exp,21.0,1.0,56.0,0.0
S1,interleaved_offset1,0.5626950174341161,exp,21.0,1.0,56.0,0.03
S1,interleaved_offset2,0.8679603679371579,exp,21.0,1.0,56.0,0.03
S1,late7,0.570960919942252,exp,21.0,1.0,56.0,0.03
S1,interleaved_offset1,0.560977818384976,exp,21.0,1.0,56.0,0.07
S1,interleaved_offset2,0.8670885569200971,exp,21.0,1.0,56.0,0.07
S1,late7,0.5710140931561196,exp,21.0,1.0,56.0,0.07
S1,interleaved_offset1,0.5589313245721844,exp,21.0,1.0,56.0,0.12
S1,interleaved_offset2,0.8660789403759395,exp,21.0,1.0,56.0,0.12
S1,late7,0.5711538891841855,exp,21.0,1.0,56.0,0.12
S1,interleaved_offset1,0.562668424661571,exp,21.0,1.0,,0.0
S1,interleaved_offset2,0.8680605945552121,exp,21.0,1.0,,0.0
S1,late7,0.5716818915555887,exp,21.0,1.0,,0.0
S1,interleaved_offset1,0.5614172285945624,exp,21.0,1.0,,0.03
S1,interleaved_offset2,0.867399610715386,exp,21.0,1.0,,0.03
S1,late7,0.5716943894887638,exp,21.0,1.0,,0.03
S1,interleaved_offset1,0.5598069809950749,exp,21.0,1.0,,0.07
S1,interleaved_offset2,0.8665692146455577,exp,21.0,1.0,,0.07
S1,late7,0.571755507290091,exp,21.0,1.0,,0.07
S1,interleaved_offset1,0.557883512468277,exp,21.0,1.0,,0.12
S1,interleaved_offset2,0.8656091826256942,exp,21.0,1.0,,0.12
S1,late7,0.5719016506259563,exp,21.0,1.0,,0.12
S1,interleaved_offset1,0.7243616900949527,exp,28.0,1.0,14.0,0.0
S1,interleaved_offset2,1.1225009653825453,exp,28.0,1.0,14.0,0.0
S1,late7,1.192117697516966,exp,28.0,1.0,14.0,0.0
S1,interleaved_offset1,0.6254480186724555,exp,28.0,1.0,14.0,0.03
S1,interleaved_offset2,0.9510559117931272,exp,28.0,1.0,14.0,0.03
S1,late7,0.7539673047465472,exp,28.0,1.0,14.0,0.03
S1,interleaved_offset1,0.6091571641524988,exp,28.0,1.0,14.0,0.07
S1,interleaved_offset2,0.9260799854703282,exp,28.0,1.0,14.0,0.07
S1,late7,0.7009254482545636,exp,28.0,1.0,14.0,0.07
S1,interleaved_offset1,0.5970822037001158,exp,28.0,1.0,14.0,0.12
S1,interleaved_offset2,0.910128562724348,exp,28.0,1.0,14.0,0.12
S1,late7,0.6679580252817925,exp,28.0,1.0,14.0,0.12
S1,interleaved_offset1,0.5931206144931702,exp,28.0,1.0,21.0,0.0
S1,interleaved_offset2,0.9378534396665786,exp,28.0,1.0,21.0,0.0
S1,late7,0.7580707065006008,exp,28.0,1.0,21.0,0.0
S1,interleaved_offset1,0.5896071669181362,exp,28.0,1.0,21.0,0.03
S1,interleaved_offset2,0.8931776198784521,exp,28.0,1.0,21.0,0.03
S1,late7,0.6245234075499944,exp,28.0,1.0,21.0,0.03
S1,interleaved_offset1,0.5852566207973062,exp,28.0,1.0,21.0,0.07
S1,interleaved_offset2,0.8856381632703595,exp,28.0,1.0,21.0,0.07
S1,late7,0.6067835070106854,exp,28.0,1.0,21.0,0.07
S1,interleaved_offset1,0.5802744918053083,exp,28.0,1.0,21.0,0.12
S1,interleaved_offset2,0.8801814315438369,exp,28.0,1.0,21.0,0.12
S1,late7,0.5958195008549931,exp,28.0,1.0,21.0,0.12
S1,interleaved_offset1,0.5816945278143318,exp,28.0,1.0,35.0,0.0
S1,interleaved_offset2,0.8703994242301115,exp,28.0,1.0,35.0,0.0
S1,late7,0.5827429541196857,exp,28.0,1.0,35.0,0.0
S1,interleaved_offset1,0.5794350754767301,exp,28.0,1.0,35.0,0.03
S1,interleaved_offset2,0.8694672923743547,exp,28.0,1.0,35.0,0.03
S1,late7,0.5815161229665238,exp,28.0,1.0,35.0,0.03
S1,interleaved_offset1,0.576556615026886,exp,28.0,1.0,35.0,0.07
S1,interleaved_offset2,0.868309062450058,exp,28.0,1.0,35.0,0.07
S1,late7,0.5800631460929427,exp,28.0,1.0,35.0,0.07
S1,interleaved_offset1,0.5731566435783225,exp,28.0,1.0,35.0,0.12
S1,interleaved_offset2,0.866987001134556,exp,28.0,1.0,35.0,0.12
S1,late7,0.5785154852481,exp,28.0,1.0,35.0,0.12
S1,interleaved_offset1,0.5562206117086581,exp,28.0,1.0,56.0,0.0
S1,interleaved_offset2,0.864067913488332,exp,28.0,1.0,56.0,0.0
S1,late7,0.5693502566819927,exp,28.0,1.0,56.0,0.0
S1,interleaved_offset1,0.5553355187691507,exp,28.0,1.0,56.0,0.03
S1,interleaved_offset2,0.8636922128280328,exp,28.0,1.0,56.0,0.03
S1,late7,0.5695737860012525,exp,28.0,1.0,56.0,0.03
S1,interleaved_offset1,0.5541904663042553,exp,28.0,1.0,56.0,0.07
S1,interleaved_offset2,0.863218559005465,exp,28.0,1.0,56.0,0.07
S1,late7,0.5698981432610339,exp,28.0,1.0,56.0,0.07
S1,interleaved_offset1,0.5528137809204055,exp,28.0,1.0,56.0,0.12
S1,interleaved_offset2,0.8626693057346134,exp,28.0,1.0,56.0,0.12
S1,late7,0.5703457615169961,exp,28.0,1.0,56.0,0.12
S1,interleaved_offset1,0.5546035937507732,exp,28.0,1.0,,0.0
S1,interleaved_offset2,0.8633645414202509,exp,28.0,1.0,,0.0
S1,late7,0.571104109828532,exp,28.0,1.0,,0.0
S1,interleaved_offset1,0.55381101986321,exp,28.0,1.0,,0.03
S1,interleaved_offset2,0.8630305624230847,exp,28.0,1.0,,0.03
S1,late7,0.5713138343815668,exp,28.0,1.0,,0.03
S1,interleaved_offset1,0.5527832413942423,exp,28.0,1.0,,0.07
S1,interleaved_offset2,0.8626105176376115,exp,28.0,1.0,,0.07
S1,late7,0.571616834543337,exp,28.0,1.0,,0.07
S1,interleaved_offset1,0.5515439869268887,exp,28.0,1.0,,0.12
S1,interleaved_offset2,0.862125049093383,exp,28.0,1.0,,0.12
S1,late7,0.5720328804190411,exp,28.0,1.0,,0.12
S1,interleaved_offset1,0.7723341248253545,gaussian,5.0,1.0,14.0,0.0
S1,interleaved_offset2,1.16882763587418,gaussian,5.0,1.0,14.0,0.0
S1,late7,1.185324134781105,gaussian,5.0,1.0,14.0,0.0
S1,interleaved_offset1,0.6622360825894352,gaussian,5.0,1.0,14.0,0.03
S1,interleaved_offset2,0.9930104940439836,gaussian,5.0,1.0,14.0,0.03
S1,late7,0.7476342432653387,gaussian,5.0,1.0,14.0,0.03
S1,interleaved_offset1,0.6381868340891141,gaussian,5.0,1.0,14.0,0.07
S1,interleaved_offset2,0.9633036639779905,gaussian,5.0,1.0,14.0,0.07
S1,late7,0.6951981984275654,gaussian,5.0,1.0,14.0,0.07
S1,interleaved_offset1,0.619954177292856,gaussian,5.0,1.0,14.0,0.12
S1,interleaved_offset2,0.9424777839940834,gaussian,5.0,1.0,14.0,0.12
S1,late7,0.6629711082614432,gaussian,5.0,1.0,14.0,0.12
S1,interleaved_offset1,0.7483878952456878,gaussian,5.0,1.0,21.0,0.0
S1,interleaved_offset2,1.109287526885885,gaussian,5.0,1.0,21.0,0.0
S1,late7,0.8071217436619736,gaussian,5.0,1.0,21.0,0.0
S1,interleaved_offset1,0.6619637656945254,gaussian,5.0,1.0,21.0,0.03
S1,interleaved_offset2,0.9905408999599072,gaussian,5.0,1.0,21.0,0.03
S1,late7,0.6696370708232746,gaussian,5.0,1.0,21.0,0.03
S1,interleaved_offset1,0.6380296121050947,gaussian,5.0,1.0,21.0,0.07
S1,interleaved_offset2,0.9619444784139749,gaussian,5.0,1.0,21.0,0.07
S1,late7,0.6473715931656449,gaussian,5.0,1.0,21.0,0.07
S1,interleaved_offset1,0.619849952756336,gaussian,5.0,1.0,21.0,0.12
S1,interleaved_offset2,0.9415257561776295,gaussian,5.0,1.0,21.0,0.12
S1,late7,0.6316352630026872,gaussian,5.0,1.0,21.0,0.12
S1,interleaved_offset1,0.7465437190591129,gaussian,5.0,1.0,35.0,0.0
S1,interleaved_offset2,1.1091873689393923,gaussian,5.0,1.0,35.0,0.0
S1,late7,0.8070258819270656,gaussian,5.0,1.0,35.0,0.0
S1,interleaved_offset1,0.6619417960555117,gaussian,5.0,1.0,35.0,0.03
S1,interleaved_offset2,0.9905357153408371,gaussian,5.0,1.0,35.0,0.03
S1,late7,0.6695566259418162,gaussian,5.0,1.0,35.0,0.03
S1,interleaved_offset1,0.6380208749739329,gaussian,5.0,1.0,35.0,0.07
S1,interleaved_offset2,0.9619415020684928,gaussian,5.0,1.0,35.0,0.07
S1,late7,0.6473074456977518,gaussian,5.0,1.0,35.0,0.07
S1,interleaved_offset1,0.6198453849143822,gaussian,5.0,1.0,35.0,0.12
S1,interleaved_offset2,0.9415236422990749,gaussian,5.0,1.0,35.0,0.12
S1,late7,0.6315860833556204,gaussian,5.0,1.0,35.0,0.12
S1,interleaved_offset1,0.7465437190591129,gaussian,5.0,1.0,56.0,0.0
S1,interleaved_offset2,1.109187368939392,gaussian,5.0,1.0,56.0,0.0
S1,late7,0.8070258819270656,gaussian,5.0,1.0,56.0,0.0
S1,interleaved_offset1,0.6619417960555117,gaussian,5.0,1.0,56.0,0.03
S1,interleaved_offset2,0.9905357153408371,gaussian,5.0,1.0,56.0,0.03
S1,late7,0.6695566259418162,gaussian,5.0,1.0,56.0,0.03
S1,interleaved_offset1,0.6380208749739329,gaussian,5.0,1.0,56.0,0.07
S1,interleaved_offset2,0.9619415020684928,gaussian,5.0,1.0,56.0,0.07
S1,late7,0.6473074456977518,gaussian,5.0,1.0,56.0,0.07
S1,interleaved_offset1,0.6198453849143822,gaussian,5.0,1.0,56.0,0.12
S1,interleaved_offset2,0.9415236422990747,gaussian,5.0,1.0,56.0,0.12
S1,late7,0.6315860833556204,gaussian,5.0,1.0,56.0,0.12
S1,interleaved_offset1,0.7465437190590956,gaussian,5.0,1.0,,0.0
S1,interleaved_offset2,1.109187368939392,gaussian,5.0,1.0,,0.0
S1,late7,0.8070258819270656,gaussian,5.0,1.0,,0.0
S1,interleaved_offset1,0.6619417960555115,gaussian,5.0,1.0,,0.03
S1,interleaved_offset2,0.9905357153408371,gaussian,5.0,1.0,,0.03
S1,late7,0.6695566259418162,gaussian,5.0,1.0,,0.03
S1,interleaved_offset1,0.6380208749739328,gaussian,5.0,1.0,,0.07
S1,interleaved_offset2,0.9619415020684928,gaussian,5.0,1.0,,0.07
S1,late7,0.6473074456977518,gaussian,5.0,1.0,,0.07
S1,interleaved_offset1,0.6198453849143821,gaussian,5.0,1.0,,0.12
S1,interleaved_offset2,0.9415236422990749,gaussian,5.0,1.0,,0.12
S1,late7,0.6315860833556204,gaussian,5.0,1.0,,0.12
S1,interleaved_offset1,0.7418967022757609,gaussian,7.0,1.0,14.0,0.0
S1,interleaved_offset2,1.1394741990976167,gaussian,7.0,1.0,14.0,0.0
S1,late7,1.1800473077480071,gaussian,7.0,1.0,14.0,0.0
S1,interleaved_offset1,0.6403480941261834,gaussian,7.0,1.0,14.0,0.03
S1,interleaved_offset2,0.9670296054380292,gaussian,7.0,1.0,14.0,0.03
S1,late7,0.7425368565164204,gaussian,7.0,1.0,14.0,0.03
S1,interleaved_offset1,0.6214514485322813,gaussian,7.0,1.0,14.0,0.07
S1,interleaved_offset2,0.9407935677644298,gaussian,7.0,1.0,14.0,0.07
S1,late7,0.690323611458438,gaussian,7.0,1.0,14.0,0.07
S1,interleaved_offset1,0.6069736757022176,gaussian,7.0,1.0,14.0,0.12
S1,interleaved_offset2,0.9233736222907449,gaussian,7.0,1.0,14.0,0.12
S1,late7,0.6583526270339501,gaussian,7.0,1.0,14.0,0.12
S1,interleaved_offset1,0.6593935905100305,gaussian,7.0,1.0,21.0,0.0
S1,interleaved_offset2,1.0120660495147957,gaussian,7.0,1.0,21.0,0.0
S1,late7,0.7634483970950038,gaussian,7.0,1.0,21.0,0.0
S1,interleaved_offset1,0.6349168908738159,gaussian,7.0,1.0,21.0,0.03
S1,interleaved_offset2,0.9513304414199539,gaussian,7.0,1.0,21.0,0.03
S1,late7,0.6299613656218159,gaussian,7.0,1.0,21.0,0.03
S1,interleaved_offset1,0.6188826133991788,gaussian,7.0,1.0,21.0,0.07
S1,interleaved_offset2,0.9325831963369604,gaussian,7.0,1.0,21.0,0.07
S1,late7,0.6122792995911075,gaussian,7.0,1.0,21.0,0.07
S1,interleaved_offset1,0.6055173698790178,gaussian,7.0,1.0,21.0,0.12
S1,interleaved_offset2,0.9182666830394443,gaussian,7.0,1.0,21.0,0.12
S1,late7,0.6013527824540409,gaussian,7.0,1.0,21.0,0.12
S1,interleaved_offset1,0.6549968034062464,gaussian,7.0,1.0,35.0,0.0
S1,interleaved_offset2,0.9956619808550462,gaussian,7.0,1.0,35.0,0.0
S1,late7,0.7048292410779842,gaussian,7.0,1.0,35.0,0.0
S1,interleaved_offset1,0.6334896620320134,gaussian,7.0,1.0,35.0,0.03
S1,interleaved_offset2,0.9507337058063066,gaussian,7.0,1.0,35.0,0.03
S1,late7,0.6292756817561598,gaussian,7.0,1.0,35.0,0.03
S1,interleaved_offset1,0.6181860297473456,gaussian,7.0,1.0,35.0,0.07
S1,interleaved_offset2,0.9322432654184846,gaussian,7.0,1.0,35.0,0.07
S1,late7,0.6119604739140354,gaussian,7.0,1.0,35.0,0.07
S1,interleaved_offset1,0.6051295914899785,gaussian,7.0,1.0,35.0,0.12
S1,interleaved_offset2,0.9180432014318397,gaussian,7.0,1.0,35.0,0.12
S1,late7,0.6011647154959926,gaussian,7.0,1.0,35.0,0.12
S1,interleaved_offset1,0.6549963618378792,gaussian,7.0,1.0,56.0,0.0
S1,interleaved_offset2,0.9956608094248116,gaussian,7.0,1.0,56.0,0.0
S1,late7,0.7048293278471864,gaussian,7.0,1.0,56.0,0.0
S1,interleaved_offset1,0.6334894298680147,gaussian,7.0,1.0,56.0,0.03
S1,interleaved_offset2,0.9507333126838554,gaussian,7.0,1.0,56.0,0.03
S1,late7,0.629275743025257,gaussian,7.0,1.0,56.0,0.03
S1,interleaved_offset1,0.6181858763803716,gaussian,7.0,1.0,56.0,0.07
S1,interleaved_offset2,0.9322430691736476,gaussian,7.0,1.0,56.0,0.07
S1,late7,0.611960530840491,gaussian,7.0,1.0,56.0,0.07
S1,interleaved_offset1,0.6051294814397171,gaussian,7.0,1.0,56.0,0.12
S1,interleaved_offset2,0.9180430889613337,gaussian,7.0,1.0,56.0,0.12
S1,late7,0.6011647675858308,gaussian,7.0,1.0,56.0,0.12
S1,interleaved_offset1,0.6549963618378792,gaussian,7.0,1.0,,0.0
S1,interleaved_offset2,0.9956608094248212,gaussian,7.0,1.0,,0.0
S1,late7,0.7048293278471864,gaussian,7.0,1.0,,0.0
S1,interleaved_offset1,0.6334894298680146,gaussian,7.0,1.0,,0.03
S1,interleaved_offset2,0.9507333126838557,gaussian,7.0,1.0,,0.03
S1,late7,0.629275743025257,gaussian,7.0,1.0,,0.03
S1,interleaved_offset1,0.6181858763803715,gaussian,7.0,1.0,,0.07
S1,interleaved_offset2,0.9322430691736477,gaussian,7.0,1.0,,0.07
S1,late7,0.611960530840491,gaussian,7.0,1.0,,0.07
S1,interleaved_offset1,0.6051294814397171,gaussian,7.0,1.0,,0.12
S1,interleaved_offset2,0.9180430889613338,gaussian,7.0,1.0,,0.12
S1,late7,0.6011647675858309,gaussian,7.0,1.0,,0.12
S1,interleaved_offset1,0.7295883984648933,gaussian,10.0,1.0,14.0,0.0
S1,interleaved_offset2,1.1274316471460584,gaussian,10.0,1.0,14.0,0.0
S1,late7,1.1854128998726763,gaussian,10.0,1.0,14.0,0.0
S1,interleaved_offset1,0.6300602187445314,gaussian,10.0,1.0,14.0,0.03
S1,interleaved_offset2,0.9557653182774724,gaussian,10.0,1.0,14.0,0.03
S1,late7,0.7475751332986696,gaussian,10.0,1.0,14.0,0.03
S1,interleaved_offset1,0.6130983354357915,gaussian,10.0,1.0,14.0,0.07
S1,interleaved_offset2,0.9305024370014657,gaussian,10.0,1.0,14.0,0.07
S1,late7,0.6949395049109566,gaussian,10.0,1.0,14.0,0.07
S1,interleaved_offset1,0.6003551490188698,gaussian,10.0,1.0,14.0,0.12
S1,interleaved_offset2,0.9142049200536158,gaussian,10.0,1.0,14.0,0.12
S1,late7,0.6624630671577938,gaussian,10.0,1.0,14.0,0.12
S1,interleaved_offset1,0.6172792141538503,gaussian,10.0,1.0,21.0,0.0
S1,interleaved_offset2,0.9653636415108672,gaussian,10.0,1.0,21.0,0.0
S1,late7,0.7569370932572722,gaussian,10.0,1.0,21.0,0.0
S1,interleaved_offset1,0.6096123257143645,gaussian,10.0,1.0,21.0,0.03
S1,interleaved_offset2,0.9177172449443357,gaussian,10.0,1.0,21.0,0.03
S1,late7,0.6236522627142923,gaussian,10.0,1.0,21.0,0.03
S1,interleaved_offset1,0.6013714771343466,gaussian,10.0,1.0,21.0,0.07
S1,interleaved_offset2,0.9069789629962844,gaussian,10.0,1.0,21.0,0.07
S1,late7,0.6062332918442725,gaussian,10.0,1.0,21.0,0.07
S1,interleaved_offset1,0.5929615334578271,gaussian,10.0,1.0,21.0,0.12
S1,interleaved_offset2,0.8983468082806061,gaussian,10.0,1.0,21.0,0.12
S1,late7,0.5956263996332705,gaussian,10.0,1.0,21.0,0.12
S1,interleaved_offset1,0.6109880506670261,gaussian,10.0,1.0,35.0,0.0
S1,interleaved_offset2,0.9192428973842375,gaussian,10.0,1.0,35.0,0.0
S1,late7,0.6255829754722808,gaussian,10.0,1.0,35.0,0.0
S1,interleaved_offset1,0.6049519074303678,gaussian,10.0,1.0,35.0,0.03
S1,interleaved_offset2,0.9106054021591938,gaussian,10.0,1.0,35.0,0.03
S1,late7,0.6117959239176333,gaussian,10.0,1.0,35.0,0.03
S1,interleaved_offset1,0.598043020334874,gaussian,10.0,1.0,35.0,0.07
S1,interleaved_offset2,0.9027756554911629,gaussian,10.0,1.0,35.0,0.07
S1,late7,0.6016620678163771,gaussian,10.0,1.0,35.0,0.07
S1,interleaved_offset1,0.5906596414204387,gaussian,10.0,1.0,35.0,0.12
S1,interleaved_offset2,0.8955175301175297,gaussian,10.0,1.0,35.0,0.12
S1,late7,0.5938575034951739,gaussian,10.0,1.0,35.0,0.12
S1,interleaved_offset1,0.6108590692092959,gaussian,10.0,1.0,56.0,0.0
S1,interleaved_offset2,0.9191428605937114,gaussian,10.0,1.0,56.0,0.0
S1,late7,0.6255077331505097,gaussian,10.0,1.0,56.0,0.0
S1,interleaved_offset1,0.6048381810074381,gaussian,10.0,1.0,56.0,0.03
S1,interleaved_offset2,0.9105306512078087,gaussian,10.0,1.0,56.0,0.03
S1,late7,0.6117676524642108,gaussian,10.0,1.0,56.0,0.03
S1,interleaved_offset1,0.5979453509804703,gaussian,10.0,1.0,56.0,0.07
S1,interleaved_offset2,0.9027207601626169,gaussian,10.0,1.0,56.0,0.07
S1,late7,0.6016531634142459,gaussian,10.0,1.0,56.0,0.07
S1,interleaved_offset1,0.5905775190545871,gaussian,10.0,1.0,56.0,0.12
S1,interleaved_offset2,0.8954782462352725,gaussian,10.0,1.0,56.0,0.12
S1,late7,0.5938581426658539,gaussian,10.0,1.0,56.0,0.12
S1,interleaved_offset1,0.6108590601182604,gaussian,10.0,1.0,,0.0
S1,interleaved_offset2,0.9191428609299739,gaussian,10.0,1.0,,0.0
S1,late7,0.6255077329803634,gaussian,10.0,1.0,,0.0
S1,interleaved_offset1,0.6048381737777261,gaussian,10.0,1.0,,0.03
S1,interleaved_offset2,0.9105306514884883,gaussian,10.0,1.0,,0.03
S1,late7,0.6117676521120495,gaussian,10.0,1.0,,0.03
S1,interleaved_offset1,0.5979453453113327,gaussian,10.0,1.0,,0.07
S1,interleaved_offset2,0.9027207604264789,gaussian,10.0,1.0,,0.07
S1,late7,0.6016531630522416,gaussian,10.0,1.0,,0.07
S1,interleaved_offset1,0.5905775146259565,gaussian,10.0,1.0,,0.12
S1,interleaved_offset2,0.8954782464944973,gaussian,10.0,1.0,,0.12
S1,late7,0.5938581423642225,gaussian,10.0,1.0,,0.12
S1,interleaved_offset1,0.7258119048863482,gaussian,14.0,1.0,14.0,0.0
S1,interleaved_offset2,1.123413057613907,gaussian,14.0,1.0,14.0,0.0
S1,late7,1.189856479838092,gaussian,14.0,1.0,14.0,0.0
S1,interleaved_offset1,0.62680070313241,gaussian,14.0,1.0,14.0,0.03
S1,interleaved_offset2,0.9519479984822848,gaussian,14.0,1.0,14.0,0.03
S1,late7,0.7517704549815984,gaussian,14.0,1.0,14.0,0.03
S1,interleaved_offset1,0.6103959809299662,gaussian,14.0,1.0,14.0,0.07
S1,interleaved_offset2,0.9269445414632173,gaussian,14.0,1.0,14.0,0.07
S1,late7,0.698814527758554,gaussian,14.0,1.0,14.0,0.07
S1,interleaved_offset1,0.5981982986958053,gaussian,14.0,1.0,14.0,0.12
S1,interleaved_offset2,0.910957389004176,gaussian,14.0,1.0,14.0,0.12
S1,late7,0.6659547094634949,gaussian,14.0,1.0,14.0,0.12
S1,interleaved_offset1,0.6001174138189463,gaussian,14.0,1.0,21.0,0.0
S1,interleaved_offset2,0.9459118967035277,gaussian,14.0,1.0,21.0,0.0
S1,late7,0.757629044311367,gaussian,14.0,1.0,21.0,0.0
S1,interleaved_offset1,0.5957426683862522,gaussian,14.0,1.0,21.0,0.03
S1,interleaved_offset2,0.9006235674520479,gaussian,14.0,1.0,21.0,0.03
S1,late7,0.6241591432238004,gaussian,14.0,1.0,21.0,0.03
S1,interleaved_offset1,0.5904744621455711,gaussian,14.0,1.0,21.0,0.07
S1,interleaved_offset2,0.8923606371351633,gaussian,14.0,1.0,21.0,0.07
S1,late7,0.6065118764110984,gaussian,14.0,1.0,21.0,0.07
S1,interleaved_offset1,0.584597322367384,gaussian,14.0,1.0,21.0,0.12
S1,interleaved_offset2,0.8861198325408469,gaussian,14.0,1.0,21.0,0.12
S1,late7,0.595648182402798,gaussian,14.0,1.0,21.0,0.12
S1,interleaved_offset1,0.592733354834922,gaussian,14.0,1.0,35.0,0.0
S1,interleaved_offset2,0.8857738636251615,gaussian,14.0,1.0,35.0,0.0
S1,late7,0.5976967606569541,gaussian,14.0,1.0,35.0,0.0
S1,interleaved_offset1,0.589458889533653,gaussian,14.0,1.0,35.0,0.03
S1,interleaved_offset2,0.8834509162306844,gaussian,14.0,1.0,35.0,0.03
S1,late7,0.594308731321704,gaussian,14.0,1.0,35.0,0.03
S1,interleaved_offset1,0.5853758541711817,gaussian,14.0,1.0,35.0,0.07
S1,interleaved_offset2,0.8806914771762575,gaussian,14.0,1.0,35.0,0.07
S1,late7,0.5905793662221277,gaussian,14.0,1.0,35.0,0.07
S1,interleaved_offset1,0.5806651926526505,gaussian,14.0,1.0,35.0,0.12
S1,interleaved_offset2,0.8776749726296637,gaussian,14.0,1.0,35.0,0.12
S1,late7,0.5868476906144432,gaussian,14.0,1.0,35.0,0.12
S1,interleaved_offset1,0.5901656591994565,gaussian,14.0,1.0,56.0,0.0
S1,interleaved_offset2,0.8850308064229702,gaussian,14.0,1.0,56.0,0.0
S1,late7,0.5960662171080293,gaussian,14.0,1.0,56.0,0.0
S1,interleaved_offset1,0.587080195864997,gaussian,14.0,1.0,56.0,0.03
S1,interleaved_offset2,0.8828147599625363,gaussian,14.0,1.0,56.0,0.03
S1,late7,0.5929883331264187,gaussian,14.0,1.0,56.0,0.03
S1,interleaved_offset1,0.5832222721174701,gaussian,14.0,1.0,56.0,0.07
S1,interleaved_offset2,0.8801721691927841,gaussian,14.0,1.0,56.0,0.07
S1,late7,0.5895656773464218,gaussian,14.0,1.0,56.0,0.07
S1,interleaved_offset1,0.5787585068452565,gaussian,14.0,1.0,56.0,0.12
S1,interleaved_offset2,0.8772720291589962,gaussian,14.0,1.0,56.0,0.12
S1,late7,0.5861123134165104,gaussian,14.0,1.0,56.0,0.12
S1,interleaved_offset1,0.5901554198308082,gaussian,14.0,1.0,,0.0
S1,interleaved_offset2,0.8850310661583174,gaussian,14.0,1.0,,0.0
S1,late7,0.596065141780814,gaussian,14.0,1.0,,0.0
S1,interleaved_offset1,0.587070857376368,gaussian,14.0,1.0,,0.03
S1,interleaved_offset2,0.882815021350844,gaussian,14.0,1.0,,0.03
S1,late7,0.5929873723713033,gaussian,14.0,1.0,,0.03
S1,interleaved_offset1,0.5832139608516672,gaussian,14.0,1.0,,0.07
S1,interleaved_offset2,0.8801724422519928,gaussian,14.0,1.0,,0.07
S1,late7,0.5895649060591901,gaussian,14.0,1.0,,0.07
S1,interleaved_offset1,0.5787512705943438,gaussian,14.0,1.0,,0.12
S1,interleaved_offset2,0.8772723236181414,gaussian,14.0,1.0,,0.12
S1,late7,0.5861118025922947,gaussian,14.0,1.0,,0.12
S1,interleaved_offset1,0.7244748487206957,gaussian,21.0,1.0,14.0,0.0
S1,interleaved_offset2,1.1217943797766166,gaussian,21.0,1.0,14.0,0.0
S1,late7,1.1929329124768668,gaussian,21.0,1.0,14.0,0.0
S1,interleaved_offset1,0.6256490754520668,gaussian,21.0,1.0,14.0,0.03
S1,interleaved_offset2,0.9503943975068161,gaussian,21.0,1.0,14.0,0.03
S1,late7,0.7546777524687533,gaussian,21.0,1.0,14.0,0.03
S1,interleaved_offset1,0.6094496924259397,gaussian,21.0,1.0,14.0,0.07
S1,interleaved_offset2,0.9254763217625596,gaussian,21.0,1.0,14.0,0.07
S1,late7,0.701503769784089,gaussian,21.0,1.0,14.0,0.07
S1,interleaved_offset1,0.5974572727530949,gaussian,21.0,1.0,14.0,0.12
S1,interleaved_offset2,0.9095936392056526,gaussian,21.0,1.0,14.0,0.12
S1,late7,0.6683831554452373,gaussian,21.0,1.0,14.0,0.12
S1,interleaved_offset1,0.5916239247145607,gaussian,21.0,1.0,21.0,0.0
S1,interleaved_offset2,0.9360007496362541,gaussian,21.0,1.0,21.0,0.0
S1,late7,0.7588275640108896,gaussian,21.0,1.0,21.0,0.0
S1,interleaved_offset1,0.5883430337628406,gaussian,21.0,1.0,21.0,0.03
S1,interleaved_offset2,0.8914818944851111,gaussian,21.0,1.0,21.0,0.03
S1,late7,0.6251851283491856,gaussian,21.0,1.0,21.0,0.03
S1,interleaved_offset1,0.5842534270541437,gaussian,21.0,1.0,21.0,0.07
S1,interleaved_offset2,0.8841325149655049,gaussian,21.0,1.0,21.0,0.07
S1,late7,0.6073248448275986,gaussian,21.0,1.0,21.0,0.07
S1,interleaved_offset1,0.5795365771579255,gaussian,21.0,1.0,21.0,0.12
S1,interleaved_offset2,0.8788868421502078,gaussian,21.0,1.0,21.0,0.12
S1,late7,0.5962206797084287,gaussian,21.0,1.0,21.0,0.12
S1,interleaved_offset1,0.5826139484263374,gaussian,21.0,1.0,35.0,0.0
S1,interleaved_offset2,0.86933934537153,gaussian,21.0,1.0,35.0,0.0
S1,late7,0.5855440457087164,gaussian,21.0,1.0,35.0,0.0
S1,interleaved_offset1,0.5803632214362824,gaussian,21.0,1.0,35.0,0.03
S1,interleaved_offset2,0.8684702256124368,gaussian,21.0,1.0,35.0,0.03
S1,late7,0.5840717553056006,gaussian,21.0,1.0,35.0,0.03
S1,interleaved_offset1,0.5774878034481303,gaussian,21.0,1.0,35.0,0.07
S1,interleaved_offset2,0.8673900709027618,gaussian,21.0,1.0,35.0,0.07
S1,late7,0.582321546110836,gaussian,21.0,1.0,35.0,0.07
S1,interleaved_offset1,0.5740800119186542,gaussian,21.0,1.0,35.0,0.12
S1,interleaved_offset2,0.8661574692820584,gaussian,21.0,1.0,35.0,0.12
S1,late7,0.5804431774699134,gaussian,21.0,1.0,35.0,0.12
S1,interleaved_offset1,0.5679166034090443,gaussian,21.0,1.0,56.0,0.0
S1,interleaved_offset2,0.8669215158118092,gaussian,21.0,1.0,56.0,0.0
S1,late7,0.5764693008306977,gaussian,21.0,1.0,56.0,0.0
S1,interleaved_offset1,0.5664762305789416,gaussian,21.0,1.0,56.0,0.03
S1,interleaved_offset2,0.8663258793824173,gaussian,21.0,1.0,56.0,0.03
S1,late7,0.5759583897741163,gaussian,21.0,1.0,56.0,0.03
S1,interleaved_offset1,0.5646192656919597,gaussian,21.0,1.0,56.0,0.07
S1,interleaved_offset2,0.8655778434929566,gaussian,21.0,1.0,56.0,0.07
S1,late7,0.5753708548150712,gaussian,21.0,1.0,56.0,0.07
S1,interleaved_offset1,0.5623954041222151,gaussian,21.0,1.0,56.0,0.12
S1,interleaved_offset2,0.8647136848964544,gaussian,21.0,1.0,56.0,0.12
S1,late7,0.5747801374789643,gaussian,21.0,1.0,56.0,0.12
S1,interleaved_offset1,0.56745024527521,gaussian,21.0,1.0,,0.0
S1,interleaved_offset2,0.8668897084755881,gaussian,21.0,1.0,,0.0
S1,late7,0.5765423699898443,gaussian,21.0,1.0,,0.0
S1,interleaved_offset1,0.5660365777578418,gaussian,21.0,1.0,,0.03
S1,interleaved_offset2,0.8662978542074117,gaussian,21.0,1.0,,0.03
S1,late7,0.5760411865956178,gaussian,21.0,1.0,,0.03
S1,interleaved_offset1,0.5642131171498757,gaussian,21.0,1.0,,0.07
S1,interleaved_offset2,0.8655546171480627,gaussian,21.0,1.0,,0.07
S1,late7,0.575465614420716,gaussian,21.0,1.0,,0.07
S1,interleaved_offset1,0.5620280912522327,gaussian,21.0,1.0,,0.12
S1,interleaved_offset2,0.8646960558173815,gaussian,21.0,1.0,,0.12
S1,late7,0.5748882129929597,gaussian,21.0,1.0,,0.12
S1,interleaved_offset1,0.7241789860491261,gaussian,28.0,1.0,14.0,0.0
S1,interleaved_offset2,1.121374365682587,gaussian,28.0,1.0,14.0,0.0
S1,late7,1.1940904884942016,gaussian,28.0,1.0,14.0,0.0
S1,interleaved_offset1,0.6253985461028465,gaussian,28.0,1.0,14.0,0.03
S1,interleaved_offset2,0.9499873535972028,gaussian,28.0,1.0,14.0,0.03
S1,late7,0.7557719230252293,gaussian,28.0,1.0,14.0,0.03
S1,interleaved_offset1,0.6092495170670036,gaussian,28.0,1.0,14.0,0.07
S1,interleaved_offset2,0.9250867246572287,gaussian,28.0,1.0,14.0,0.07
S1,late7,0.7025162457666821,gaussian,28.0,1.0,14.0,0.07
S1,interleaved_offset1,0.5973073301328463,gaussian,28.0,1.0,14.0,0.12
S1,interleaved_offset2,0.9092260442378168,gaussian,28.0,1.0,14.0,0.12
S1,late7,0.6692979932730544,gaussian,28.0,1.0,14.0,0.12
S1,interleaved_offset1,0.5890170688294517,gaussian,28.0,1.0,21.0,0.0
S1,interleaved_offset2,0.932860211844984,gaussian,28.0,1.0,21.0,0.0
S1,late7,0.7593552525792211,gaussian,28.0,1.0,21.0,0.0
S1,interleaved_offset1,0.5860159407860634,gaussian,28.0,1.0,21.0,0.03
S1,interleaved_offset2,0.8885348869779386,gaussian,28.0,1.0,21.0,0.03
S1,late7,0.6256417806382083,gaussian,28.0,1.0,21.0,0.03
S1,interleaved_offset1,0.5822445547198845,gaussian,28.0,1.0,21.0,0.07
S1,interleaved_offset2,0.881424354821102,gaussian,28.0,1.0,21.0,0.07
S1,late7,0.607694185198474,gaussian,28.0,1.0,21.0,0.07
S1,interleaved_offset1,0.5778579036558514,gaussian,28.0,1.0,21.0,0.12
S1,interleaved_offset2,0.8764504320629205,gaussian,28.0,1.0,21.0,0.12
S1,late7,0.5964919155903344,gaussian,28.0,1.0,21.0,0.12
S1,interleaved_offset1,0.5793551794999066,gaussian,28.0,1.0,35.0,0.0
S1,interleaved_offset2,0.8649558299300657,gaussian,28.0,1.0,35.0,0.0
S1,late7,0.5818990148190171,gaussian,28.0,1.0,35.0,0.0
S1,interleaved_offset1,0.5773805835047058,gaussian,28.0,1.0,35.0,0.03
S1,interleaved_offset2,0.8643697970825981,gaussian,28.0,1.0,35.0,0.03
S1,late7,0.5807915095803445,gaussian,28.0,1.0,35.0,0.03
S1,interleaved_offset1,0.5748439116010311,gaussian,28.0,1.0,35.0,0.07
S1,interleaved_offset2,0.8636401985531625,gaussian,28.0,1.0,35.0,0.07
S1,late7,0.5794686045604058,gaussian,28.0,1.0,35.0,0.07
S1,interleaved_offset1,0.5718174748102388,gaussian,28.0,1.0,35.0,0.12
S1,interleaved_offset2,0.862807543942143,gaussian,28.0,1.0,35.0,0.12
S1,late7,0.5780463351248504,gaussian,28.0,1.0,35.0,0.12
S1,interleaved_offset1,0.5545903282115551,gaussian,28.0,1.0,56.0,0.0
S1,interleaved_offset2,0.8616050240196373,gaussian,28.0,1.0,56.0,0.0
S1,late7,0.5703544159067329,gaussian,28.0,1.0,56.0,0.0
S1,interleaved_offset1,0.5538465444319435,gaussian,28.0,1.0,56.0,0.03
S1,interleaved_offset2,0.8613877918285565,gaussian,28.0,1.0,56.0,0.03
S1,late7,0.5704982483273956,gaussian,28.0,1.0,56.0,0.03
S1,interleaved_offset1,0.5528784549284166,gaussian,28.0,1.0,56.0,0.07
S1,interleaved_offset2,0.8611150980137456,gaussian,28.0,1.0,56.0,0.07
S1,late7,0.5707216177011459,gaussian,28.0,1.0,56.0,0.07
S1,interleaved_offset1,0.5517053992005908,gaussian,28.0,1.0,56.0,0.12
S1,interleaved_offset2,0.8608011446723876,gaussian,28.0,1.0,56.0,0.12
S1,late7,0.5710512923875831,gaussian,28.0,1.0,56.0,0.12
S1,interleaved_offset1,0.5534132318704074,gaussian,28.0,1.0,,0.0
S1,interleaved_offset2,0.8614172797861837,gaussian,28.0,1.0,,0.0
S1,late7,0.571303158551446,gaussian,28.0,1.0,,0.0
S1,interleaved_offset1,0.5527297209779831,gaussian,28.0,1.0,,0.03
S1,interleaved_offset2,0.8612175749716486,gaussian,28.0,1.0,,0.03
S1,late7,0.571451313105614,gaussian,28.0,1.0,,0.03
S1,interleaved_offset1,0.5518387777820635,gaussian,28.0,1.0,,0.07
S1,interleaved_offset2,0.8609671126840365,gaussian,28.0,1.0,,0.07
S1,late7,0.5716777580790958,gaussian,28.0,1.0,,0.07
S1,interleaved_offset1,0.5507572435362518,gaussian,28.0,1.0,,0.12
S1,interleaved_offset2,0.8606791277782245,gaussian,28.0,1.0,,0.12
S1,late7,0.5720068965980094,gaussian,28.0,1.0,,0.12
S1,interleaved_offset1,0.7292492274652964,inverse,14.0,0.75,14.0,0.0
S1,interleaved_offset2,1.1301152098311118,inverse,14.0,0.75,14.0,0.0
S1,late7,1.195002855146365,inverse,14.0,0.75,14.0,0.0
S1,interleaved_offset1,0.6291710410948673,inverse,14.0,0.75,14.0,0.03
S1,interleaved_offset2,0.9580405662883162,inverse,14.0,0.75,14.0,0.03
S1,late7,0.7570174373018161,inverse,14.0,0.75,14.0,0.03
S1,interleaved_offset1,0.6116217638499435,inverse,14.0,0.75,14.0,0.07
S1,interleaved_offset2,0.9322730722098389,inverse,14.0,0.75,14.0,0.07
S1,late7,0.7041743641643141,inverse,14.0,0.75,14.0,0.07
S1,interleaved_offset1,0.5983207150407407,inverse,14.0,0.75,14.0,0.12
S1,interleaved_offset2,0.9154054412658092,inverse,14.0,0.75,14.0,0.12
S1,late7,0.6714213530618275,inverse,14.0,0.75,14.0,0.12
S1,interleaved_offset1,0.6049089938440375,inverse,14.0,0.75,21.0,0.0
S1,interleaved_offset2,0.9534787964601014,inverse,14.0,0.75,21.0,0.0
S1,late7,0.76116518340916,inverse,14.0,0.75,21.0,0.0
S1,interleaved_offset1,0.5994351775510777,inverse,14.0,0.75,21.0,0.03
S1,interleaved_offset2,0.907367517695783,inverse,14.0,0.75,21.0,0.03
S1,late7,0.6277801521978847,inverse,14.0,0.75,21.0,0.03
S1,interleaved_offset1,0.592967253044565,inverse,14.0,0.75,21.0,0.07
S1,interleaved_offset2,0.8981232504767409,inverse,14.0,0.75,21.0,0.07
S1,late7,0.610234494657496,inverse,14.0,0.75,21.0,0.07
S1,interleaved_offset1,0.5859044056847995,inverse,14.0,0.75,21.0,0.12
S1,interleaved_offset2,0.8908077584779569,inverse,14.0,0.75,21.0,0.12
S1,late7,0.5994779696269322,inverse,14.0,0.75,21.0,0.12
S1,interleaved_offset1,0.5891065779956357,inverse,14.0,0.75,35.0,0.0
S1,interleaved_offset2,0.8854609232301014,inverse,14.0,0.75,35.0,0.0
S1,late7,0.5865938528363407,inverse,14.0,0.75,35.0,0.0
S1,interleaved_offset1,0.5856694710563555,inverse,14.0,0.75,35.0,0.03
S1,interleaved_offset2,0.8832925263305433,inverse,14.0,0.75,35.0,0.03
S1,late7,0.5853148322883552,inverse,14.0,0.75,35.0,0.03
S1,interleaved_offset1,0.5814349706952244,inverse,14.0,0.75,35.0,0.07
S1,interleaved_offset2,0.8806397894950105,inverse,14.0,0.75,35.0,0.07
S1,late7,0.5838040163999137,inverse,14.0,0.75,35.0,0.07
S1,interleaved_offset1,0.5766185567297918,inverse,14.0,0.75,35.0,0.12
S1,interleaved_offset2,0.8776556098502551,inverse,14.0,0.75,35.0,0.12
S1,late7,0.5821949663132933,inverse,14.0,0.75,35.0,0.12
S1,interleaved_offset1,0.5602315759286669,inverse,14.0,0.75,56.0,0.0
S1,interleaved_offset2,0.8721544418131599,inverse,14.0,0.75,56.0,0.0
S1,late7,0.5714810134141358,inverse,14.0,0.75,56.0,0.0
S1,interleaved_offset1,0.5588217125201383,inverse,14.0,0.75,56.0,0.03
S1,interleaved_offset2,0.8711033578781708,inverse,14.0,0.75,56.0,0.03
S1,late7,0.5717587860944677,inverse,14.0,0.75,56.0,0.03
S1,interleaved_offset1,0.557031198844047,inverse,14.0,0.75,56.0,0.07
S1,interleaved_offset2,0.8697842967737692,inverse,14.0,0.75,56.0,0.07
S1,late7,0.5721443083622163,inverse,14.0,0.75,56.0,0.07
S1,interleaved_offset1,0.5549290281511919,inverse,14.0,0.75,56.0,0.12
S1,interleaved_offset2,0.8682616982486163,inverse,14.0,0.75,56.0,0.12
S1,late7,0.5726505645052051,inverse,14.0,0.75,56.0,0.12
S1,interleaved_offset1,0.5582958047435412,inverse,14.0,0.75,,0.0
S1,interleaved_offset2,0.8700314073109355,inverse,14.0,0.75,,0.0
S1,late7,0.574371883350767,inverse,14.0,0.75,,0.0
S1,interleaved_offset1,0.5570377467716419,inverse,14.0,0.75,,0.03
S1,interleaved_offset2,0.8690866945023001,inverse,14.0,0.75,,0.03
S1,late7,0.574594064059052,inverse,14.0,0.75,,0.03
S1,interleaved_offset1,0.5554338540454858,inverse,14.0,0.75,,0.07
S1,interleaved_offset2,0.8679048280132837,inverse,14.0,0.75,,0.07
S1,late7,0.5749032084565242,inverse,14.0,0.75,,0.07
S1,interleaved_offset1,0.5535422737166797,inverse,14.0,0.75,,0.12
S1,interleaved_offset2,0.86654642813007,inverse,14.0,0.75,,0.12
S1,late7,0.5753102274550783,inverse,14.0,0.75,,0.12
S1,interleaved_offset1,0.7377977090109944,inverse,14.0,1.0,14.0,0.0
S1,interleaved_offset2,1.1386776518968182,inverse,14.0,1.0,14.0,0.0
S1,late7,1.1980375335508053,inverse,14.0,1.0,14.0,0.0
S1,interleaved_offset1,0.6364187956057457,inverse,14.0,1.0,14.0,0.03
S1,interleaved_offset2,0.9659520330357594,inverse,14.0,1.0,14.0,0.03
S1,late7,0.7600297841145535,inverse,14.0,1.0,14.0,0.03
S1,interleaved_offset1,0.6174999871561521,inverse,14.0,1.0,14.0,0.07
S1,interleaved_offset2,0.9393720483278954,inverse,14.0,1.0,14.0,0.07
S1,late7,0.7071530999235074,inverse,14.0,1.0,14.0,0.07
S1,interleaved_offset1,0.6028712823701002,inverse,14.0,1.0,14.0,0.12
S1,interleaved_offset2,0.9215706265744952,inverse,14.0,1.0,14.0,0.12
S1,late7,0.6743514195688677,inverse,14.0,1.0,14.0,0.12
S1,interleaved_offset1,0.6181126497352601,inverse,14.0,1.0,21.0,0.0
S1,interleaved_offset2,0.9689089255622727,inverse,14.0,1.0,21.0,0.0
S1,late7,0.7646132590323828,inverse,14.0,1.0,21.0,0.0
S1,interleaved_offset1,0.6104388799374649,inverse,14.0,1.0,21.0,0.03
S1,interleaved_offset2,0.9211976323879145,inverse,14.0,1.0,21.0,0.03
S1,late7,0.6312127430229534,inverse,14.0,1.0,21.0,0.03
S1,interleaved_offset1,0.6017634394800089,inverse,14.0,1.0,21.0,0.07
S1,interleaved_offset2,0.9101551437602834,inverse,14.0,1.0,21.0,0.07
S1,late7,0.6136394782244439,inverse,14.0,1.0,21.0,0.07
S1,interleaved_offset1,0.5926523565430262,inverse,14.0,1.0,21.0,0.12
S1,interleaved_offset2,0.9009756502628005,inverse,14.0,1.0,21.0,0.12
S1,late7,0.6028372347108095,inverse,14.0,1.0,21.0,0.12
S1,interleaved_offset1,0.6009712101679157,inverse,14.0,1.0,35.0,0.0
S1,interleaved_offset2,0.9020155618299349,inverse,14.0,1.0,35.0,0.0
S1,late7,0.5926177416162928,inverse,14.0,1.0,35.0,0.0
S1,interleaved_offset1,0.59596706934576,inverse,14.0,1.0,35.0,0.03
S1,interleaved_offset2,0.8982545546990618,inverse,14.0,1.0,35.0,0.03
S1,late7,0.5909482542867993,inverse,14.0,1.0,35.0,0.03
S1,interleaved_offset1,0.5899883696731713,inverse,14.0,1.0,35.0,0.07
S1,interleaved_offset2,0.8937626503945583,inverse,14.0,1.0,35.0,0.07
S1,late7,0.5889886917325903,inverse,14.0,1.0,35.0,0.07
S1,interleaved_offset1,0.583396319701644,inverse,14.0,1.0,35.0,0.12
S1,interleaved_offset2,0.8888222242356425,inverse,14.0,1.0,35.0,0.12
S1,late7,0.5869060838284673,inverse,14.0,1.0,35.0,0.12
S1,interleaved_offset1,0.5759729791628793,inverse,14.0,1.0,56.0,0.0
S1,interleaved_offset2,0.8876266744188034,inverse,14.0,1.0,56.0,0.0
S1,late7,0.5747966730675534,inverse,14.0,1.0,56.0,0.0
S1,interleaved_offset1,0.5732609517690678,inverse,14.0,1.0,56.0,0.03
S1,interleaved_offset2,0.8853196059312771,inverse,14.0,1.0,56.0,0.03
S1,late7,0.5748808324977742,inverse,14.0,1.0,56.0,0.03
S1,interleaved_offset1,0.56988385256922,inverse,14.0,1.0,56.0,0.07
S1,interleaved_offset2,0.8824634267386544,inverse,14.0,1.0,56.0,0.07
S1,late7,0.575019885489431,inverse,14.0,1.0,56.0,0.07
S1,interleaved_offset1,0.56600658228689,inverse,14.0,1.0,56.0,0.12
S1,interleaved_offset2,0.8792121360833931,inverse,14.0,1.0,56.0,0.12
S1,late7,0.5752360410787913,inverse,14.0,1.0,56.0,0.12
S1,interleaved_offset1,0.5740956065443206,inverse,14.0,1.0,,0.0
S1,interleaved_offset2,0.8853307489586267,inverse,14.0,1.0,,0.0
S1,late7,0.5762167900541846,inverse,14.0,1.0,,0.0
S1,interleaved_offset1,0.5715809895606734,inverse,14.0,1.0,,0.03
S1,interleaved_offset2,0.8831362001237454,inverse,14.0,1.0,,0.03
S1,late7,0.5762765406583297,inverse,14.0,1.0,,0.03
S1,interleaved_offset1,0.568433709989519,inverse,14.0,1.0,,0.07
S1,interleaved_offset2,0.8804249780532212,inverse,14.0,1.0,,0.07
S1,late7,0.5763821897761757,inverse,14.0,1.0,,0.07
S1,interleaved_offset1,0.5648004156941496,inverse,14.0,1.0,,0.12
S1,interleaved_offset2,0.8773469157366419,inverse,14.0,1.0,,0.12
S1,late7,0.5765550042336288,inverse,14.0,1.0,,0.12
S1,interleaved_offset1,0.764794428848281,inverse,14.0,1.5,14.0,0.0
S1,interleaved_offset2,1.1650917439798383,inverse,14.0,1.5,14.0,0.0
S1,late7,1.2101801303228936,inverse,14.0,1.5,14.0,0.0
S1,interleaved_offset1,0.6588760725130391,inverse,14.0,1.5,14.0,0.03
S1,interleaved_offset2,0.990124470981936,inverse,14.0,1.5,14.0,0.03
S1,late7,0.7717383386912402,inverse,14.0,1.5,14.0,0.03
S1,interleaved_offset1,0.6356391249526075,inverse,14.0,1.5,14.0,0.07
S1,interleaved_offset2,0.9608264580459078,inverse,14.0,1.5,14.0,0.07
S1,late7,0.7183061889922571,inverse,14.0,1.5,14.0,0.07
S1,interleaved_offset1,0.6170746710988312,inverse,14.0,1.5,14.0,0.12
S1,interleaved_offset2,0.9399973165777777,inverse,14.0,1.5,14.0,0.12
S1,late7,0.6848421531997951,inverse,14.0,1.5,14.0,0.12
S1,interleaved_offset1,0.6566714431959197,inverse,14.0,1.5,21.0,0.0
S1,interleaved_offset2,1.0119039885362513,inverse,14.0,1.5,21.0,0.0
S1,late7,0.7775763809461989,inverse,14.0,1.5,21.0,0.0
S1,interleaved_offset1,0.640994268208215,inverse,14.0,1.5,21.0,0.03
S1,interleaved_offset2,0.9583144494722988,inverse,14.0,1.5,21.0,0.03
S1,late7,0.6437496714369503,inverse,14.0,1.5,21.0,0.03
S1,interleaved_offset1,0.6255321534571565,inverse,14.0,1.5,21.0,0.07
S1,interleaved_offset2,0.9414881634534229,inverse,14.0,1.5,21.0,0.07
S1,late7,0.6256264784153988,inverse,14.0,1.5,21.0,0.07
S1,interleaved_offset1,0.6107385864201652,inverse,14.0,1.5,21.0,0.12
S1,interleaved_offset2,0.9268580087546375,inverse,14.0,1.5,21.0,0.12
S1,late7,0.6141615066242605,inverse,14.0,1.5,21.0,0.12
S1,interleaved_offset1,0.6387578519911419,inverse,14.0,1.5,35.0,0.0
S1,interleaved_offset2,0.9502766589438999,inverse,14.0,1.5,35.0,0.0
S1,late7,0.6117221275175133,inverse,14.0,1.5,35.0,0.0
S1,interleaved_offset1,0.6276257359169808,inverse,14.0,1.5,35.0,0.03
S1,interleaved_offset2,0.940216315949611,inverse,14.0,1.5,35.0,0.03
S1,late7,0.6085856260167756,inverse,14.0,1.5,35.0,0.03
S1,interleaved_offset1,0.6156240948796605,inverse,14.0,1.5,35.0,0.07
S1,interleaved_offset2,0.9293141369548066,inverse,14.0,1.5,35.0,0.07
S1,late7,0.6049910915990873,inverse,14.0,1.5,35.0,0.07
S1,interleaved_offset1,0.6034539983400554,inverse,14.0,1.5,35.0,0.12
S1,interleaved_offset2,0.9181993392934099,inverse,14.0,1.5,35.0,0.12
S1,late7,0.6012250471069364,inverse,14.0,1.5,35.0,0.12
S1,interleaved_offset1,0.6211128252800586,inverse,14.0,1.5,56.0,0.0
S1,interleaved_offset2,0.9371228239660296,inverse,14.0,1.5,56.0,0.0
S1,late7,0.5919188118903395,inverse,14.0,1.5,56.0,0.0
S1,interleaved_offset1,0.6130638993172073,inverse,14.0,1.5,56.0,0.03
S1,interleaved_offset2,0.9294548214795748,inverse,14.0,1.5,56.0,0.03
S1,late7,0.5910292801722495,inverse,14.0,1.5,56.0,0.03
S1,interleaved_offset1,0.6038338643980518,inverse,14.0,1.5,56.0,0.07
S1,interleaved_offset2,0.9206392998766298,inverse,14.0,1.5,56.0,0.07
S1,late7,0.5899480437522522,inverse,14.0,1.5,56.0,0.07
S1,interleaved_offset1,0.5940275300972754,inverse,14.0,1.5,56.0,0.12
S1,interleaved_offset2,0.9112650853466795,inverse,14.0,1.5,56.0,0.12
S1,late7,0.5887516602826905,inverse,14.0,1.5,56.0,0.12
S1,interleaved_offset1,0.6195278079720163,inverse,14.0,1.5,,0.0
S1,interleaved_offset2,0.9352743483276282,inverse,14.0,1.5,,0.0
S1,late7,0.591609956777565,inverse,14.0,1.5,,0.0
S1,interleaved_offset1,0.6118132353324502,inverse,14.0,1.5,,0.03
S1,interleaved_offset2,0.9277118662585755,inverse,14.0,1.5,,0.03
S1,late7,0.5907375209298144,inverse,14.0,1.5,,0.03
S1,interleaved_offset1,0.6028864730662024,inverse,14.0,1.5,,0.07
S1,interleaved_offset2,0.919029520817274,inverse,14.0,1.5,,0.07
S1,late7,0.5896793271957045,inverse,14.0,1.5,,0.07
S1,interleaved_offset1,0.5933349079491766,inverse,14.0,1.5,,0.12
S1,interleaved_offset2,0.9098100257898128,inverse,14.0,1.5,,0.12
S1,late7,0.5885117380794828,inverse,14.0,1.5,,0.12
S1,interleaved_offset1,0.8032404222408476,inverse,14.0,2.0,14.0,0.0
S1,interleaved_offset2,1.2033746840202513,inverse,14.0,2.0,14.0,0.0
S1,late7,1.2307348035091412,inverse,14.0,2.0,14.0,0.0
S1,interleaved_offset1,0.6891240763081159,inverse,14.0,2.0,14.0,0.03
S1,interleaved_offset2,1.0243238505822863,inverse,14.0,2.0,14.0,0.03
S1,late7,0.791107189559786,inverse,14.0,2.0,14.0,0.03
S1,interleaved_offset1,0.6594872366288053,inverse,14.0,2.0,14.0,0.07
S1,interleaved_offset2,0.9903998183565041,inverse,14.0,2.0,14.0,0.07
S1,late7,0.7362283969884068,inverse,14.0,2.0,14.0,0.07
S1,interleaved_offset1,0.6355798465201726,inverse,14.0,2.0,14.0,0.12
S1,interleaved_offset2,0.96475006661475,inverse,14.0,2.0,14.0,0.12
S1,late7,0.7011335265992338,inverse,14.0,2.0,14.0,0.12
S1,interleaved_offset1,0.7096475406652598,inverse,14.0,2.0,21.0,0.0
S1,interleaved_offset2,1.0700043068074678,inverse,14.0,2.0,21.0,0.0
S1,late7,0.7991845235348052,inverse,14.0,2.0,21.0,0.0
S1,interleaved_offset1,0.678747545318684,inverse,14.0,2.0,21.0,0.03
S1,interleaved_offset2,1.0046731249307854,inverse,14.0,2.0,21.0,0.03
S1,late7,0.6641609894338631,inverse,14.0,2.0,21.0,0.03
S1,interleaved_offset1,0.6539147454367603,inverse,14.0,2.0,21.0,0.07
S1,interleaved_offset2,0.9790519384514005,inverse,14.0,2.0,21.0,0.07
S1,late7,0.6445735048897541,inverse,14.0,2.0,21.0,0.07
S1,interleaved_offset1,0.6321541530631857,inverse,14.0,2.0,21.0,0.12
S1,interleaved_offset2,0.9571062704039947,inverse,14.0,2.0,21.0,0.12
S1,late7,0.6314511293642658,inverse,14.0,2.0,21.0,0.12
S1,interleaved_offset1,0.6930869574945998,inverse,14.0,2.0,35.0,0.0
S1,interleaved_offset2,1.0169084684068088,inverse,14.0,2.0,35.0,0.0
S1,late7,0.6410686374103443,inverse,14.0,2.0,35.0,0.0
S1,interleaved_offset1,0.6692853541389361,inverse,14.0,2.0,35.0,0.03
S1,interleaved_offset2,0.993216329253396,inverse,14.0,2.0,35.0,0.03
S1,late7,0.6350516837905994,inverse,14.0,2.0,35.0,0.03
S1,interleaved_offset1,0.6477698848354908,inverse,14.0,2.0,35.0,0.07
S1,interleaved_offset2,0.9719156099164513,inverse,14.0,2.0,35.0,0.07
S1,late7,0.6284535022976783,inverse,14.0,2.0,35.0,0.07
S1,interleaved_offset1,0.6279669449307076,inverse,14.0,2.0,35.0,0.12
S1,interleaved_offset2,0.9522098461672723,inverse,14.0,2.0,35.0,0.12
S1,late7,0.621749231494948,inverse,14.0,2.0,35.0,0.12
S1,interleaved_offset1,0.6813915606761108,inverse,14.0,2.0,56.0,0.0
S1,interleaved_offset2,1.0067324800346058,inverse,14.0,2.0,56.0,0.0
S1,late7,0.6224780900071248,inverse,14.0,2.0,56.0,0.0
S1,interleaved_offset1,0.6614986920884515,inverse,14.0,2.0,56.0,0.03
S1,interleaved_offset2,0.9866611549661355,inverse,14.0,2.0,56.0,0.03
S1,late7,0.6193771670744092,inverse,14.0,2.0,56.0,0.03
S1,interleaved_offset1,0.6422550998422105,inverse,14.0,2.0,56.0,0.07
S1,interleaved_offset2,0.9672202902748639,inverse,14.0,2.0,56.0,0.07
S1,late7,0.6156619648278805,inverse,14.0,2.0,56.0,0.07
S1,interleaved_offset1,0.623944512733596,inverse,14.0,2.0,56.0,0.12
S1,interleaved_offset2,0.9486800498713684,inverse,14.0,2.0,56.0,0.12
S1,late7,0.6115802714972146,inverse,14.0,2.0,56.0,0.12
S1,interleaved_offset1,0.6802021716199724,inverse,14.0,2.0,,0.0
S1,interleaved_offset2,1.0055842739112277,inverse,14.0,2.0,,0.0
S1,late7,0.621703053939981,inverse,14.0,2.0,,0.0
S1,interleaved_offset1,0.6608076146882573,inverse,14.0,2.0,,0.03
S1,interleaved_offset2,0.9856032877786057,inverse,14.0,2.0,,0.03
S1,late7,0.6186331477958517,inverse,14.0,2.0,,0.03
S1,interleaved_offset1,0.6418285111110547,inverse,14.0,2.0,,0.07
S1,interleaved_offset2,0.9662699921442474,inverse,14.0,2.0,,0.07
S1,late7,0.6149593297762783,inverse,14.0,2.0,,0.07
S1,interleaved_offset1,0.6236754571250565,inverse,14.0,2.0,,0.12
S1,interleaved_offset2,0.947846246082885,inverse,14.0,2.0,,0.12
S1,late7,0.610928814102467,inverse,14.0,2.0,,0.12
S2,interleaved_offset1,0.6154959223929405,exp,5.0,1.0,14.0,0.0
S2,interleaved_offset2,0.6726197563444638,exp,5.0,1.0,14.0,0.0
S2,late7,1.4331178283481167,exp,5.0,1.0,14.0,0.0
S2,interleaved_offset1,0.6088045989568557,exp,5.0,1.0,14.0,0.03
S2,interleaved_offset2,0.5861511007244179,exp,5.0,1.0,14.0,0.03
S2,late7,0.9161548234384221,exp,5.0,1.0,14.0,0.03
S2,interleaved_offset1,0.6007802332334763,exp,5.0,1.0,14.0,0.07
S2,interleaved_offset2,0.5732345181316789,exp,5.0,1.0,14.0,0.07
S2,late7,0.845888889949201,exp,5.0,1.0,14.0,0.07
S2,interleaved_offset1,0.5918968418227377,exp,5.0,1.0,14.0,0.12
S2,interleaved_offset2,0.5650568311370063,exp,5.0,1.0,14.0,0.12
S2,late7,0.802523056684286,exp,5.0,1.0,14.0,0.12
S2,interleaved_offset1,0.6106210059091993,exp,5.0,1.0,21.0,0.0
S2,interleaved_offset2,0.6165070709865653,exp,5.0,1.0,21.0,0.0
S2,late7,1.4246192282751096,exp,5.0,1.0,21.0,0.0
S2,interleaved_offset1,0.6046762337925836,exp,5.0,1.0,21.0,0.03
S2,interleaved_offset2,0.574720133808372,exp,5.0,1.0,21.0,0.03
S2,late7,0.9080932587788899,exp,5.0,1.0,21.0,0.03
S2,interleaved_offset1,0.5974093213839576,exp,5.0,1.0,21.0,0.07
S2,interleaved_offset2,0.5654862705760617,exp,5.0,1.0,21.0,0.07
S2,late7,0.8383889933955749,exp,5.0,1.0,21.0,0.07
S2,interleaved_offset1,0.5892274922707672,exp,5.0,1.0,21.0,0.12
S2,interleaved_offset2,0.559267123130816,exp,5.0,1.0,21.0,0.12
S2,late7,0.7956929393299466,exp,5.0,1.0,21.0,0.12
S2,interleaved_offset1,0.6092693507090792,exp,5.0,1.0,35.0,0.0
S2,interleaved_offset2,0.6158148426900656,exp,5.0,1.0,35.0,0.0
S2,late7,1.4265205021526515,exp,5.0,1.0,35.0,0.0
S2,interleaved_offset1,0.6034289879517101,exp,5.0,1.0,35.0,0.03
S2,interleaved_offset2,0.5740940180536473,exp,5.0,1.0,35.0,0.03
S2,late7,0.9099649455445131,exp,5.0,1.0,35.0,0.03
S2,interleaved_offset1,0.5962888814498033,exp,5.0,1.0,35.0,0.07
S2,interleaved_offset2,0.5649384742644034,exp,5.0,1.0,35.0,0.07
S2,late7,0.8402177615740031,exp,5.0,1.0,35.0,0.07
S2,interleaved_offset1,0.5882488264539308,exp,5.0,1.0,35.0,0.12
S2,interleaved_offset2,0.558805158220495,exp,5.0,1.0,35.0,0.12
S2,late7,0.7974643294870728,exp,5.0,1.0,35.0,0.12
S2,interleaved_offset1,0.6091791162581413,exp,5.0,1.0,56.0,0.0
S2,interleaved_offset2,0.6100944547130471,exp,5.0,1.0,56.0,0.0
S2,late7,1.189629322444849,exp,5.0,1.0,56.0,0.0
S2,interleaved_offset1,0.6033492431116676,exp,5.0,1.0,56.0,0.03
S2,interleaved_offset2,0.5739869371676772,exp,5.0,1.0,56.0,0.03
S2,late7,0.907225915524024,exp,5.0,1.0,56.0,0.03
S2,interleaved_offset1,0.596220809274475,exp,5.0,1.0,56.0,0.07
S2,interleaved_offset2,0.5649005110663716,exp,5.0,1.0,56.0,0.07
S2,late7,0.839218623222207,exp,5.0,1.0,56.0,0.07
S2,interleaved_offset1,0.5881929746200102,exp,5.0,1.0,56.0,0.12
S2,interleaved_offset2,0.5587938669379047,exp,5.0,1.0,56.0,0.12
S2,late7,0.797011331830968,exp,5.0,1.0,56.0,0.12
S2,interleaved_offset1,0.6091779820485503,exp,5.0,1.0,,0.0
S2,interleaved_offset2,0.6100936772745339,exp,5.0,1.0,,0.0
S2,late7,1.1853835707135567,exp,5.0,1.0,,0.0
S2,interleaved_offset1,0.6033482144521202,exp,5.0,1.0,,0.03
S2,interleaved_offset2,0.57398628004776,exp,5.0,1.0,,0.03
S2,late7,0.9070798439204807,exp,5.0,1.0,,0.03
S2,interleaved_offset1,0.5962199025376174,exp,5.0,1.0,,0.07
S2,interleaved_offset2,0.5648999285746981,exp,5.0,1.0,,0.07
S2,late7,0.8391591677628674,exp,5.0,1.0,,0.07
S2,interleaved_offset1,0.5881921973373565,exp,5.0,1.0,,0.12
S2,interleaved_offset2,0.5587933655802614,exp,5.0,1.0,,0.12
S2,late7,0.7969796829319737,exp,5.0,1.0,,0.12
S2,interleaved_offset1,0.5898424353553499,exp,7.0,1.0,14.0,0.0
S2,interleaved_offset2,0.6674132026523772,exp,7.0,1.0,14.0,0.0
S2,late7,1.4243995265282077,exp,7.0,1.0,14.0,0.0
S2,interleaved_offset1,0.5852781793134242,exp,7.0,1.0,14.0,0.03
S2,interleaved_offset2,0.5816565494799626,exp,7.0,1.0,14.0,0.03
S2,late7,0.907739596224421,exp,7.0,1.0,14.0,0.03
S2,interleaved_offset1,0.5796837650711271,exp,7.0,1.0,14.0,0.07
S2,interleaved_offset2,0.5695626745775884,exp,7.0,1.0,14.0,0.07
S2,late7,0.8378711910894201,exp,7.0,1.0,14.0,0.07
S2,interleaved_offset1,0.5733737668022449,exp,7.0,1.0,14.0,0.12
S2,interleaved_offset2,0.5622488785098249,exp,7.0,1.0,14.0,0.12
S2,late7,0.7949920709517708,exp,7.0,1.0,14.0,0.12
S2,interleaved_offset1,0.5843282310990487,exp,7.0,1.0,21.0,0.0
S2,interleaved_offset2,0.6060718691723527,exp,7.0,1.0,21.0,0.0
S2,late7,1.419805064642413,exp,7.0,1.0,21.0,0.0
S2,interleaved_offset1,0.5804266176680756,exp,7.0,1.0,21.0,0.03
S2,interleaved_offset2,0.5665543468853529,exp,7.0,1.0,21.0,0.03
S2,late7,0.9034199467424899,exp,7.0,1.0,21.0,0.03
S2,interleaved_offset1,0.5755780822973535,exp,7.0,1.0,21.0,0.07
S2,interleaved_offset2,0.5590930588197474,exp,7.0,1.0,21.0,0.07
S2,late7,0.8339026654766483,exp,7.0,1.0,21.0,0.07
S2,interleaved_offset1,0.5700318096953543,exp,7.0,1.0,21.0,0.12
S2,interleaved_offset2,0.5543376309252012,exp,7.0,1.0,21.0,0.12
S2,late7,0.7914391103148528,exp,7.0,1.0,21.0,0.12
S2,interleaved_offset1,0.5807561684442187,exp,7.0,1.0,35.0,0.0
S2,interleaved_offset2,0.6056006948437945,exp,7.0,1.0,35.0,0.0
S2,late7,1.4228161056727209,exp,7.0,1.0,35.0,0.0
S2,interleaved_offset1,0.5771193010348413,exp,7.0,1.0,35.0,0.03
S2,interleaved_offset2,0.5661512159004856,exp,7.0,1.0,35.0,0.03
S2,late7,0.9064060181869018,exp,7.0,1.0,35.0,0.03
S2,interleaved_offset1,0.5725954605546626,exp,7.0,1.0,35.0,0.07
S2,interleaved_offset2,0.5587726545798403,exp,7.0,1.0,35.0,0.07
S2,late7,0.8368488173278522,exp,7.0,1.0,35.0,0.07
S2,interleaved_offset1,0.5674157147078526,exp,7.0,1.0,35.0,0.12
S2,interleaved_offset2,0.5541100198788,exp,7.0,1.0,35.0,0.12
S2,late7,0.7943266295341519,exp,7.0,1.0,35.0,0.12
S2,interleaved_offset1,0.5802984189354738,exp,7.0,1.0,56.0,0.0
S2,interleaved_offset2,0.5809464465118143,exp,7.0,1.0,56.0,0.0
S2,late7,0.9920324926627029,exp,7.0,1.0,56.0,0.0
S2,interleaved_offset1,0.5767106203338485,exp,7.0,1.0,56.0,0.03
S2,interleaved_offset2,0.5650851760126802,exp,7.0,1.0,56.0,0.03
S2,late7,0.8820669276621077,exp,7.0,1.0,56.0,0.03
S2,interleaved_offset1,0.5722448931022445,exp,7.0,1.0,56.0,0.07
S2,interleaved_offset2,0.558378922360449,exp,7.0,1.0,56.0,0.07
S2,late7,0.826691084631674,exp,7.0,1.0,56.0,0.07
S2,interleaved_offset1,0.5671283375803227,exp,7.0,1.0,56.0,0.12
S2,interleaved_offset2,0.5539662131225772,exp,7.0,1.0,56.0,0.12
S2,late7,0.7891118607200358,exp,7.0,1.0,56.0,0.12
S2,interleaved_offset1,0.5802812042958971,exp,7.0,1.0,,0.0
S2,interleaved_offset2,0.5809384419780321,exp,7.0,1.0,,0.0
S2,late7,0.9842909374288086,exp,7.0,1.0,,0.0
S2,interleaved_offset1,0.5766948493794843,exp,7.0,1.0,,0.03
S2,interleaved_offset2,0.5650780589894581,exp,7.0,1.0,,0.03
S2,late7,0.8800283429062007,exp,7.0,1.0,,0.03
S2,interleaved_offset1,0.5722308642787238,exp,7.0,1.0,,0.07
S2,interleaved_offset2,0.5583726264263931,exp,7.0,1.0,,0.07
S2,late7,0.8257228733725597,exp,7.0,1.0,,0.07
S2,interleaved_offset1,0.5671162377901089,exp,7.0,1.0,,0.12
S2,interleaved_offset2,0.5539608431768427,exp,7.0,1.0,,0.12
S2,late7,0.7885656433262895,exp,7.0,1.0,,0.12
S2,interleaved_offset1,0.5732185876573248,exp,10.0,1.0,14.0,0.0
S2,interleaved_offset2,0.6651570420080871,exp,10.0,1.0,14.0,0.0
S2,late7,1.4193769650506987,exp,10.0,1.0,14.0,0.0
S2,interleaved_offset1,0.5697747393677107,exp,10.0,1.0,14.0,0.03
S2,interleaved_offset2,0.5797214018841595,exp,10.0,1.0,14.0,0.03
S2,late7,0.9028281191161418,exp,10.0,1.0,14.0,0.03
S2,interleaved_offset1,0.5655280361756044,exp,10.0,1.0,14.0,0.07
S2,interleaved_offset2,0.5680112090089323,exp,10.0,1.0,14.0,0.07
S2,late7,0.8331114823119805,exp,10.0,1.0,14.0,0.07
S2,interleaved_offset1,0.5607160687394118,exp,10.0,1.0,14.0,0.12
S2,interleaved_offset2,0.5611143853799317,exp,10.0,1.0,14.0,0.12
S2,late7,0.7904276117903527,exp,10.0,1.0,14.0,0.12
S2,interleaved_offset1,0.567591043345616,exp,10.0,1.0,21.0,0.0
S2,interleaved_offset2,0.6003322331800273,exp,10.0,1.0,21.0,0.0
S2,late7,1.418744891613035,exp,10.0,1.0,21.0,0.0
S2,interleaved_offset1,0.564779341854283,exp,10.0,1.0,21.0,0.03
S2,interleaved_offset2,0.5618760592218025,exp,10.0,1.0,21.0,0.03
S2,late7,0.9023249134266662,exp,10.0,1.0,21.0,0.03
S2,interleaved_offset1,0.5612750438943098,exp,10.0,1.0,21.0,0.07
S2,interleaved_offset2,0.5554075213721995,exp,10.0,1.0,21.0,0.07
S2,late7,0.8327666010487429,exp,10.0,1.0,21.0,0.07
S2,interleaved_offset1,0.5572569577337159,exp,10.0,1.0,21.0,0.12
S2,interleaved_offset2,0.5515384496985193,exp,10.0,1.0,21.0,0.12
S2,late7,0.7902604957354092,exp,10.0,1.0,21.0,0.12
S2,interleaved_offset1,0.5603012286898748,exp,10.0,1.0,35.0,0.0
S2,interleaved_offset2,0.6009605533151207,exp,10.0,1.0,35.0,0.0
S2,late7,1.422865382691012,exp,10.0,1.0,35.0,0.0
S2,interleaved_offset1,0.5580102780295124,exp,10.0,1.0,35.0,0.03
S2,interleaved_offset2,0.5625571891403086,exp,10.0,1.0,35.0,0.03
S2,late7,0.9064589839751174,exp,10.0,1.0,35.0,0.03
S2,interleaved_offset1,0.555148291444579,exp,10.0,1.0,35.0,0.07
S2,interleaved_offset2,0.5561511655904148,exp,10.0,1.0,35.0,0.07
S2,late7,0.8369061458820497,exp,10.0,1.0,35.0,0.07
S2,interleaved_offset1,0.5518597283402596,exp,10.0,1.0,35.0,0.12
S2,interleaved_offset2,0.5523491397557186,exp,10.0,1.0,35.0,0.12
S2,late7,0.794388705263615,exp,10.0,1.0,35.0,0.12
S2,interleaved_offset1,0.5589049218210589,exp,10.0,1.0,56.0,0.0
S2,interleaved_offset2,0.5630309293131357,exp,10.0,1.0,56.0,0.0
S2,late7,0.856340132481677,exp,10.0,1.0,56.0,0.0
S2,interleaved_offset1,0.5567636948797804,exp,10.0,1.0,56.0,0.03
S2,interleaved_offset2,0.5578961026576059,exp,10.0,1.0,56.0,0.03
S2,late7,0.8234448587559191,exp,10.0,1.0,56.0,0.03
S2,interleaved_offset1,0.5540827784498833,exp,10.0,1.0,56.0,0.07
S2,interleaved_offset2,0.5541824187165731,exp,10.0,1.0,56.0,0.07
S2,late7,0.7945389246314274,exp,10.0,1.0,56.0,0.07
S2,interleaved_offset1,0.550994699918841,exp,10.0,1.0,56.0,0.12
S2,interleaved_offset2,0.5515257234711677,exp,10.0,1.0,56.0,0.12
S2,late7,0.7700432455583225,exp,10.0,1.0,56.0,0.12
S2,interleaved_offset1,0.5587947124899613,exp,10.0,1.0,,0.0
S2,interleaved_offset2,0.5629934817144089,exp,10.0,1.0,,0.0
S2,late7,0.8448438318628181,exp,10.0,1.0,,0.0
S2,interleaved_offset1,0.55666273330993,exp,10.0,1.0,,0.03
S2,interleaved_offset2,0.5578627755156802,exp,10.0,1.0,,0.03
S2,late7,0.8160171989758397,exp,10.0,1.0,,0.03
S2,interleaved_offset1,0.5539931586198548,exp,10.0,1.0,,0.07
S2,interleaved_offset2,0.5541539406787899,exp,10.0,1.0,,0.07
S2,late7,0.789689089630034,exp,10.0,1.0,,0.07
S2,interleaved_offset1,0.5509178533860973,exp,10.0,1.0,,0.12
S2,interleaved_offset2,0.5515027750104897,exp,10.0,1.0,,0.12
S2,late7,0.7668343329728458,exp,10.0,1.0,,0.12
S2,interleaved_offset1,0.5635806044378496,exp,14.0,1.0,14.0,0.0
S2,interleaved_offset2,0.6645220533054714,exp,14.0,1.0,14.0,0.0
S2,late7,1.4167275778580162,exp,14.0,1.0,14.0,0.0
S2,interleaved_offset1,0.5606914623124076,exp,14.0,1.0,14.0,0.03
S2,interleaved_offset2,0.5792143307280964,exp,14.0,1.0,14.0,0.03
S2,late7,0.9002043250793995,exp,14.0,1.0,14.0,0.03
S2,interleaved_offset1,0.5571318606102937,exp,14.0,1.0,14.0,0.07
S2,interleaved_offset2,0.5676583455814725,exp,14.0,1.0,14.0,0.07
S2,late7,0.8305273504680243,exp,14.0,1.0,14.0,0.07
S2,interleaved_offset1,0.5531074545343287,exp,14.0,1.0,14.0,0.12
S2,interleaved_offset2,0.5609302950970655,exp,14.0,1.0,14.0,0.12
S2,late7,0.7879015608989494,exp,14.0,1.0,14.0,0.12
S2,interleaved_offset1,0.5582039726071115,exp,14.0,1.0,21.0,0.0
S2,interleaved_offset2,0.5977559093329226,exp,14.0,1.0,21.0,0.0
S2,late7,1.4192053034219188,exp,14.0,1.0,21.0,0.0
S2,interleaved_offset1,0.5559447707495513,exp,14.0,1.0,21.0,0.03
S2,interleaved_offset2,0.5597659707126413,exp,14.0,1.0,21.0,0.03
S2,late7,0.9027008265861874,exp,14.0,1.0,21.0,0.03
S2,interleaved_offset1,0.5531343398009207,exp,14.0,1.0,21.0,0.07
S2,interleaved_offset2,0.5537749139514945,exp,14.0,1.0,21.0,0.07
S2,late7,0.8330362293357997,exp,14.0,1.0,21.0,0.07
S2,interleaved_offset1,0.54992131908736,exp,14.0,1.0,21.0,0.12
S2,interleaved_offset2,0.5503559093595859,exp,14.0,1.0,21.0,0.12
S2,late7,0.7904074000535563,exp,14.0,1.0,21.0,0.12
S2,interleaved_offset1,0.5467051560570937,exp,14.0,1.0,35.0,0.0
S2,interleaved_offset2,0.6001081399926638,exp,14.0,1.0,35.0,0.0
S2,late7,1.4243306598521734,exp,14.0,1.0,35.0,0.0
S2,interleaved_offset1,0.5452360229332917,exp,14.0,1.0,35.0,0.03
S2,interleaved_offset2,0.562144102356734,exp,14.0,1.0,35.0,0.03
S2,late7,0.9079012702174665,exp,14.0,1.0,35.0,0.03
S2,interleaved_offset1,0.5434045362919866,exp,14.0,1.0,35.0,0.07
S2,interleaved_offset2,0.5561783526235001,exp,14.0,1.0,35.0,0.07
S2,late7,0.838316478567817,exp,14.0,1.0,35.0,0.07
S2,interleaved_offset1,0.5413092244735457,exp,14.0,1.0,35.0,0.12
S2,interleaved_offset2,0.5527775338589749,exp,14.0,1.0,35.0,0.12
S2,late7,0.7957571675638128,exp,14.0,1.0,35.0,0.12
S2,interleaved_offset1,0.5443604165421447,exp,14.0,1.0,56.0,0.0
S2,interleaved_offset2,0.5548558881743566,exp,14.0,1.0,56.0,0.0
S2,late7,0.7807608112202858,exp,14.0,1.0,56.0,0.0
S2,interleaved_offset1,0.5431604053888675,exp,14.0,1.0,56.0,0.03
S2,interleaved_offset2,0.5533203882339452,exp,14.0,1.0,56.0,0.03
S2,late7,0.7692352504973632,exp,14.0,1.0,56.0,0.03
S2,interleaved_offset1,0.541658257095979,exp,14.0,1.0,56.0,0.07
S2,interleaved_offset2,0.5519209453231937,exp,14.0,1.0,56.0,0.07
S2,late7,0.7566556771063938,exp,14.0,1.0,56.0,0.07
S2,interleaved_offset1,0.5399318996093816,exp,14.0,1.0,56.0,0.12
S2,interleaved_offset2,0.5508548508531235,exp,14.0,1.0,56.0,0.12
S2,late7,0.7441375219770245,exp,14.0,1.0,56.0,0.12
S2,interleaved_offset1,0.5440806754847392,exp,14.0,1.0,,0.0
S2,interleaved_offset2,0.5547832016659692,exp,14.0,1.0,,0.0
S2,late7,0.7671735634829295,exp,14.0,1.0,,0.0
S2,interleaved_offset1,0.5429059517967271,exp,14.0,1.0,,0.03
S2,interleaved_offset2,0.5532593408122161,exp,14.0,1.0,,0.03
S2,late7,0.7580750744077632,exp,14.0,1.0,,0.03
S2,interleaved_offset1,0.5414351541993808,exp,14.0,1.0,,0.07
S2,interleaved_offset2,0.5518741216560042,exp,14.0,1.0,,0.07
S2,late7,0.7478703769174871,exp,14.0,1.0,,0.07
S2,interleaved_offset1,0.5397444909088219,exp,14.0,1.0,,0.12
S2,interleaved_offset2,0.5508242510121096,exp,14.0,1.0,,0.12
S2,late7,0.7374644326530834,exp,14.0,1.0,,0.12
S2,interleaved_offset1,0.5565197928525981,exp,21.0,1.0,14.0,0.0
S2,interleaved_offset2,0.6645654600503037,exp,21.0,1.0,14.0,0.0
S2,late7,1.41492844416532,exp,21.0,1.0,14.0,0.0
S2,interleaved_offset1,0.5539850479976064,exp,21.0,1.0,14.0,0.03
S2,interleaved_offset2,0.5793161052300126,exp,21.0,1.0,14.0,0.03
S2,late7,0.8983998722275234,exp,21.0,1.0,14.0,0.03
S2,interleaved_offset1,0.5508742944739076,exp,21.0,1.0,14.0,0.07
S2,interleaved_offset2,0.5678297163236188,exp,21.0,1.0,14.0,0.07
S2,late7,0.8287220828513137,exp,21.0,1.0,14.0,0.07
S2,interleaved_offset1,0.5473769036906346,exp,21.0,1.0,14.0,0.12
S2,interleaved_offset2,0.5611763821499106,exp,21.0,1.0,14.0,0.12
S2,late7,0.7861049163996994,exp,21.0,1.0,14.0,0.12
S2,interleaved_offset1,0.5516424065050001,exp,21.0,1.0,21.0,0.0
S2,interleaved_offset2,0.5965212470090656,exp,21.0,1.0,21.0,0.0
S2,late7,1.4202474271053616,exp,21.0,1.0,21.0,0.0
S2,interleaved_offset1,0.5497473405044886,exp,21.0,1.0,21.0,0.03
S2,interleaved_offset2,0.5587943202600758,exp,21.0,1.0,21.0,0.03
S2,late7,0.9036383180705624,exp,21.0,1.0,21.0,0.03
S2,interleaved_offset1,0.5473981725360026,exp,21.0,1.0,21.0,0.07
S2,interleaved_offset2,0.5530839228842283,exp,21.0,1.0,21.0,0.07
S2,late7,0.8338413152489541,exp,21.0,1.0,21.0,0.07
S2,interleaved_offset1,0.5447258533621546,exp,21.0,1.0,21.0,0.12
S2,interleaved_offset2,0.5499363378525398,exp,21.0,1.0,21.0,0.12
S2,late7,0.7910581620705034,exp,21.0,1.0,21.0,0.12
S2,interleaved_offset1,0.535293865961459,exp,21.0,1.0,35.0,0.0
S2,interleaved_offset2,0.6013271430243705,exp,21.0,1.0,35.0,0.0
S2,late7,1.42653007308082,exp,21.0,1.0,35.0,0.0
S2,interleaved_offset1,0.5344692635151181,exp,21.0,1.0,35.0,0.03
S2,interleaved_offset2,0.5635861891330831,exp,21.0,1.0,35.0,0.03
S2,late7,0.9100760169009632,exp,21.0,1.0,35.0,0.03
S2,interleaved_offset1,0.5334534300773387,exp,21.0,1.0,35.0,0.07
S2,interleaved_offset2,0.5578452106634025,exp,21.0,1.0,35.0,0.07
S2,late7,0.8404559438130803,exp,21.0,1.0,35.0,0.07
S2,interleaved_offset1,0.5323129414309219,exp,21.0,1.0,35.0,0.12
S2,interleaved_offset2,0.554641691423753,exp,21.0,1.0,35.0,0.12
S2,late7,0.7978487652752143,exp,21.0,1.0,35.0,0.12
S2,interleaved_offset1,0.5331539610153554,exp,21.0,1.0,56.0,0.0
S2,interleaved_offset2,0.5523664945140443,exp,21.0,1.0,56.0,0.0
S2,late7,0.7347335026937092,exp,21.0,1.0,56.0,0.0
S2,interleaved_offset1,0.5326765047191508,exp,21.0,1.0,56.0,0.03
S2,interleaved_offset2,0.5521792324156428,exp,21.0,1.0,56.0,0.03
S2,late7,0.7306825069828748,exp,21.0,1.0,56.0,0.03
S2,interleaved_offset1,0.5320879940195172,exp,21.0,1.0,56.0,0.07
S2,interleaved_offset2,0.5520675596825211,exp,21.0,1.0,56.0,0.07
S2,late7,0.7258814065386813,exp,21.0,1.0,56.0,0.07
S2,interleaved_offset1,0.5314283191390453,exp,21.0,1.0,56.0,0.12
S2,interleaved_offset2,0.552118062232303,exp,21.0,1.0,56.0,0.12
S2,late7,0.7207145180928273,exp,21.0,1.0,56.0,0.12
S2,interleaved_offset1,0.5328652706773211,exp,21.0,1.0,,0.0
S2,interleaved_offset2,0.5523741156711474,exp,21.0,1.0,,0.0
S2,late7,0.7217155980054198,exp,21.0,1.0,,0.0
S2,interleaved_offset1,0.5324281844293007,exp,21.0,1.0,,0.03
S2,interleaved_offset2,0.55220895909774,exp,21.0,1.0,,0.03
S2,late7,0.7191528082740521,exp,21.0,1.0,,0.03
S2,interleaved_offset1,0.5318898914299632,exp,21.0,1.0,,0.07
S2,interleaved_offset2,0.552124354317968,exp,21.0,1.0,,0.07
S2,late7,0.7160767769775088,exp,21.0,1.0,,0.07
S2,interleaved_offset1,0.5312874197672927,exp,21.0,1.0,,0.12
S2,interleaved_offset2,0.5522053347841226,exp,21.0,1.0,,0.12
S2,late7,0.7127285197080547,exp,21.0,1.0,,0.12
S2,interleaved_offset1,0.5533394156408543,exp,28.0,1.0,14.0,0.0
S2,interleaved_offset2,0.6647922840357761,exp,28.0,1.0,14.0,0.0
S2,late7,1.4141629533765123,exp,28.0,1.0,14.0,0.0
S2,interleaved_offset1,0.5509464405368333,exp,28.0,1.0,14.0,0.03
S2,interleaved_offset2,0.5795563086210017,exp,28.0,1.0,14.0,0.03
S2,late7,0.8976232982201621,exp,28.0,1.0,14.0,0.03
S2,interleaved_offset1,0.5480188015783888,exp,28.0,1.0,14.0,0.07
S2,interleaved_offset2,0.5680851082080404,exp,28.0,1.0,14.0,0.07
S2,late7,0.8279344083060658,exp,28.0,1.0,14.0,0.07
S2,interleaved_offset1,0.5447409264748408,exp,28.0,1.0,14.0,0.12
S2,interleaved_offset2,0.5614467733256359,exp,28.0,1.0,14.0,0.12
S2,late7,0.7853090035047604,exp,28.0,1.0,14.0,0.12
S2,interleaved_offset1,0.5488328107578906,exp,28.0,1.0,21.0,0.0
S2,interleaved_offset2,0.5962525460426207,exp,28.0,1.0,21.0,0.0
S2,late7,1.4209752939253488,exp,28.0,1.0,21.0,0.0
S2,interleaved_offset1,0.5470884191630999,exp,28.0,1.0,21.0,0.03
S2,interleaved_offset2,0.5586177337946489,exp,28.0,1.0,21.0,0.03
S2,late7,0.9043031175602532,exp,28.0,1.0,21.0,0.03
S2,interleaved_offset1,0.5449309285098815,exp,28.0,1.0,21.0,0.07
S2,interleaved_offset2,0.5530069908404004,exp,28.0,1.0,21.0,0.07
S2,late7,0.8344262205074165,exp,28.0,1.0,21.0,0.07
S2,interleaved_offset1,0.5424844845252536,exp,28.0,1.0,21.0,0.12
S2,interleaved_offset2,0.5499560826915156,exp,28.0,1.0,21.0,0.12
S2,late7,0.791549760568418,exp,28.0,1.0,21.0,0.12
S2,interleaved_offset1,0.5296308432866352,exp,28.0,1.0,35.0,0.0
S2,interleaved_offset2,0.602765951899437,exp,28.0,1.0,35.0,0.0
S2,late7,1.4279986676236076,exp,28.0,1.0,35.0,0.0
S2,interleaved_offset1,0.5291065115975812,exp,28.0,1.0,35.0,0.03
S2,interleaved_offset2,0.5650875660614182,exp,28.0,1.0,35.0,0.03
S2,late7,0.9115297854495245,exp,28.0,1.0,35.0,0.03
S2,interleaved_offset1,0.5284734503427035,exp,28.0,1.0,35.0,0.07
S2,interleaved_offset2,0.5594048702925952,exp,28.0,1.0,35.0,0.07
S2,late7,0.8418884057954527,exp,28.0,1.0,35.0,0.07
S2,interleaved_offset1,0.5277850095806912,exp,28.0,1.0,35.0,0.12
S2,interleaved_offset2,0.5562432245392874,exp,28.0,1.0,35.0,0.12
S2,late7,0.7992521036444086,exp,28.0,1.0,35.0,0.12
S2,interleaved_offset1,0.5288400521902709,exp,28.0,1.0,56.0,0.0
S2,interleaved_offset2,0.55336567886109,exp,28.0,1.0,56.0,0.0
S2,late7,0.7193086411695132,exp,28.0,1.0,56.0,0.0
S2,interleaved_offset1,0.5286559466319306,exp,28.0,1.0,56.0,0.03
S2,interleaved_offset2,0.5534963759161976,exp,28.0,1.0,56.0,0.03
S2,late7,0.7171617862239088,exp,28.0,1.0,56.0,0.03
S2,interleaved_offset1,0.5284402469082417,exp,28.0,1.0,56.0,0.07
S2,interleaved_offset2,0.5537313666875511,exp,28.0,1.0,56.0,0.07
S2,late7,0.7145766204625847,exp,28.0,1.0,56.0,0.07
S2,interleaved_offset1,0.5282180896786827,exp,28.0,1.0,56.0,0.12
S2,interleaved_offset2,0.5541154355854293,exp,28.0,1.0,56.0,0.12
S2,late7,0.7117537733654585,exp,28.0,1.0,56.0,0.12
S2,interleaved_offset1,0.5288569947008681,exp,28.0,1.0,,0.0
S2,interleaved_offset2,0.5536083316380335,exp,28.0,1.0,,0.0
S2,late7,0.708421154491226,exp,28.0,1.0,,0.0
S2,interleaved_offset1,0.5287112242078663,exp,28.0,1.0,,0.03
S2,interleaved_offset2,0.5537634011389473,exp,28.0,1.0,,0.03
S2,late7,0.7074121690594758,exp,28.0,1.0,,0.03
S2,interleaved_offset1,0.5285426466211357,exp,28.0,1.0,,0.07
S2,interleaved_offset2,0.5540277333391562,exp,28.0,1.0,,0.07
S2,late7,0.7062018327079287,exp,28.0,1.0,,0.07
S2,interleaved_offset1,0.5283731062238795,exp,28.0,1.0,,0.12
S2,interleaved_offset2,0.5544438869104479,exp,28.0,1.0,,0.12
S2,late7,0.7048959212992756,exp,28.0,1.0,,0.12
S2,interleaved_offset1,0.6278951780603502,gaussian,5.0,1.0,14.0,0.0
S2,interleaved_offset2,0.6854439075912291,gaussian,5.0,1.0,14.0,0.0
S2,late7,1.489860924302368,gaussian,5.0,1.0,14.0,0.0
S2,interleaved_offset1,0.6185434888126854,gaussian,5.0,1.0,14.0,0.03
S2,interleaved_offset2,0.596378113300099,gaussian,5.0,1.0,14.0,0.03
S2,late7,0.9703295274495682,gaussian,5.0,1.0,14.0,0.03
S2,interleaved_offset1,0.6083475259227811,gaussian,5.0,1.0,14.0,0.07
S2,interleaved_offset2,0.5812470942848044,gaussian,5.0,1.0,14.0,0.07
S2,late7,0.8968473361115648,gaussian,5.0,1.0,14.0,0.07
S2,interleaved_offset1,0.5977842959556217,gaussian,5.0,1.0,14.0,0.12
S2,interleaved_offset2,0.5712601740344212,gaussian,5.0,1.0,14.0,0.12
S2,late7,0.8497365289311414,gaussian,5.0,1.0,14.0,0.12
S2,interleaved_offset1,0.6268627368662847,gaussian,5.0,1.0,21.0,0.0
S2,interleaved_offset2,0.6464239232425619,gaussian,5.0,1.0,21.0,0.0
S2,late7,1.479530336593501,gaussian,5.0,1.0,21.0,0.0
S2,interleaved_offset1,0.617814643885317,gaussian,5.0,1.0,21.0,0.03
S2,interleaved_offset2,0.5928752937587839,gaussian,5.0,1.0,21.0,0.03
S2,late7,0.9605244734486036,gaussian,5.0,1.0,21.0,0.03
S2,interleaved_offset1,0.6078338878723605,gaussian,5.0,1.0,21.0,0.07
S2,interleaved_offset2,0.5791782090663766,gaussian,5.0,1.0,21.0,0.07
S2,late7,0.8876842408581357,gaussian,5.0,1.0,21.0,0.07
S2,interleaved_offset1,0.5974192172295791,gaussian,5.0,1.0,21.0,0.12
S2,interleaved_offset2,0.5699267412885267,gaussian,5.0,1.0,21.0,0.12
S2,late7,0.8413029390783932,gaussian,5.0,1.0,21.0,0.12
S2,interleaved_offset1,0.626861308341361,gaussian,5.0,1.0,35.0,0.0
S2,interleaved_offset2,0.6464170116811052,gaussian,5.0,1.0,35.0,0.0
S2,late7,1.479536213784668,gaussian,5.0,1.0,35.0,0.0
S2,interleaved_offset1,0.6178134045955419,gaussian,5.0,1.0,35.0,0.03
S2,interleaved_offset2,0.5928701094818399,gaussian,5.0,1.0,35.0,0.03
S2,late7,0.9605307408433418,gaussian,5.0,1.0,35.0,0.03
S2,interleaved_offset1,0.6078327338940107,gaussian,5.0,1.0,35.0,0.07
S2,interleaved_offset2,0.579174335516367,gaussian,5.0,1.0,35.0,0.07
S2,late7,0.887690450242556,gaussian,5.0,1.0,35.0,0.07
S2,interleaved_offset1,0.5974181721921413,gaussian,5.0,1.0,35.0,0.12
S2,interleaved_offset2,0.5699238859042215,gaussian,5.0,1.0,35.0,0.12
S2,late7,0.8413090570712395,gaussian,5.0,1.0,35.0,0.12
S2,interleaved_offset1,0.6268613083413611,gaussian,5.0,1.0,56.0,0.0
S2,interleaved_offset2,0.6464170116811052,gaussian,5.0,1.0,56.0,0.0
S2,late7,1.479536213784668,gaussian,5.0,1.0,56.0,0.0
S2,interleaved_offset1,0.6178134045955419,gaussian,5.0,1.0,56.0,0.03
S2,interleaved_offset2,0.5928701094818399,gaussian,5.0,1.0,56.0,0.03
S2,late7,0.9605307408433418,gaussian,5.0,1.0,56.0,0.03
S2,interleaved_offset1,0.6078327338940107,gaussian,5.0,1.0,56.0,0.07
S2,interleaved_offset2,0.579174335516367,gaussian,5.0,1.0,56.0,0.07
S2,late7,0.887690450242556,gaussian,5.0,1.0,56.0,0.07
S2,interleaved_offset1,0.5974181721921413,gaussian,5.0,1.0,56.0,0.12
S2,interleaved_offset2,0.5699238859042215,gaussian,5.0,1.0,56.0,0.12
S2,late7,0.8413090570712395,gaussian,5.0,1.0,56.0,0.12
S2,interleaved_offset1,0.6268613083413611,gaussian,5.0,1.0,,0.0
S2,interleaved_offset2,0.6464170116811052,gaussian,5.0,1.0,,0.0
S2,late7,1.479536213784668,gaussian,5.0,1.0,,0.0
S2,interleaved_offset1,0.6178134045955419,gaussian,5.0,1.0,,0.03
S2,interleaved_offset2,0.5928701094818399,gaussian,5.0,1.0,,0.03
S2,late7,0.9605307408433418,gaussian,5.0,1.0,,0.03
S2,interleaved_offset1,0.6078327338940107,gaussian,5.0,1.0,,0.07
S2,interleaved_offset2,0.579174335516367,gaussian,5.0,1.0,,0.07
S2,late7,0.887690450242556,gaussian,5.0,1.0,,0.07
S2,interleaved_offset1,0.5974181721921413,gaussian,5.0,1.0,,0.12
S2,interleaved_offset2,0.5699238859042215,gaussian,5.0,1.0,,0.12
S2,late7,0.8413090570712395,gaussian,5.0,1.0,,0.12
S2,interleaved_offset1,0.5830214440631548,gaussian,7.0,1.0,14.0,0.0
S2,interleaved_offset2,0.6708964562195447,gaussian,7.0,1.0,14.0,0.0
S2,late7,1.4410768824899978,gaussian,7.0,1.0,14.0,0.0
S2,interleaved_offset1,0.5787419730814205,gaussian,7.0,1.0,14.0,0.03
S2,interleaved_offset2,0.5849661207288782,gaussian,7.0,1.0,14.0,0.03
S2,late7,0.9239413773557303,gaussian,7.0,1.0,14.0,0.03
S2,interleaved_offset1,0.5735438787267854,gaussian,7.0,1.0,14.0,0.07
S2,interleaved_offset2,0.5726647601718595,gaussian,7.0,1.0,14.0,0.07
S2,late7,0.8534385588597148,gaussian,7.0,1.0,14.0,0.07
S2,interleaved_offset1,0.567736323131046,gaussian,7.0,1.0,14.0,0.12
S2,interleaved_offset2,0.5651209863807259,gaussian,7.0,1.0,14.0,0.12
S2,late7,0.8097657650974438,gaussian,7.0,1.0,14.0,0.12
S2,interleaved_offset1,0.5800802399200284,gaussian,7.0,1.0,21.0,0.0
S2,interleaved_offset2,0.6160521898077279,gaussian,7.0,1.0,21.0,0.0
S2,late7,1.4313090884630215,gaussian,7.0,1.0,21.0,0.0
S2,interleaved_offset1,0.5761932478201929,gaussian,7.0,1.0,21.0,0.03
S2,interleaved_offset2,0.5745196527442955,gaussian,7.0,1.0,21.0,0.03
S2,late7,0.9146005475322246,gaussian,7.0,1.0,21.0,0.03
S2,interleaved_offset1,0.5714192786384295,gaussian,7.0,1.0,21.0,0.07
S2,interleaved_offset2,0.5656716160248921,gaussian,7.0,1.0,21.0,0.07
S2,late7,0.8446502454896034,gaussian,7.0,1.0,21.0,0.07
S2,interleaved_offset1,0.5660277985133095,gaussian,7.0,1.0,21.0,0.12
S2,interleaved_offset2,0.559889370709792,gaussian,7.0,1.0,21.0,0.12
S2,late7,0.8016426536074988,gaussian,7.0,1.0,21.0,0.12
S2,interleaved_offset1,0.5799613168065566,gaussian,7.0,1.0,35.0,0.0
S2,interleaved_offset2,0.6159114817853064,gaussian,7.0,1.0,35.0,0.0
S2,late7,1.4317690447049274,gaussian,7.0,1.0,35.0,0.0
S2,interleaved_offset1,0.5760825388768009,gaussian,7.0,1.0,35.0,0.03
S2,interleaved_offset2,0.5743907395277796,gaussian,7.0,1.0,35.0,0.03
S2,late7,0.9150512690513659,gaussian,7.0,1.0,35.0,0.03
S2,interleaved_offset1,0.5713186446615166,gaussian,7.0,1.0,35.0,0.07
S2,interleaved_offset2,0.5655564913506683,gaussian,7.0,1.0,35.0,0.07
S2,late7,0.8450876920354254,gaussian,7.0,1.0,35.0,0.07
S2,interleaved_offset1,0.5659387866108855,gaussian,7.0,1.0,35.0,0.12
S2,interleaved_offset2,0.5597896968738176,gaussian,7.0,1.0,35.0,0.12
S2,late7,0.8020629548275663,gaussian,7.0,1.0,35.0,0.12
S2,interleaved_offset1,0.579961293515484,gaussian,7.0,1.0,56.0,0.0
S2,interleaved_offset2,0.6159114910744542,gaussian,7.0,1.0,56.0,0.0
S2,late7,1.4317691465044373,gaussian,7.0,1.0,56.0,0.0
S2,interleaved_offset1,0.576082519584281,gaussian,7.0,1.0,56.0,0.03
S2,interleaved_offset2,0.5743907548450552,gaussian,7.0,1.0,56.0,0.03
S2,late7,0.9150513852339598,gaussian,7.0,1.0,56.0,0.03
S2,interleaved_offset1,0.571318629054419,gaussian,7.0,1.0,56.0,0.07
S2,interleaved_offset2,0.565556508892582,gaussian,7.0,1.0,56.0,0.07
S2,late7,0.8450878046274748,gaussian,7.0,1.0,56.0,0.07
S2,interleaved_offset1,0.5659387749288353,gaussian,7.0,1.0,56.0,0.12
S2,interleaved_offset2,0.5597897152770863,gaussian,7.0,1.0,56.0,0.12
S2,late7,0.8020630628777539,gaussian,7.0,1.0,56.0,0.12
S2,interleaved_offset1,0.579961293515484,gaussian,7.0,1.0,,0.0
S2,interleaved_offset2,0.6159114910744542,gaussian,7.0,1.0,,0.0
S2,late7,1.4317691465044373,gaussian,7.0,1.0,,0.0
S2,interleaved_offset1,0.576082519584281,gaussian,7.0,1.0,,0.03
S2,interleaved_offset2,0.5743907548450552,gaussian,7.0,1.0,,0.03
S2,late7,0.9150513852339598,gaussian,7.0,1.0,,0.03
S2,interleaved_offset1,0.571318629054419,gaussian,7.0,1.0,,0.07
S2,interleaved_offset2,0.565556508892582,gaussian,7.0,1.0,,0.07
S2,late7,0.8450878046274749,gaussian,7.0,1.0,,0.07
S2,interleaved_offset1,0.5659387749288353,gaussian,7.0,1.0,,0.12
S2,interleaved_offset2,0.5597897152770863,gaussian,7.0,1.0,,0.12
S2,late7,0.802063062877754,gaussian,7.0,1.0,,0.12
S2,interleaved_offset1,0.5616654849885524,gaussian,10.0,1.0,14.0,0.0
S2,interleaved_offset2,0.6663619597349824,gaussian,10.0,1.0,14.0,0.0
S2,late7,1.4229750387392417,gaussian,10.0,1.0,14.0,0.0
S2,interleaved_offset1,0.5588275891814377,gaussian,10.0,1.0,14.0,0.03
S2,interleaved_offset2,0.5809989738457858,gaussian,10.0,1.0,14.0,0.03
S2,late7,0.9063107699101879,gaussian,10.0,1.0,14.0,0.03
S2,interleaved_offset1,0.5553446680968875,gaussian,10.0,1.0,14.0,0.07
S2,interleaved_offset2,0.5693686755593802,gaussian,10.0,1.0,14.0,0.07
S2,late7,0.8364408275831257,gaussian,10.0,1.0,14.0,0.07
S2,interleaved_offset1,0.5514252451238234,gaussian,10.0,1.0,14.0,0.12
S2,interleaved_offset2,0.5625468817239015,gaussian,10.0,1.0,14.0,0.12
S2,late7,0.7935662835170946,gaussian,10.0,1.0,14.0,0.12
S2,interleaved_offset1,0.5571968664195185,gaussian,10.0,1.0,21.0,0.0
S2,interleaved_offset2,0.6025246853680352,gaussian,10.0,1.0,21.0,0.0
S2,late7,1.4198291479650473,gaussian,10.0,1.0,21.0,0.0
S2,interleaved_offset1,0.5548695206052642,gaussian,10.0,1.0,21.0,0.03
S2,interleaved_offset2,0.5639430344039514,gaussian,10.0,1.0,21.0,0.03
S2,late7,0.9033611122671575,gaussian,10.0,1.0,21.0,0.03
S2,interleaved_offset1,0.5519881210950144,gaussian,10.0,1.0,21.0,0.07
S2,interleaved_offset2,0.5573583419439948,gaussian,10.0,1.0,21.0,0.07
S2,late7,0.8337400759334908,gaussian,10.0,1.0,21.0,0.07
S2,interleaved_offset1,0.5487137182719483,gaussian,10.0,1.0,21.0,0.12
S2,interleaved_offset2,0.5533848834070959,gaussian,10.0,1.0,21.0,0.12
S2,late7,0.7911576867472773,gaussian,10.0,1.0,21.0,0.12
S2,interleaved_offset1,0.5555496335233144,gaussian,10.0,1.0,35.0,0.0
S2,interleaved_offset2,0.602479255649978,gaussian,10.0,1.0,35.0,0.0
S2,late7,1.4228743796035266,gaussian,10.0,1.0,35.0,0.0
S2,interleaved_offset1,0.5533562211131273,gaussian,10.0,1.0,35.0,0.03
S2,interleaved_offset2,0.5639260089718449,gaussian,10.0,1.0,35.0,0.03
S2,late7,0.9063520062557264,gaussian,10.0,1.0,35.0,0.03
S2,interleaved_offset1,0.550638251415939,gaussian,10.0,1.0,35.0,0.07
S2,interleaved_offset2,0.5573756299570595,gaussian,10.0,1.0,35.0,0.07
S2,late7,0.8366545870730214,gaussian,10.0,1.0,35.0,0.07
S2,interleaved_offset1,0.5475473081096407,gaussian,10.0,1.0,35.0,0.12
S2,interleaved_offset2,0.5534407578277416,gaussian,10.0,1.0,35.0,0.12
S2,late7,0.7939721882493307,gaussian,10.0,1.0,35.0,0.12
S2,interleaved_offset1,0.5555345421089192,gaussian,10.0,1.0,56.0,0.0
S2,interleaved_offset2,0.6024940142549827,gaussian,10.0,1.0,56.0,0.0
S2,late7,1.3936634492696092,gaussian,10.0,1.0,56.0,0.0
S2,interleaved_offset1,0.5533437094896196,gaussian,10.0,1.0,56.0,0.03
S2,interleaved_offset2,0.5639399506626981,gaussian,10.0,1.0,56.0,0.03
S2,late7,0.9062007396478966,gaussian,10.0,1.0,56.0,0.03
S2,interleaved_offset1,0.5506285325330562,gaussian,10.0,1.0,56.0,0.07
S2,interleaved_offset2,0.5573924206936841,gaussian,10.0,1.0,56.0,0.07
S2,late7,0.8366464526766494,gaussian,10.0,1.0,56.0,0.07
S2,interleaved_offset1,0.54754059087735,gaussian,10.0,1.0,56.0,0.12
S2,interleaved_offset2,0.5534588059018702,gaussian,10.0,1.0,56.0,0.12
S2,late7,0.7940064061537172,gaussian,10.0,1.0,56.0,0.12
S2,interleaved_offset1,0.5555345407699575,gaussian,10.0,1.0,,0.0
S2,interleaved_offset2,0.6024940136689954,gaussian,10.0,1.0,,0.0
S2,late7,1.3936359272906749,gaussian,10.0,1.0,,0.0
S2,interleaved_offset1,0.5533437082512048,gaussian,10.0,1.0,,0.03
S2,interleaved_offset2,0.5639399502170527,gaussian,10.0,1.0,,0.03
S2,late7,0.9062005136332763,gaussian,10.0,1.0,,0.03
S2,interleaved_offset1,0.5506285314170344,gaussian,10.0,1.0,,0.07
S2,interleaved_offset2,0.5573924202957452,gaussian,10.0,1.0,,0.07
S2,late7,0.8366463599772732,gaussian,10.0,1.0,,0.07
S2,interleaved_offset1,0.5475405898983452,gaussian,10.0,1.0,,0.12
S2,interleaved_offset2,0.5534588055593596,gaussian,10.0,1.0,,0.12
S2,late7,0.7940063553308598,gaussian,10.0,1.0,,0.12
S2,interleaved_offset1,0.5529476201453949,gaussian,14.0,1.0,14.0,0.0
S2,interleaved_offset2,0.6656603850022915,gaussian,14.0,1.0,14.0,0.0
S2,late7,1.4168948667189898,gaussian,14.0,1.0,14.0,0.0
S2,interleaved_offset1,0.5505492638104922,gaussian,14.0,1.0,14.0,0.03
S2,interleaved_offset2,0.5804007272274644,gaussian,14.0,1.0,14.0,0.03
S2,late7,0.9003047523057072,gaussian,14.0,1.0,14.0,0.03
S2,interleaved_offset1,0.5476208975276393,gaussian,14.0,1.0,14.0,0.07
S2,interleaved_offset2,0.568897113240401,gaussian,14.0,1.0,14.0,0.07
S2,late7,0.8305451344559185,gaussian,14.0,1.0,14.0,0.07
S2,interleaved_offset1,0.5443498257716445,gaussian,14.0,1.0,14.0,0.12
S2,interleaved_offset2,0.5622170725120242,gaussian,14.0,1.0,14.0,0.12
S2,late7,0.7878260785477744,gaussian,14.0,1.0,14.0,0.12
S2,interleaved_offset1,0.5482238204860131,gaussian,14.0,1.0,21.0,0.0
S2,interleaved_offset2,0.5981032584518318,gaussian,14.0,1.0,21.0,0.0
S2,late7,1.41984397940411,gaussian,14.0,1.0,21.0,0.0
S2,interleaved_offset1,0.5464442682545438,gaussian,14.0,1.0,21.0,0.03
S2,interleaved_offset2,0.5602567611841052,gaussian,14.0,1.0,21.0,0.03
S2,late7,0.9032493832387913,gaussian,14.0,1.0,21.0,0.03
S2,interleaved_offset1,0.5442490576635225,gaussian,14.0,1.0,21.0,0.07
S2,interleaved_offset2,0.5544120500444676,gaussian,14.0,1.0,21.0,0.07
S2,late7,0.8334714501582977,gaussian,14.0,1.0,21.0,0.07
S2,interleaved_offset1,0.541768340814716,gaussian,14.0,1.0,21.0,0.12
S2,interleaved_offset2,0.5511248790154543,gaussian,14.0,1.0,21.0,0.12
S2,late7,0.7907116772251198,gaussian,14.0,1.0,21.0,0.12
S2,interleaved_offset1,0.5412533750576609,gaussian,14.0,1.0,35.0,0.0
S2,interleaved_offset2,0.600132911106587,gaussian,14.0,1.0,35.0,0.0
S2,late7,1.4261520671548464,gaussian,14.0,1.0,35.0,0.0
S2,interleaved_offset1,0.539997940810303,gaussian,14.0,1.0,35.0,0.03
S2,interleaved_offset2,0.5622997727277763,gaussian,14.0,1.0,35.0,0.03
S2,late7,0.9095232005555519,gaussian,14.0,1.0,35.0,0.03
S2,interleaved_offset1,0.5384472953638947,gaussian,14.0,1.0,35.0,0.07
S2,interleaved_offset2,0.556465466094834,gaussian,14.0,1.0,35.0,0.07
S2,late7,0.8396859965563124,gaussian,14.0,1.0,35.0,0.07
S2,interleaved_offset1,0.5366958288490278,gaussian,14.0,1.0,35.0,0.12
S2,interleaved_offset2,0.5531807936655325,gaussian,14.0,1.0,35.0,0.12
S2,late7,0.7968323952452928,gaussian,14.0,1.0,35.0,0.12
S2,interleaved_offset1,0.5409854719120043,gaussian,14.0,1.0,56.0,0.0
S2,interleaved_offset2,0.5768649415888163,gaussian,14.0,1.0,56.0,0.0
S2,late7,0.9847071722387901,gaussian,14.0,1.0,56.0,0.0
S2,interleaved_offset1,0.5397778834437782,gaussian,14.0,1.0,56.0,0.03
S2,interleaved_offset2,0.5618818898066382,gaussian,14.0,1.0,56.0,0.03
S2,late7,0.8823657447304752,gaussian,14.0,1.0,56.0,0.03
S2,interleaved_offset1,0.5382844637964622,gaussian,14.0,1.0,56.0,0.07
S2,interleaved_offset2,0.5566114445809333,gaussian,14.0,1.0,56.0,0.07
S2,late7,0.8286803530383339,gaussian,14.0,1.0,56.0,0.07
S2,interleaved_offset1,0.5365956279266231,gaussian,14.0,1.0,56.0,0.12
S2,interleaved_offset2,0.5535191121922775,gaussian,14.0,1.0,56.0,0.12
S2,late7,0.7915748070974514,gaussian,14.0,1.0,56.0,0.12
S2,interleaved_offset1,0.5409827122849551,gaussian,14.0,1.0,,0.0
S2,interleaved_offset2,0.5768633707866001,gaussian,14.0,1.0,,0.0
S2,late7,0.9827596763499385,gaussian,14.0,1.0,,0.0
S2,interleaved_offset1,0.5397753467533645,gaussian,14.0,1.0,,0.03
S2,interleaved_offset2,0.5618805703039724,gaussian,14.0,1.0,,0.03
S2,late7,0.8818404714130583,gaussian,14.0,1.0,,0.03
S2,interleaved_offset1,0.5382822006256252,gaussian,14.0,1.0,,0.07
S2,interleaved_offset2,0.5566102616526731,gaussian,14.0,1.0,,0.07
S2,late7,0.8284231926371489,gaussian,14.0,1.0,,0.07
S2,interleaved_offset1,0.5365936731384482,gaussian,14.0,1.0,,0.12
S2,interleaved_offset2,0.5535180895662256,gaussian,14.0,1.0,,0.12
S2,late7,0.7914252865375345,gaussian,14.0,1.0,,0.12
S2,interleaved_offset1,0.5484785195642308,gaussian,21.0,1.0,14.0,0.0
S2,interleaved_offset2,0.665834599601135,gaussian,21.0,1.0,14.0,0.0
S2,late7,1.414151053291347,gaussian,21.0,1.0,14.0,0.0
S2,interleaved_offset1,0.5462640298541357,gaussian,21.0,1.0,14.0,0.03
S2,interleaved_offset2,0.5805897940612222,gaussian,21.0,1.0,14.0,0.03
S2,late7,0.8975644908407391,gaussian,21.0,1.0,14.0,0.03
S2,interleaved_offset1,0.5435760717590649,gaussian,21.0,1.0,14.0,0.07
S2,interleaved_offset2,0.5691037340426411,gaussian,21.0,1.0,14.0,0.07
S2,late7,0.8278182434469898,gaussian,21.0,1.0,14.0,0.07
S2,interleaved_offset1,0.5405966581257061,gaussian,21.0,1.0,14.0,0.12
S2,interleaved_offset2,0.5624422011939546,gaussian,21.0,1.0,14.0,0.12
S2,late7,0.7851290977638578,gaussian,21.0,1.0,14.0,0.12
S2,interleaved_offset1,0.5443557762088428,gaussian,21.0,1.0,21.0,0.0
S2,interleaved_offset2,0.5968670637122279,gaussian,21.0,1.0,21.0,0.0
S2,late7,1.4215962316863575,gaussian,21.0,1.0,21.0,0.0
S2,interleaved_offset1,0.5428152566973227,gaussian,21.0,1.0,21.0,0.03
S2,interleaved_offset2,0.5592667816172076,gaussian,21.0,1.0,21.0,0.03
S2,late7,0.9048540121562245,gaussian,21.0,1.0,21.0,0.03
S2,interleaved_offset1,0.5409206847359771,gaussian,21.0,1.0,21.0,0.07
S2,interleaved_offset2,0.5536888880490729,gaussian,21.0,1.0,21.0,0.07
S2,late7,0.8348890641470451,gaussian,21.0,1.0,21.0,0.07
S2,interleaved_offset1,0.5387893448417499,gaussian,21.0,1.0,21.0,0.12
S2,interleaved_offset2,0.5506626539120366,gaussian,21.0,1.0,21.0,0.12
S2,late7,0.7919108526735872,gaussian,21.0,1.0,21.0,0.12
S2,interleaved_offset1,0.528135820410696,gaussian,21.0,1.0,35.0,0.0
S2,interleaved_offset2,0.6032611228068513,gaussian,21.0,1.0,35.0,0.0
S2,late7,1.430123771962593,gaussian,21.0,1.0,35.0,0.0
S2,interleaved_offset1,0.5276655534392323,gaussian,21.0,1.0,35.0,0.03
S2,interleaved_offset2,0.5656175230437382,gaussian,21.0,1.0,35.0,0.03
S2,late7,0.9135066894180107,gaussian,21.0,1.0,35.0,0.03
S2,interleaved_offset1,0.5271041098218591,gaussian,21.0,1.0,35.0,0.07
S2,interleaved_offset2,0.5599674585975611,gaussian,21.0,1.0,35.0,0.07
S2,late7,0.8436758215855437,gaussian,21.0,1.0,35.0,0.07
S2,interleaved_offset1,0.5265042797779972,gaussian,21.0,1.0,35.0,0.12
S2,interleaved_offset2,0.5568295788678679,gaussian,21.0,1.0,35.0,0.12
S2,late7,0.8008153659023605,gaussian,21.0,1.0,35.0,0.12
S2,interleaved_offset1,0.5280574630776905,gaussian,21.0,1.0,56.0,0.0
S2,interleaved_offset2,0.5595993985951898,gaussian,21.0,1.0,56.0,0.0
S2,late7,0.7763349680833543,gaussian,21.0,1.0,56.0,0.0
S2,interleaved_offset1,0.5277662205621227,gaussian,21.0,1.0,56.0,0.03
S2,interleaved_offset2,0.5584557772276532,gaussian,21.0,1.0,56.0,0.03
S2,late7,0.7669327965387,gaussian,21.0,1.0,56.0,0.03
S2,interleaved_offset1,0.5274221786772979,gaussian,21.0,1.0,56.0,0.07
S2,interleaved_offset2,0.5574020042029052,gaussian,21.0,1.0,56.0,0.07
S2,late7,0.7563746164012389,gaussian,21.0,1.0,56.0,0.07
S2,interleaved_offset1,0.5270621383894323,gaussian,21.0,1.0,56.0,0.12
S2,interleaved_offset2,0.5565932047246883,gaussian,21.0,1.0,56.0,0.12
S2,late7,0.7455628715875808,gaussian,21.0,1.0,56.0,0.12
S2,interleaved_offset1,0.5279714290526406,gaussian,21.0,1.0,,0.0
S2,interleaved_offset2,0.559494398806414,gaussian,21.0,1.0,,0.0
S2,late7,0.7677359118745273,gaussian,21.0,1.0,,0.0
S2,interleaved_offset1,0.5276899514931677,gaussian,21.0,1.0,,0.03
S2,interleaved_offset2,0.5583596883819257,gaussian,21.0,1.0,,0.03
S2,late7,0.7596800074020937,gaussian,21.0,1.0,,0.03
S2,interleaved_offset1,0.5273580644999242,gaussian,21.0,1.0,,0.07
S2,interleaved_offset2,0.5573169772176804,gaussian,21.0,1.0,,0.07
S2,late7,0.7504865221228133,gaussian,21.0,1.0,,0.07
S2,interleaved_offset1,0.5270118976425224,gaussian,21.0,1.0,,0.12
S2,interleaved_offset2,0.5565211677773977,gaussian,21.0,1.0,,0.12
S2,late7,0.7409329762059099,gaussian,21.0,1.0,,0.12
S2,interleaved_offset1,0.5470333306101196,gaussian,28.0,1.0,14.0,0.0
S2,interleaved_offset2,0.6660123711398105,gaussian,28.0,1.0,14.0,0.0
S2,late7,1.4133284645640176,gaussian,28.0,1.0,14.0,0.0
S2,interleaved_offset1,0.5448703713849063,gaussian,28.0,1.0,14.0,0.03
S2,interleaved_offset2,0.5807647283833997,gaussian,28.0,1.0,14.0,0.03
S2,late7,0.8967365353730077,gaussian,28.0,1.0,14.0,0.03
S2,interleaved_offset1,0.5422516660258488,gaussian,28.0,1.0,14.0,0.07
S2,interleaved_offset2,0.5692746971677205,gaussian,28.0,1.0,14.0,0.07
S2,late7,0.826986495304752,gaussian,28.0,1.0,14.0,0.07
S2,interleaved_offset1,0.5393585406760951,gaussian,28.0,1.0,14.0,0.12
S2,interleaved_offset2,0.562607904505288,gaussian,28.0,1.0,14.0,0.12
S2,late7,0.7842977284617685,gaussian,28.0,1.0,14.0,0.12
S2,interleaved_offset1,0.543367750873131,gaussian,28.0,1.0,21.0,0.0
S2,interleaved_offset2,0.5967823737328042,gaussian,28.0,1.0,21.0,0.0
S2,late7,1.422505425066336,gaussian,28.0,1.0,21.0,0.0
S2,interleaved_offset1,0.541890748873679,gaussian,28.0,1.0,21.0,0.03
S2,interleaved_offset2,0.5592345688580582,gaussian,28.0,1.0,21.0,0.03
S2,late7,0.9056986261184298,gaussian,28.0,1.0,21.0,0.03
S2,interleaved_offset1,0.5400760149802336,gaussian,28.0,1.0,21.0,0.07
S2,interleaved_offset2,0.5537140026150834,gaussian,28.0,1.0,21.0,0.07
S2,late7,0.835651668383785,gaussian,28.0,1.0,21.0,0.07
S2,interleaved_offset1,0.5380373896750854,gaussian,28.0,1.0,21.0,0.12
S2,interleaved_offset2,0.5507435094540455,gaussian,28.0,1.0,21.0,0.12
S2,late7,0.7925772889957674,gaussian,28.0,1.0,21.0,0.12
S2,interleaved_offset1,0.522194892034271,gaussian,28.0,1.0,35.0,0.0
S2,interleaved_offset2,0.6059560734805802,gaussian,28.0,1.0,35.0,0.0
S2,late7,1.431727801388583,gaussian,28.0,1.0,35.0,0.0
S2,interleaved_offset1,0.5220330081345647,gaussian,28.0,1.0,35.0,0.03
S2,interleaved_offset2,0.5683166610571808,gaussian,28.0,1.0,35.0,0.03
S2,late7,0.9151418506109821,gaussian,28.0,1.0,35.0,0.03
S2,interleaved_offset1,0.521865834479158,gaussian,28.0,1.0,35.0,0.07
S2,interleaved_offset2,0.5626561289103819,gaussian,28.0,1.0,35.0,0.07
S2,late7,0.8453470360809715,gaussian,28.0,1.0,35.0,0.07
S2,interleaved_offset1,0.5217332823021329,gaussian,28.0,1.0,35.0,0.12
S2,interleaved_offset2,0.5594839921007169,gaussian,28.0,1.0,35.0,0.12
S2,late7,0.8025229166306759,gaussian,28.0,1.0,35.0,0.12
S2,interleaved_offset1,0.5244722180408609,gaussian,28.0,1.0,56.0,0.0
S2,interleaved_offset2,0.5588389678006567,gaussian,28.0,1.0,56.0,0.0
S2,late7,0.7291864352028212,gaussian,28.0,1.0,56.0,0.0
S2,interleaved_offset1,0.5245045528958528,gaussian,28.0,1.0,56.0,0.03
S2,interleaved_offset2,0.5588144881354167,gaussian,28.0,1.0,56.0,0.03
S2,late7,0.7264918074057518,gaussian,28.0,1.0,56.0,0.03
S2,interleaved_offset1,0.5245686017491701,gaussian,28.0,1.0,56.0,0.07
S2,interleaved_offset2,0.5588488833610876,gaussian,28.0,1.0,56.0,0.07
S2,late7,0.7232335405734618,gaussian,28.0,1.0,56.0,0.07
S2,interleaved_offset1,0.5246821948441845,gaussian,28.0,1.0,56.0,0.12
S2,interleaved_offset2,0.5589887979210569,gaussian,28.0,1.0,56.0,0.12
S2,late7,0.7196463845092627,gaussian,28.0,1.0,56.0,0.12
S2,interleaved_offset1,0.5245677140155106,gaussian,28.0,1.0,,0.0
S2,interleaved_offset2,0.558658365056077,gaussian,28.0,1.0,,0.0
S2,late7,0.7186773762030524,gaussian,28.0,1.0,,0.0
S2,interleaved_offset1,0.5246180529559062,gaussian,28.0,1.0,,0.03
S2,interleaved_offset2,0.5586601909958866,gaussian,28.0,1.0,,0.03
S2,late7,0.7169855782597118,gaussian,28.0,1.0,,0.03
S2,interleaved_offset1,0.5247040105900955,gaussian,28.0,1.0,,0.07
S2,interleaved_offset2,0.5587274691788793,gaussian,28.0,1.0,,0.07
S2,late7,0.7149290145104195,gaussian,28.0,1.0,,0.07
S2,interleaved_offset1,0.5248416702094573,gaussian,28.0,1.0,,0.12
S2,interleaved_offset2,0.5589054399556763,gaussian,28.0,1.0,,0.12
S2,late7,0.7126575975451886,gaussian,28.0,1.0,,0.12
S2,interleaved_offset1,0.5848823616392931,inverse,14.0,0.75,14.0,0.0
S2,interleaved_offset2,0.6640763604151864,inverse,14.0,0.75,14.0,0.0
S2,late7,1.4087533598048172,inverse,14.0,0.75,14.0,0.0
S2,interleaved_offset1,0.5807304184850075,inverse,14.0,0.75,14.0,0.03
S2,interleaved_offset2,0.5785512357272085,inverse,14.0,0.75,14.0,0.03
S2,late7,0.8924464802360101,inverse,14.0,0.75,14.0,0.03
S2,interleaved_offset1,0.5756023368678114,inverse,14.0,0.75,14.0,0.07
S2,interleaved_offset2,0.5667395474471354,inverse,14.0,0.75,14.0,0.07
S2,late7,0.8230595347094165,inverse,14.0,0.75,14.0,0.07
S2,interleaved_offset1,0.5697765576617259,inverse,14.0,0.75,14.0,0.12
S2,interleaved_offset2,0.5597419959609335,inverse,14.0,0.75,14.0,0.12
S2,late7,0.7807987432523955,inverse,14.0,0.75,14.0,0.12
S2,interleaved_offset1,0.5776140443064762,inverse,14.0,0.75,21.0,0.0
S2,interleaved_offset2,0.5970608330063377,inverse,14.0,0.75,21.0,0.0
S2,late7,1.4129912328698198,inverse,14.0,0.75,21.0,0.0
S2,interleaved_offset1,0.574286758768723,inverse,14.0,0.75,21.0,0.03
S2,interleaved_offset2,0.558877661567659,inverse,14.0,0.75,21.0,0.03
S2,late7,0.8966503880779242,inverse,14.0,0.75,21.0,0.03
S2,interleaved_offset1,0.5701251605664577,inverse,14.0,0.75,21.0,0.07
S2,interleaved_offset2,0.5526706569629196,inverse,14.0,0.75,21.0,0.07
S2,late7,0.8272054858229789,inverse,14.0,0.75,21.0,0.07
S2,interleaved_offset1,0.5653308468738958,inverse,14.0,0.75,21.0,0.12
S2,interleaved_offset2,0.549034289987084,inverse,14.0,0.75,21.0,0.12
S2,late7,0.7848537656127672,inverse,14.0,0.75,21.0,0.12
S2,interleaved_offset1,0.5575155912543039,inverse,14.0,0.75,35.0,0.0
S2,interleaved_offset2,0.5997041890253998,inverse,14.0,0.75,35.0,0.0
S2,late7,1.417095537838296,inverse,14.0,0.75,35.0,0.0
S2,interleaved_offset1,0.5555040514719402,inverse,14.0,0.75,35.0,0.03
S2,interleaved_offset2,0.561592116582372,inverse,14.0,0.75,35.0,0.03
S2,late7,0.9009863769062232,inverse,14.0,0.75,35.0,0.03
S2,interleaved_offset1,0.5529792353182977,inverse,14.0,0.75,35.0,0.07
S2,interleaved_offset2,0.5554649561497327,inverse,14.0,0.75,35.0,0.07
S2,late7,0.8318192717951894,inverse,14.0,0.75,35.0,0.07
S2,interleaved_offset1,0.5500622881871995,inverse,14.0,0.75,35.0,0.12
S2,interleaved_offset2,0.5519060835853019,inverse,14.0,0.75,35.0,0.12
S2,late7,0.7897675637993653,inverse,14.0,0.75,35.0,0.12
S2,interleaved_offset1,0.5492827167017397,inverse,14.0,0.75,56.0,0.0
S2,interleaved_offset2,0.546493989379306,inverse,14.0,0.75,56.0,0.0
S2,late7,0.7029364409182556,inverse,14.0,0.75,56.0,0.0
S2,interleaved_offset1,0.5480590956560959,inverse,14.0,0.75,56.0,0.03
S2,interleaved_offset2,0.5465924692102432,inverse,14.0,0.75,56.0,0.03
S2,late7,0.7016234757835628,inverse,14.0,0.75,56.0,0.03
S2,interleaved_offset1,0.5465071438907574,inverse,14.0,0.75,56.0,0.07
S2,interleaved_offset2,0.5468114602157037,inverse,14.0,0.75,56.0,0.07
S2,late7,0.7000814534079713,inverse,14.0,0.75,56.0,0.07
S2,interleaved_offset1,0.5446916731928795,inverse,14.0,0.75,56.0,0.12
S2,interleaved_offset2,0.5472170193195601,inverse,14.0,0.75,56.0,0.12
S2,late7,0.6984673999006092,inverse,14.0,0.75,56.0,0.12
S2,interleaved_offset1,0.5481871182778779,inverse,14.0,0.75,,0.0
S2,interleaved_offset2,0.5470277188981859,inverse,14.0,0.75,,0.0
S2,late7,0.6956629025394016,inverse,14.0,0.75,,0.0
S2,interleaved_offset1,0.5470787592082724,inverse,14.0,0.75,,0.03
S2,interleaved_offset2,0.5471629829874245,inverse,14.0,0.75,,0.03
S2,late7,0.6953652883191557,inverse,14.0,0.75,,0.03
S2,interleaved_offset1,0.5456710007485794,inverse,14.0,0.75,,0.07
S2,interleaved_offset2,0.5474251243578864,inverse,14.0,0.75,,0.07
S2,late7,0.6950551464798019,inverse,14.0,0.75,,0.07
S2,interleaved_offset1,0.5440211515852075,inverse,14.0,0.75,,0.12
S2,interleaved_offset2,0.5478758735172394,inverse,14.0,0.75,,0.12
S2,late7,0.6948026766499484,inverse,14.0,0.75,,0.12
S2,interleaved_offset1,0.6069252724433088,inverse,14.0,1.0,14.0,0.0
S2,interleaved_offset2,0.6678680846028437,inverse,14.0,1.0,14.0,0.0
S2,late7,1.4083083205295162,inverse,14.0,1.0,14.0,0.0
S2,interleaved_offset1,0.6011905938172907,inverse,14.0,1.0,14.0,0.03
S2,interleaved_offset2,0.5819062455322088,inverse,14.0,1.0,14.0,0.03
S2,late7,0.8920131346100337,inverse,14.0,1.0,14.0,0.03
S2,interleaved_offset1,0.5941621565125715,inverse,14.0,1.0,14.0,0.07
S2,interleaved_offset2,0.569566477946598,inverse,14.0,1.0,14.0,0.07
S2,late7,0.8226409149692155,inverse,14.0,1.0,14.0,0.07
S2,interleaved_offset1,0.5862334034506378,inverse,14.0,1.0,14.0,0.12
S2,interleaved_offset2,0.5619851574160427,inverse,14.0,1.0,14.0,0.12
S2,late7,0.7803975129537121,inverse,14.0,1.0,14.0,0.12
S2,interleaved_offset1,0.5982832652587158,inverse,14.0,1.0,21.0,0.0
S2,interleaved_offset2,0.602402662027861,inverse,14.0,1.0,21.0,0.0
S2,late7,1.4102169856386204,inverse,14.0,1.0,21.0,0.0
S2,interleaved_offset1,0.5935560378967303,inverse,14.0,1.0,21.0,0.03
S2,interleaved_offset2,0.5634650465606599,inverse,14.0,1.0,21.0,0.03
S2,late7,0.8939748689036975,inverse,14.0,1.0,21.0,0.03
S2,interleaved_offset1,0.5876731969923542,inverse,14.0,1.0,21.0,0.07
S2,interleaved_offset2,0.5564446780833853,inverse,14.0,1.0,21.0,0.07
S2,late7,0.8246596966155623,inverse,14.0,1.0,21.0,0.07
S2,interleaved_offset1,0.5809301325525326,inverse,14.0,1.0,21.0,0.12
S2,interleaved_offset2,0.5519922292064451,inverse,14.0,1.0,21.0,0.12
S2,late7,0.7824672385206363,inverse,14.0,1.0,21.0,0.12
S2,interleaved_offset1,0.5808518149285748,inverse,14.0,1.0,35.0,0.0
S2,interleaved_offset2,0.6026275266286757,inverse,14.0,1.0,35.0,0.0
S2,late7,1.4128662742019074,inverse,14.0,1.0,35.0,0.0
S2,interleaved_offset1,0.5773615951890895,inverse,14.0,1.0,35.0,0.03
S2,interleaved_offset2,0.5638381604481593,inverse,14.0,1.0,35.0,0.03
S2,late7,0.8968264939116867,inverse,14.0,1.0,35.0,0.03
S2,interleaved_offset1,0.5729968965089968,inverse,14.0,1.0,35.0,0.07
S2,interleaved_offset2,0.5569963489440106,inverse,14.0,1.0,35.0,0.07
S2,late7,0.8277556821385241,inverse,14.0,1.0,35.0,0.07
S2,interleaved_offset1,0.567968303295029,inverse,14.0,1.0,35.0,0.12
S2,interleaved_offset2,0.5527394298422812,inverse,14.0,1.0,35.0,0.12
S2,late7,0.7858304597185302,inverse,14.0,1.0,35.0,0.12
S2,interleaved_offset1,0.571168734572388,inverse,14.0,1.0,56.0,0.0
S2,interleaved_offset2,0.5490952252487549,inverse,14.0,1.0,56.0,0.0
S2,late7,0.7125414161707021,inverse,14.0,1.0,56.0,0.0
S2,interleaved_offset1,0.5685647179496726,inverse,14.0,1.0,56.0,0.03
S2,interleaved_offset2,0.5484266997500296,inverse,14.0,1.0,56.0,0.03
S2,late7,0.7097136434431135,inverse,14.0,1.0,56.0,0.03
S2,interleaved_offset1,0.5652757958812099,inverse,14.0,1.0,56.0,0.07
S2,interleaved_offset2,0.5477636656938434,inverse,14.0,1.0,56.0,0.07
S2,late7,0.706396217314966,inverse,14.0,1.0,56.0,0.07
S2,interleaved_offset1,0.5614430225013891,inverse,14.0,1.0,56.0,0.12
S2,interleaved_offset2,0.5472521332948035,inverse,14.0,1.0,56.0,0.12
S2,late7,0.7028958412828848,inverse,14.0,1.0,56.0,0.12
S2,interleaved_offset1,0.5695347172464574,inverse,14.0,1.0,,0.0
S2,interleaved_offset2,0.5490324201804407,inverse,14.0,1.0,,0.0
S2,late7,0.7013372052529452,inverse,14.0,1.0,,0.0
S2,interleaved_offset1,0.5670693713212241,inverse,14.0,1.0,,0.03
S2,interleaved_offset2,0.5484161408951475,inverse,14.0,1.0,,0.03
S2,late7,0.6999777346976426,inverse,14.0,1.0,,0.03
S2,interleaved_offset1,0.563952651449111,inverse,14.0,1.0,,0.07
S2,interleaved_offset2,0.5478159008643433,inverse,14.0,1.0,,0.07
S2,late7,0.6983903359184901,inverse,14.0,1.0,,0.07
S2,interleaved_offset1,0.5603164043844558,inverse,14.0,1.0,,0.12
S2,interleaved_offset2,0.5473730015257233,inverse,14.0,1.0,,0.12
S2,late7,0.6967416620327206,inverse,14.0,1.0,,0.12
S2,interleaved_offset1,0.6644193094275029,inverse,14.0,1.5,14.0,0.0
S2,interleaved_offset2,0.683664018708929,inverse,14.0,1.5,14.0,0.0
S2,late7,1.409896281543639,inverse,14.0,1.5,14.0,0.0
S2,interleaved_offset1,0.6534404909075261,inverse,14.0,1.5,14.0,0.03
S2,interleaved_offset2,0.5960440191543777,inverse,14.0,1.5,14.0,0.03
S2,late7,0.8934524316835517,inverse,14.0,1.5,14.0,0.03
S2,interleaved_offset1,0.6404833700256957,inverse,14.0,1.5,14.0,0.07
S2,interleaved_offset2,0.581759849271803,inverse,14.0,1.5,14.0,0.07
S2,late7,0.8238886121397007,inverse,14.0,1.5,14.0,0.07
S2,interleaved_offset1,0.6263593280597475,inverse,14.0,1.5,14.0,0.12
S2,interleaved_offset2,0.5720849056115314,inverse,14.0,1.5,14.0,0.12
S2,late7,0.7814169944768123,inverse,14.0,1.5,14.0,0.12
S2,interleaved_offset1,0.6545028102939522,inverse,14.0,1.5,21.0,0.0
S2,interleaved_offset2,0.6227112140637387,inverse,14.0,1.5,21.0,0.0
S2,late7,1.4075017857576524,inverse,14.0,1.5,21.0,0.0
S2,interleaved_offset1,0.6450295416306431,inverse,14.0,1.5,21.0,0.03
S2,interleaved_offset2,0.5809226275911821,inverse,14.0,1.5,21.0,0.03
S2,late7,0.8912804797195205,inverse,14.0,1.5,21.0,0.03
S2,interleaved_offset1,0.6335890920761876,inverse,14.0,1.5,21.0,0.07
S2,interleaved_offset2,0.5711028878617437,inverse,14.0,1.5,21.0,0.07
S2,late7,0.8219967845355137,inverse,14.0,1.5,21.0,0.07
S2,interleaved_offset1,0.6208666696567168,inverse,14.0,1.5,21.0,0.12
S2,interleaved_offset2,0.5639634405091672,inverse,14.0,1.5,21.0,0.12
S2,late7,0.7798499653161319,inverse,14.0,1.5,21.0,0.12
S2,interleaved_offset1,0.642003656799874,inverse,14.0,1.5,35.0,0.0
S2,interleaved_offset2,0.6202810796974529,inverse,14.0,1.5,35.0,0.0
S2,late7,1.4083832080440049,inverse,14.0,1.5,35.0,0.0
S2,interleaved_offset1,0.6336691615622276,inverse,14.0,1.5,35.0,0.03
S2,interleaved_offset2,0.5787602569899541,inverse,14.0,1.5,35.0,0.03
S2,late7,0.8923125608252658,inverse,14.0,1.5,35.0,0.03
S2,interleaved_offset1,0.6235481964141985,inverse,14.0,1.5,35.0,0.07
S2,interleaved_offset2,0.5692559972024019,inverse,14.0,1.5,35.0,0.07
S2,late7,0.8232124999019803,inverse,14.0,1.5,35.0,0.07
S2,interleaved_offset1,0.6122280970993202,inverse,14.0,1.5,35.0,0.12
S2,interleaved_offset2,0.5624580162891476,inverse,14.0,1.5,35.0,0.12
S2,late7,0.7812699648899941,inverse,14.0,1.5,35.0,0.12
S2,interleaved_offset1,0.6342376552373558,inverse,14.0,1.5,56.0,0.0
S2,interleaved_offset2,0.5718582645833248,inverse,14.0,1.5,56.0,0.0
S2,late7,0.7540355444068717,inverse,14.0,1.5,56.0,0.0
S2,interleaved_offset1,0.6267762876474663,inverse,14.0,1.5,56.0,0.03
S2,interleaved_offset2,0.5673370013585604,inverse,14.0,1.5,56.0,0.03
S2,late7,0.7442289705418045,inverse,14.0,1.5,56.0,0.03
S2,interleaved_offset1,0.6176348401324221,inverse,14.0,1.5,56.0,0.07
S2,interleaved_offset2,0.5627692322428477,inverse,14.0,1.5,56.0,0.07
S2,late7,0.7335273799728037,inverse,14.0,1.5,56.0,0.07
S2,interleaved_offset1,0.6073189612882008,inverse,14.0,1.5,56.0,0.12
S2,interleaved_offset2,0.5585505893004047,inverse,14.0,1.5,56.0,0.12
S2,late7,0.7229322002802925,inverse,14.0,1.5,56.0,0.12
S2,interleaved_offset1,0.6328748701067689,inverse,14.0,1.5,,0.0
S2,interleaved_offset2,0.5713933236208955,inverse,14.0,1.5,,0.0
S2,late7,0.7375161938952438,inverse,14.0,1.5,,0.0
S2,interleaved_offset1,0.6255421942026244,inverse,14.0,1.5,,0.03
S2,interleaved_offset2,0.566929368552974,inverse,14.0,1.5,,0.03
S2,late7,0.7306260075213123,inverse,14.0,1.5,,0.03
S2,interleaved_offset1,0.6165510173976514,inverse,14.0,1.5,,0.07
S2,interleaved_offset2,0.5624279881167844,inverse,14.0,1.5,,0.07
S2,late7,0.7229116577781494,inverse,14.0,1.5,,0.07
S2,interleaved_offset1,0.6063962153340209,inverse,14.0,1.5,,0.12
S2,interleaved_offset2,0.5582798477094255,inverse,14.0,1.5,,0.12
S2,late7,0.7150919494558738,inverse,14.0,1.5,,0.12
S2,interleaved_offset1,0.7375588382699376,inverse,14.0,2.0,14.0,0.0
S2,interleaved_offset2,0.7102039568704424,inverse,14.0,2.0,14.0,0.0
S2,late7,1.4156315481845243,inverse,14.0,2.0,14.0,0.0
S2,interleaved_offset1,0.7172237567799834,inverse,14.0,2.0,14.0,0.03
S2,interleaved_offset2,0.6194547810960358,inverse,14.0,2.0,14.0,0.03
S2,late7,0.8987876574856954,inverse,14.0,2.0,14.0,0.03
S2,interleaved_offset1,0.6949418342555893,inverse,14.0,2.0,14.0,0.07
S2,interleaved_offset2,0.6017933212826689,inverse,14.0,2.0,14.0,0.07
S2,late7,0.8287100783011325,inverse,14.0,2.0,14.0,0.07
S2,interleaved_offset1,0.6719889475405746,inverse,14.0,2.0,14.0,0.12
S2,interleaved_offset2,0.5887113581143198,inverse,14.0,2.0,14.0,0.12
S2,late7,0.7856277067712403,inverse,14.0,2.0,14.0,0.12
S2,interleaved_offset1,0.728141227405355,inverse,14.0,2.0,21.0,0.0
S2,interleaved_offset2,0.6554170116380412,inverse,14.0,2.0,21.0,0.0
S2,late7,1.4095790190205282,inverse,14.0,2.0,21.0,0.0
S2,interleaved_offset1,0.7099986937314795,inverse,14.0,2.0,21.0,0.03
S2,interleaved_offset2,0.6081004687668115,inverse,14.0,2.0,21.0,0.03
S2,late7,0.8931209282763859,inverse,14.0,2.0,21.0,0.03
S2,interleaved_offset1,0.6894454266748944,inverse,14.0,2.0,21.0,0.07
S2,interleaved_offset2,0.5937970671253232,inverse,14.0,2.0,21.0,0.07
S2,late7,0.8235352354038852,inverse,14.0,2.0,21.0,0.07
S2,interleaved_offset1,0.6678195292139676,inverse,14.0,2.0,21.0,0.12
S2,interleaved_offset2,0.5826352999769526,inverse,14.0,2.0,21.0,0.12
S2,late7,0.7810329910976176,inverse,14.0,2.0,21.0,0.12
S2,interleaved_offset1,0.7200514224728629,inverse,14.0,2.0,35.0,0.0
S2,interleaved_offset2,0.6524361339246927,inverse,14.0,2.0,35.0,0.0
S2,late7,1.4098993916930678,inverse,14.0,2.0,35.0,0.0
S2,interleaved_offset1,0.7029541840027042,inverse,14.0,2.0,35.0,0.03
S2,interleaved_offset2,0.6054676214579935,inverse,14.0,2.0,35.0,0.03
S2,late7,0.8935471312170744,inverse,14.0,2.0,35.0,0.03
S2,interleaved_offset1,0.6834768260344222,inverse,14.0,2.0,35.0,0.07
S2,interleaved_offset2,0.5915335532804487,inverse,14.0,2.0,35.0,0.07
S2,late7,0.8240899702535955,inverse,14.0,2.0,35.0,0.07
S2,interleaved_offset1,0.6628785184617146,inverse,14.0,2.0,35.0,0.12
S2,interleaved_offset2,0.5807391568135055,inverse,14.0,2.0,35.0,0.12
S2,late7,0.7817305828159408,inverse,14.0,2.0,35.0,0.12
S2,interleaved_offset1,0.7154604260163437,inverse,14.0,2.0,56.0,0.0
S2,interleaved_offset2,0.6135751822339163,inverse,14.0,2.0,56.0,0.0
S2,late7,0.8224181896159425,inverse,14.0,2.0,56.0,0.0
S2,interleaved_offset1,0.6991192144085085,inverse,14.0,2.0,56.0,0.03
S2,interleaved_offset2,0.5998209970952325,inverse,14.0,2.0,56.0,0.03
S2,late7,0.7951068083699727,inverse,14.0,2.0,56.0,0.03
S2,interleaved_offset1,0.6803586134787243,inverse,14.0,2.0,56.0,0.07
S2,interleaved_offset2,0.5886006644626975,inverse,14.0,2.0,56.0,0.07
S2,late7,0.7703905090974773,inverse,14.0,2.0,56.0,0.07
S2,interleaved_offset1,0.6603970581735686,inverse,14.0,2.0,56.0,0.12
S2,interleaved_offset2,0.57897581069899,inverse,14.0,2.0,56.0,0.12
S2,late7,0.7489711279035176,inverse,14.0,2.0,56.0,0.12
S2,interleaved_offset1,0.7147321155920543,inverse,14.0,2.0,,0.0
S2,interleaved_offset2,0.6131801271902235,inverse,14.0,2.0,,0.0
S2,late7,0.8037572218019086,inverse,14.0,2.0,,0.0
S2,interleaved_offset1,0.6984909041818438,inverse,14.0,2.0,,0.03
S2,interleaved_offset2,0.5994758908765276,inverse,14.0,2.0,,0.03
S2,late7,0.7820059055181166,inverse,14.0,2.0,,0.03
S2,interleaved_offset1,0.6798296203855714,inverse,14.0,2.0,,0.07
S2,interleaved_offset2,0.5883067550774798,inverse,14.0,2.0,,0.07
S2,late7,0.7614480047905813,inverse,14.0,2.0,,0.07
S2,interleaved_offset1,0.6599609157401963,inverse,14.0,2.0,,0.12
S2,interleaved_offset2,0.5787315173574314,inverse,14.0,2.0,,0.12
S2,late7,0.7430543137847415,inverse,14.0,2.0,,0.12
S3,interleaved_offset1,0.6410870495766673,exp,5.0,1.0,14.0,0.0
S3,interleaved_offset2,0.6456636857808644,exp,5.0,1.0,14.0,0.0
S3,late7,1.7574878823252986,exp,5.0,1.0,14.0,0.0
S3,interleaved_offset1,0.631053975093035,exp,5.0,1.0,14.0,0.03
S3,interleaved_offset2,0.5679762423338814,exp,5.0,1.0,14.0,0.03
S3,late7,1.0991684521766147,exp,5.0,1.0,14.0,0.03
S3,interleaved_offset1,0.619752088503921,exp,5.0,1.0,14.0,0.07
S3,interleaved_offset2,0.5534801970100969,exp,5.0,1.0,14.0,0.07
S3,late7,1.0031437642181056,exp,5.0,1.0,14.0,0.07
S3,interleaved_offset1,0.6077929197005373,exp,5.0,1.0,14.0,0.12
S3,interleaved_offset2,0.5432179163619473,exp,5.0,1.0,14.0,0.12
S3,late7,0.9391964002754918,exp,5.0,1.0,14.0,0.12
S3,interleaved_offset1,0.62988459553342,exp,5.0,1.0,21.0,0.0
S3,interleaved_offset2,0.6450176784643238,exp,5.0,1.0,21.0,0.0
S3,late7,1.3454859922669724,exp,5.0,1.0,21.0,0.0
S3,interleaved_offset1,0.6216899252245923,exp,5.0,1.0,21.0,0.03
S3,interleaved_offset2,0.5673920995585695,exp,5.0,1.0,21.0,0.03
S3,late7,0.9835944014672704,exp,5.0,1.0,21.0,0.03
S3,interleaved_offset1,0.6120764419891389,exp,5.0,1.0,21.0,0.07
S3,interleaved_offset2,0.5529741337669952,exp,5.0,1.0,21.0,0.07
S3,late7,0.9204632112077253,exp,5.0,1.0,21.0,0.07
S3,interleaved_offset1,0.6015814153952643,exp,5.0,1.0,21.0,0.12
S3,interleaved_offset2,0.5428022195470342,exp,5.0,1.0,21.0,0.12
S3,late7,0.876183299073052,exp,5.0,1.0,21.0,0.12
S3,interleaved_offset1,0.6270560406759105,exp,5.0,1.0,35.0,0.0
S3,interleaved_offset2,0.6448025639288373,exp,5.0,1.0,35.0,0.0
S3,late7,1.3383642559248756,exp,5.0,1.0,35.0,0.0
S3,interleaved_offset1,0.6193458709198283,exp,5.0,1.0,35.0,0.03
S3,interleaved_offset2,0.5672020152888025,exp,5.0,1.0,35.0,0.03
S3,late7,0.9772141944513977,exp,5.0,1.0,35.0,0.03
S3,interleaved_offset1,0.6101886161352433,exp,5.0,1.0,35.0,0.07
S3,interleaved_offset2,0.5528145157129508,exp,5.0,1.0,35.0,0.07
S3,late7,0.9148671914174048,exp,5.0,1.0,35.0,0.07
S3,interleaved_offset1,0.6000934155458097,exp,5.0,1.0,35.0,0.12
S3,interleaved_offset2,0.5426773008137182,exp,5.0,1.0,35.0,0.12
S3,late7,0.8713539907488941,exp,5.0,1.0,35.0,0.12
S3,interleaved_offset1,0.6267851996008822,exp,5.0,1.0,56.0,0.0
S3,interleaved_offset2,0.6238762375484161,exp,5.0,1.0,56.0,0.0
S3,late7,1.1178320552177416,exp,5.0,1.0,56.0,0.0
S3,interleaved_offset1,0.6191172445428699,exp,5.0,1.0,56.0,0.03
S3,interleaved_offset2,0.5667927178285154,exp,5.0,1.0,56.0,0.03
S3,late7,0.9697702812059402,exp,5.0,1.0,56.0,0.03
S3,interleaved_offset1,0.6100006504175083,exp,5.0,1.0,56.0,0.07
S3,interleaved_offset2,0.5526324758695267,exp,5.0,1.0,56.0,0.07
S3,late7,0.9115970973095588,exp,5.0,1.0,56.0,0.07
S3,interleaved_offset1,0.5999418506923319,exp,5.0,1.0,56.0,0.12
S3,interleaved_offset2,0.5425694437758141,exp,5.0,1.0,56.0,0.12
S3,late7,0.8694777006666853,exp,5.0,1.0,56.0,0.12
S3,interleaved_offset1,0.6267835155265142,exp,5.0,1.0,,0.0
S3,interleaved_offset2,0.6238757212190562,exp,5.0,1.0,,0.0
S3,late7,1.117078997404924,exp,5.0,1.0,,0.0
S3,interleaved_offset1,0.6191157299327743,exp,5.0,1.0,,0.03
S3,interleaved_offset2,0.566792266036603,exp,5.0,1.0,,0.03
S3,late7,0.969674573352707,exp,5.0,1.0,,0.03
S3,interleaved_offset1,0.6099993191063849,exp,5.0,1.0,,0.07
S3,interleaved_offset2,0.5526320632222885,exp,5.0,1.0,,0.07
S3,late7,0.9115480686778019,exp,5.0,1.0,,0.07
S3,interleaved_offset1,0.5999407035695501,exp,5.0,1.0,,0.12
S3,interleaved_offset2,0.5425690767414889,exp,5.0,1.0,,0.12
S3,late7,0.8694462537482919,exp,5.0,1.0,,0.12
S3,interleaved_offset1,0.6140389868734398,exp,7.0,1.0,14.0,0.0
S3,interleaved_offset2,0.6424025615139873,exp,7.0,1.0,14.0,0.0
S3,late7,1.7375290583383138,exp,7.0,1.0,14.0,0.0
S3,interleaved_offset1,0.6076166492688225,exp,7.0,1.0,14.0,0.03
S3,interleaved_offset2,0.5651591977979433,exp,7.0,1.0,14.0,0.03
S3,late7,1.0807567734634378,exp,7.0,1.0,14.0,0.03
S3,interleaved_offset1,0.5998759190127598,exp,7.0,1.0,14.0,0.07
S3,interleaved_offset2,0.5511915651113365,exp,7.0,1.0,14.0,0.07
S3,late7,0.9865668102135806,exp,7.0,1.0,14.0,0.07
S3,interleaved_offset1,0.5912280610019778,exp,7.0,1.0,14.0,0.12
S3,interleaved_offset2,0.5415029520147497,exp,7.0,1.0,14.0,0.12
S3,late7,0.9246370494752342,exp,7.0,1.0,14.0,0.12
S3,interleaved_offset1,0.6006098656989518,exp,7.0,1.0,21.0,0.0
S3,interleaved_offset2,0.6415181554622814,exp,7.0,1.0,21.0,0.0
S3,late7,1.323085166292186,exp,7.0,1.0,21.0,0.0
S3,interleaved_offset1,0.5955608237074905,exp,7.0,1.0,21.0,0.03
S3,interleaved_offset2,0.5643626215194542,exp,7.0,1.0,21.0,0.03
S3,late7,0.9632514141806272,exp,7.0,1.0,21.0,0.03
S3,interleaved_offset1,0.589332868240987,exp,7.0,1.0,21.0,0.07
S3,interleaved_offset2,0.5505054972851712,exp,7.0,1.0,21.0,0.07
S3,late7,0.9024530888670621,exp,7.0,1.0,21.0,0.07
S3,interleaved_offset1,0.5822216194990563,exp,7.0,1.0,21.0,0.12
S3,interleaved_offset2,0.540944558653048,exp,7.0,1.0,21.0,0.12
S3,late7,0.860631842069951,exp,7.0,1.0,21.0,0.12
S3,interleaved_offset1,0.5960528089477559,exp,7.0,1.0,35.0,0.0
S3,interleaved_offset2,0.6408034165957059,exp,7.0,1.0,35.0,0.0
S3,late7,1.3124299686305378,exp,7.0,1.0,35.0,0.0
S3,interleaved_offset1,0.5914932936541469,exp,7.0,1.0,35.0,0.03
S3,interleaved_offset2,0.5637164010696541,exp,7.0,1.0,35.0,0.03
S3,late7,0.9536494758722787,exp,7.0,1.0,35.0,0.03
S3,interleaved_offset1,0.5858089546359881,exp,7.0,1.0,35.0,0.07
S3,interleaved_offset2,0.5499445734708689,exp,7.0,1.0,35.0,0.07
S3,late7,0.8940215035766114,exp,7.0,1.0,35.0,0.07
S3,interleaved_offset1,0.5792523299204224,exp,7.0,1.0,35.0,0.12
S3,interleaved_offset2,0.5404819812425554,exp,7.0,1.0,35.0,0.12
S3,late7,0.8533941747254913,exp,7.0,1.0,35.0,0.12
S3,interleaved_offset1,0.5949546639939297,exp,7.0,1.0,56.0,0.0
S3,interleaved_offset2,0.5867210400915467,exp,7.0,1.0,56.0,0.0
S3,late7,0.9737331462161704,exp,7.0,1.0,56.0,0.0
S3,interleaved_offset1,0.5905022753597404,exp,7.0,1.0,56.0,0.03
S3,interleaved_offset2,0.5605026800696954,exp,7.0,1.0,56.0,0.03
S3,late7,0.9168803748735546,exp,7.0,1.0,56.0,0.03
S3,interleaved_offset1,0.5849396597327986,exp,7.0,1.0,56.0,0.07
S3,interleaved_offset2,0.5484501260914703,exp,7.0,1.0,56.0,0.07
S3,late7,0.8759121930873027,exp,7.0,1.0,56.0,0.07
S3,interleaved_offset1,0.5785097643787274,exp,7.0,1.0,56.0,0.12
S3,interleaved_offset2,0.5395897221382869,exp,7.0,1.0,56.0,0.12
S3,late7,0.8425591937751545,exp,7.0,1.0,56.0,0.12
S3,interleaved_offset1,0.5949262354349846,exp,7.0,1.0,,0.0
S3,interleaved_offset2,0.5867108320760706,exp,7.0,1.0,,0.0
S3,late7,0.9711739911303325,exp,7.0,1.0,,0.0
S3,interleaved_offset1,0.5904757734915625,exp,7.0,1.0,,0.03
S3,interleaved_offset2,0.5604931591398369,exp,7.0,1.0,,0.03
S3,late7,0.9156813030595086,exp,7.0,1.0,,0.03
S3,interleaved_offset1,0.5849154939602765,exp,7.0,1.0,,0.07
S3,interleaved_offset2,0.5484413865322388,exp,7.0,1.0,,0.07
S3,late7,0.875192846191724,exp,7.0,1.0,,0.07
S3,interleaved_offset1,0.5784882103899898,exp,7.0,1.0,,0.12
S3,interleaved_offset2,0.5395819019684958,exp,7.0,1.0,,0.12
S3,late7,0.842078417802688,exp,7.0,1.0,,0.12
S3,interleaved_offset1,0.5956654625842034,exp,10.0,1.0,14.0,0.0
S3,interleaved_offset2,0.6409715922240853,exp,10.0,1.0,14.0,0.0
S3,late7,1.7247596763382929,exp,10.0,1.0,14.0,0.0
S3,interleaved_offset1,0.5910226121734888,exp,10.0,1.0,14.0,0.03
S3,interleaved_offset2,0.5639513113039681,exp,10.0,1.0,14.0,0.03
S3,late7,1.0688981168288045,exp,10.0,1.0,14.0,0.03
S3,interleaved_offset1,0.5852528645554292,exp,10.0,1.0,14.0,0.07
S3,interleaved_offset2,0.5502535796285817,exp,10.0,1.0,14.0,0.07
S3,late7,0.9758179585299559,exp,10.0,1.0,14.0,0.07
S3,interleaved_offset1,0.5786199724821609,exp,10.0,1.0,14.0,0.12
S3,interleaved_offset2,0.5408625641330261,exp,10.0,1.0,14.0,0.12
S3,late7,0.9151393088765951,exp,10.0,1.0,14.0,0.12
S3,interleaved_offset1,0.5805397130562895,exp,10.0,1.0,21.0,0.0
S3,interleaved_offset2,0.6400959272462662,exp,10.0,1.0,21.0,0.0
S3,late7,1.310400190448869,exp,10.0,1.0,21.0,0.0
S3,interleaved_offset1,0.5770672385213799,exp,10.0,1.0,21.0,0.03
S3,interleaved_offset2,0.5631757532260764,exp,10.0,1.0,21.0,0.03
S3,late7,0.9516800112979855,exp,10.0,1.0,21.0,0.03
S3,interleaved_offset1,0.5726939771162924,exp,10.0,1.0,21.0,0.07
S3,interleaved_offset2,0.5496033197012015,exp,10.0,1.0,21.0,0.07
S3,late7,0.8921835575248593,exp,10.0,1.0,21.0,0.07
S3,interleaved_offset1,0.5675943902481065,exp,10.0,1.0,21.0,0.12
S3,interleaved_offset2,0.5403561982959046,exp,10.0,1.0,21.0,0.12
S3,late7,0.8517713772535186,exp,10.0,1.0,21.0,0.12
S3,interleaved_offset1,0.573942848815636,exp,10.0,1.0,35.0,0.0
S3,interleaved_offset2,0.6386109269590121,exp,10.0,1.0,35.0,0.0
S3,late7,1.2966046369036903,exp,10.0,1.0,35.0,0.0
S3,interleaved_offset1,0.5710047019495147,exp,10.0,1.0,35.0,0.03
S3,interleaved_offset2,0.5618263265244546,exp,10.0,1.0,35.0,0.03
S3,late7,0.9392318630730103,exp,10.0,1.0,35.0,0.03
S3,interleaved_offset1,0.5672697870010783,exp,10.0,1.0,35.0,0.07
S3,interleaved_offset2,0.5484240985919722,exp,10.0,1.0,35.0,0.07
S3,late7,0.8812761640045275,exp,10.0,1.0,35.0,0.07
S3,interleaved_offset1,0.5628715004989769,exp,10.0,1.0,35.0,0.12
S3,interleaved_offset2,0.539374414565319,exp,10.0,1.0,35.0,0.12
S3,late7,0.8424784142529632,exp,10.0,1.0,35.0,0.12
S3,interleaved_offset1,0.5709211092001897,exp,10.0,1.0,56.0,0.0
S3,interleaved_offset2,0.5598280540797475,exp,10.0,1.0,56.0,0.0
S3,late7,0.8688779682877256,exp,10.0,1.0,56.0,0.0
S3,interleaved_offset1,0.5682082685052529,exp,10.0,1.0,56.0,0.03
S3,interleaved_offset2,0.5499846337965777,exp,10.0,1.0,56.0,0.03
S3,late7,0.8490478822788127,exp,10.0,1.0,56.0,0.03
S3,interleaved_offset1,0.5647471542582588,exp,10.0,1.0,56.0,0.07
S3,interleaved_offset2,0.5421069510891202,exp,10.0,1.0,56.0,0.07
S3,late7,0.8282678411840042,exp,10.0,1.0,56.0,0.07
S3,interleaved_offset1,0.5606545935976394,exp,10.0,1.0,56.0,0.12
S3,interleaved_offset2,0.5353926307969971,exp,10.0,1.0,56.0,0.12
S3,late7,0.807749815991786,exp,10.0,1.0,56.0,0.12
S3,interleaved_offset1,0.5707005097698488,exp,10.0,1.0,,0.0
S3,interleaved_offset2,0.5597355123481264,exp,10.0,1.0,,0.0
S3,late7,0.8627140268469717,exp,10.0,1.0,,0.0
S3,interleaved_offset1,0.5679999648715323,exp,10.0,1.0,,0.03
S3,interleaved_offset2,0.5498976555797611,exp,10.0,1.0,,0.03
S3,late7,0.8442669448228732,exp,10.0,1.0,,0.03
S3,interleaved_offset1,0.5645543443036881,exp,10.0,1.0,,0.07
S3,interleaved_offset2,0.5420269726471884,exp,10.0,1.0,,0.07
S3,late7,0.8246153510674634,exp,10.0,1.0,,0.07
S3,interleaved_offset1,0.5604798377085362,exp,10.0,1.0,,0.12
S3,interleaved_offset2,0.5353209092516594,exp,10.0,1.0,,0.12
S3,late7,0.8049720756803875,exp,10.0,1.0,,0.12
S3,interleaved_offset1,0.5845157503127072,exp,14.0,1.0,14.0,0.0
S3,interleaved_offset2,0.6404569385718785,exp,14.0,1.0,14.0,0.0
S3,late7,1.7173188356879263,exp,14.0,1.0,14.0,0.0
S3,interleaved_offset1,0.5807309142282552,exp,14.0,1.0,14.0,0.03
S3,interleaved_offset2,0.5635401227387639,exp,14.0,1.0,14.0,0.03
S3,late7,1.061963113772788,exp,14.0,1.0,14.0,0.03
S3,interleaved_offset1,0.5759689764364989,exp,14.0,1.0,14.0,0.07
S3,interleaved_offset2,0.549968318086613,exp,14.0,1.0,14.0,0.07
S3,late7,0.9695083770435053,exp,14.0,1.0,14.0,0.07
S3,interleaved_offset1,0.5704261113374073,exp,14.0,1.0,14.0,0.12
S3,interleaved_offset2,0.5407167897839624,exp,14.0,1.0,14.0,0.12
S3,late7,0.9095447957117512,exp,14.0,1.0,14.0,0.12
S3,interleaved_offset1,0.5683626086503907,exp,14.0,1.0,21.0,0.0
S3,interleaved_offset2,0.6398804353288507,exp,14.0,1.0,21.0,0.0
S3,late7,1.3040093986783932,exp,14.0,1.0,21.0,0.0
S3,interleaved_offset1,0.5656783753034893,exp,14.0,1.0,21.0,0.03
S3,interleaved_offset2,0.5630582316224751,exp,14.0,1.0,21.0,0.03
S3,late7,0.9458530523667886,exp,14.0,1.0,21.0,0.03
S3,interleaved_offset1,0.5622699833484975,exp,14.0,1.0,21.0,0.07
S3,interleaved_offset2,0.5496040536661525,exp,14.0,1.0,21.0,0.07
S3,late7,0.8870264239193827,exp,14.0,1.0,21.0,0.07
S3,interleaved_offset1,0.558260542431954,exp,14.0,1.0,21.0,0.12
S3,interleaved_offset2,0.5404863551073119,exp,14.0,1.0,21.0,0.12
S3,late7,0.8473495786289341,exp,14.0,1.0,21.0,0.12
S3,interleaved_offset1,0.5599178382082095,exp,14.0,1.0,35.0,0.0
S3,interleaved_offset2,0.6377778180985613,exp,14.0,1.0,35.0,0.0
S3,late7,1.2882902634458255,exp,14.0,1.0,35.0,0.0
S3,interleaved_offset1,0.5578251658286106,exp,14.0,1.0,35.0,0.03
S3,interleaved_offset2,0.5611536523082418,exp,14.0,1.0,35.0,0.03
S3,late7,0.9316937803199843,exp,14.0,1.0,35.0,0.03
S3,interleaved_offset1,0.5551445967979898,exp,14.0,1.0,35.0,0.07
S3,interleaved_offset2,0.5479489269152159,exp,14.0,1.0,35.0,0.07
S3,late7,0.8746767522826582,exp,14.0,1.0,35.0,0.07
S3,interleaved_offset1,0.5519604217783781,exp,14.0,1.0,35.0,0.12
S3,interleaved_offset2,0.5391213137667558,exp,14.0,1.0,35.0,0.12
S3,late7,0.8369222996995168,exp,14.0,1.0,35.0,0.12
S3,interleaved_offset1,0.5544752663916179,exp,14.0,1.0,56.0,0.0
S3,interleaved_offset2,0.5423422119527279,exp,14.0,1.0,56.0,0.0
S3,late7,0.803176802245473,exp,14.0,1.0,56.0,0.0
S3,interleaved_offset1,0.5527423123823321,exp,14.0,1.0,56.0,0.03
S3,interleaved_offset2,0.538250673554613,exp,14.0,1.0,56.0,0.03
S3,late7,0.7945357297791326,exp,14.0,1.0,56.0,0.03
S3,interleaved_offset1,0.5505101339806715,exp,14.0,1.0,56.0,0.07
S3,interleaved_offset2,0.5339138476553493,exp,14.0,1.0,56.0,0.07
S3,late7,0.7841925685665023,exp,14.0,1.0,56.0,0.07
S3,interleaved_offset1,0.5478410477872182,exp,14.0,1.0,56.0,0.12
S3,interleaved_offset2,0.5295891895352215,exp,14.0,1.0,56.0,0.12
S3,late7,0.7727676030805178,exp,14.0,1.0,56.0,0.12
S3,interleaved_offset1,0.5536901018373778,exp,14.0,1.0,,0.0
S3,interleaved_offset2,0.5419845060381658,exp,14.0,1.0,,0.0
S3,late7,0.7930187118320697,exp,14.0,1.0,,0.0
S3,interleaved_offset1,0.5519966473808995,exp,14.0,1.0,,0.03
S3,interleaved_offset2,0.537913869939869,exp,14.0,1.0,,0.03
S3,late7,0.7855402129439361,exp,14.0,1.0,,0.03
S3,interleaved_offset1,0.5498150069384178,exp,14.0,1.0,,0.07
S3,interleaved_offset2,0.533603645227364,exp,14.0,1.0,,0.07
S3,late7,0.7764660139309849,exp,14.0,1.0,,0.07
S3,interleaved_offset1,0.5472058660810417,exp,14.0,1.0,,0.12
S3,interleaved_offset2,0.5293104357620061,exp,14.0,1.0,,0.12
S3,late7,0.7663050145931944,exp,14.0,1.0,,0.12
S3,interleaved_offset1,0.5759974384377167,exp,21.0,1.0,14.0,0.0
S3,interleaved_offset2,0.6402750285718315,exp,21.0,1.0,14.0,0.0
S3,late7,1.7117737442483212,exp,21.0,1.0,14.0,0.0
S3,interleaved_offset1,0.572764359535538,exp,21.0,1.0,14.0,0.03
S3,interleaved_offset2,0.5634192516829664,exp,21.0,1.0,14.0,0.03
S3,late7,1.0567843645381791,exp,21.0,1.0,14.0,0.03
S3,interleaved_offset1,0.5686726517285444,exp,21.0,1.0,14.0,0.07
S3,interleaved_offset2,0.5499216717340522,exp,21.0,1.0,14.0,0.07
S3,late7,0.9647864259776243,exp,21.0,1.0,14.0,0.07
S3,interleaved_offset1,0.5638808250162285,exp,21.0,1.0,14.0,0.12
S3,interleaved_offset2,0.5407520858531716,exp,21.0,1.0,14.0,0.12
S3,late7,0.9053495993497662,exp,21.0,1.0,14.0,0.12
S3,interleaved_offset1,0.5591426922131234,exp,21.0,1.0,21.0,0.0
S3,interleaved_offset2,0.6402831652868265,exp,21.0,1.0,21.0,0.0
S3,late7,1.2999612308120236,exp,21.0,1.0,21.0,0.0
S3,interleaved_offset1,0.5569844103221464,exp,21.0,1.0,21.0,0.03
S3,interleaved_offset2,0.5635010059628378,exp,21.0,1.0,21.0,0.03
S3,late7,0.9421750895645856,exp,21.0,1.0,21.0,0.03
S3,interleaved_offset1,0.5542325280178232,exp,21.0,1.0,21.0,0.07
S3,interleaved_offset2,0.5500937795903296,exp,21.0,1.0,21.0,0.07
S3,late7,0.8837924352067872,exp,21.0,1.0,21.0,0.07
S3,interleaved_offset1,0.5509809650516289,exp,21.0,1.0,21.0,0.12
S3,interleaved_offset2,0.5410249904174593,exp,21.0,1.0,21.0,0.12
S3,late7,0.8446070083722822,exp,21.0,1.0,21.0,0.12
S3,interleaved_offset1,0.5489548118330682,exp,21.0,1.0,35.0,0.0
S3,interleaved_offset2,0.6378612911485028,exp,21.0,1.0,35.0,0.0
S3,late7,1.2832422662889549,exp,21.0,1.0,35.0,0.0
S3,interleaved_offset1,0.547442553477621,exp,21.0,1.0,35.0,0.03
S3,interleaved_offset2,0.5613317618143402,exp,21.0,1.0,35.0,0.03
S3,late7,0.9271781322181867,exp,21.0,1.0,35.0,0.03
S3,interleaved_offset1,0.5454985616669562,exp,21.0,1.0,35.0,0.07
S3,interleaved_offset2,0.5482430030338732,exp,21.0,1.0,35.0,0.07
S3,late7,0.8708094306113615,exp,21.0,1.0,35.0,0.07
S3,interleaved_offset1,0.5431799885040492,exp,21.0,1.0,35.0,0.12
S3,interleaved_offset2,0.5395445259843142,exp,21.0,1.0,35.0,0.12
S3,late7,0.8337793696020073,exp,21.0,1.0,35.0,0.12
S3,interleaved_offset1,0.5412234934938431,exp,21.0,1.0,56.0,0.0
S3,interleaved_offset2,0.5282891771775765,exp,21.0,1.0,56.0,0.0
S3,late7,0.7544972175359586,exp,21.0,1.0,56.0,0.0
S3,interleaved_offset1,0.540197751753077,exp,21.0,1.0,56.0,0.03
S3,interleaved_offset2,0.5265729612913032,exp,21.0,1.0,56.0,0.03
S3,late7,0.7505437461406864,exp,21.0,1.0,56.0,0.03
S3,interleaved_offset1,0.5388678715360636,exp,21.0,1.0,56.0,0.07
S3,interleaved_offset2,0.5245027730271169,exp,21.0,1.0,56.0,0.07
S3,late7,0.7455527493948374,exp,21.0,1.0,56.0,0.07
S3,interleaved_offset1,0.5372649431635782,exp,21.0,1.0,56.0,0.12
S3,interleaved_offset2,0.5222005935391659,exp,21.0,1.0,56.0,0.12
S3,late7,0.7397217264373742,exp,21.0,1.0,56.0,0.12
S3,interleaved_offset1,0.5392172002394089,exp,21.0,1.0,,0.0
S3,interleaved_offset2,0.5273795510151986,exp,21.0,1.0,,0.0
S3,late7,0.7413887318504712,exp,21.0,1.0,,0.0
S3,interleaved_offset1,0.5382841138674701,exp,21.0,1.0,,0.03
S3,interleaved_offset2,0.5257144986725408,exp,21.0,1.0,,0.03
S3,late7,0.7383950796739821,exp,21.0,1.0,,0.03
S3,interleaved_offset1,0.537073949148775,exp,21.0,1.0,,0.07
S3,interleaved_offset2,0.5237098321663184,exp,21.0,1.0,,0.07
S3,late7,0.7345750131966654,exp,21.0,1.0,,0.07
S3,interleaved_offset1,0.5356147231847311,exp,21.0,1.0,,0.12
S3,interleaved_offset2,0.5214855086476852,exp,21.0,1.0,,0.12
S3,late7,0.7300559461153906,exp,21.0,1.0,,0.12
S3,interleaved_offset1,0.5720270582901534,exp,28.0,1.0,14.0,0.0
S3,interleaved_offset2,0.6402644442388523,exp,28.0,1.0,14.0,0.0
S3,late7,1.709223064969671,exp,28.0,1.0,14.0,0.0
S3,interleaved_offset1,0.5690205510431724,exp,28.0,1.0,14.0,0.03
S3,interleaved_offset2,0.5634309403364747,exp,28.0,1.0,14.0,0.03
S3,late7,1.0543994385212296,exp,28.0,1.0,14.0,0.03
S3,interleaved_offset1,0.5652099463677409,exp,28.0,1.0,14.0,0.07
S3,interleaved_offset2,0.5499602963710678,exp,28.0,1.0,14.0,0.07
S3,late7,0.9626092122842606,exp,28.0,1.0,14.0,0.07
S3,interleaved_offset1,0.5607405265915976,exp,28.0,1.0,14.0,0.12
S3,interleaved_offset2,0.5408201743783317,exp,28.0,1.0,14.0,0.12
S3,late7,0.9034131388879793,exp,28.0,1.0,14.0,0.12
S3,interleaved_offset1,0.5549041427352169,exp,28.0,1.0,21.0,0.0
S3,interleaved_offset2,0.640724135233583,exp,28.0,1.0,21.0,0.0
S3,late7,1.29837023249283,exp,28.0,1.0,21.0,0.0
S3,interleaved_offset1,0.552967716831156,exp,28.0,1.0,21.0,0.03
S3,interleaved_offset2,0.5639457100125251,exp,28.0,1.0,21.0,0.03
S3,late7,0.940737090803802,exp,28.0,1.0,21.0,0.03
S3,interleaved_offset1,0.5504957037768454,exp,28.0,1.0,21.0,0.07
S3,interleaved_offset2,0.5505415899171209,exp,28.0,1.0,21.0,0.07
S3,late7,0.8825390368984818,exp,28.0,1.0,21.0,0.07
S3,interleaved_offset1,0.5475711814034153,exp,28.0,1.0,21.0,0.12
S3,interleaved_offset2,0.5414737695473927,exp,28.0,1.0,21.0,0.12
S3,late7,0.8435589695254759,exp,28.0,1.0,21.0,0.12
S3,interleaved_offset1,0.5438864480925822,exp,28.0,1.0,35.0,0.0
S3,interleaved_offset2,0.6383441207102512,exp,28.0,1.0,35.0,0.0
S3,late7,1.2815722436780523,exp,28.0,1.0,35.0,0.0
S3,interleaved_offset1,0.542618472940858,exp,28.0,1.0,35.0,0.03
S3,interleaved_offset2,0.5618414343326855,exp,28.0,1.0,35.0,0.03
S3,late7,0.9257237329369576,exp,28.0,1.0,35.0,0.03
S3,interleaved_offset1,0.5409876465315456,exp,28.0,1.0,35.0,0.07
S3,interleaved_offset2,0.5487846429838235,exp,28.0,1.0,35.0,0.07
S3,late7,0.8696175635199512,exp,28.0,1.0,35.0,0.07
S3,interleaved_offset1,0.5390416475585903,exp,28.0,1.0,35.0,0.12
S3,interleaved_offset2,0.5401200854031322,exp,28.0,1.0,35.0,0.12
S3,late7,0.8328800154698474,exp,28.0,1.0,35.0,0.12
S3,interleaved_offset1,0.5354434203223893,exp,28.0,1.0,56.0,0.0
S3,interleaved_offset2,0.5217003530788547,exp,28.0,1.0,56.0,0.0
S3,late7,0.7333163399169782,exp,28.0,1.0,56.0,0.0
S3,interleaved_offset1,0.534710122252978,exp,28.0,1.0,56.0,0.03
S3,interleaved_offset2,0.5206752783657618,exp,28.0,1.0,56.0,0.03
S3,late7,0.7307889642487027,exp,28.0,1.0,56.0,0.03
S3,interleaved_offset1,0.5337563690982678,exp,28.0,1.0,56.0,0.07
S3,interleaved_offset2,0.5193943562587284,exp,28.0,1.0,56.0,0.07
S3,late7,0.7275518077350046,exp,28.0,1.0,56.0,0.07
S3,interleaved_offset1,0.532602142071202,exp,28.0,1.0,56.0,0.12
S3,interleaved_offset2,0.5179165616160457,exp,28.0,1.0,56.0,0.12
S3,late7,0.723705934541866,exp,28.0,1.0,56.0,0.12
S3,interleaved_offset1,0.5324121128348895,exp,28.0,1.0,,0.0
S3,interleaved_offset2,0.5204158873708569,exp,28.0,1.0,,0.0
S3,late7,0.7199798090795796,exp,28.0,1.0,,0.0
S3,interleaved_offset1,0.5318120287820154,exp,28.0,1.0,,0.03
S3,interleaved_offset2,0.5194612856934092,exp,28.0,1.0,,0.03
S3,late7,0.7182910707592925,exp,28.0,1.0,,0.03
S3,interleaved_offset1,0.5310311666297799,exp,28.0,1.0,,0.07
S3,interleaved_offset2,0.5182709148833752,exp,28.0,1.0,,0.07
S3,late7,0.7161057165520607,exp,28.0,1.0,,0.07
S3,interleaved_offset1,0.5300856409954101,exp,28.0,1.0,,0.12
S3,interleaved_offset2,0.516901097780464,exp,28.0,1.0,,0.12
S3,late7,0.7134765577511313,exp,28.0,1.0,,0.12
S3,interleaved_offset1,0.6802012308931098,gaussian,5.0,1.0,14.0,0.0
S3,interleaved_offset2,0.644534558728333,gaussian,5.0,1.0,14.0,0.0
S3,late7,1.8171996812214026,gaussian,5.0,1.0,14.0,0.0
S3,interleaved_offset1,0.658714694743947,gaussian,5.0,1.0,14.0,0.03
S3,interleaved_offset2,0.5668361048112578,gaussian,5.0,1.0,14.0,0.03
S3,late7,1.1502981944509716,gaussian,5.0,1.0,14.0,0.03
S3,interleaved_offset1,0.640433285229956,gaussian,5.0,1.0,14.0,0.07
S3,interleaved_offset2,0.5523517797710998,gaussian,5.0,1.0,14.0,0.07
S3,late7,1.046395601249437,gaussian,5.0,1.0,14.0,0.07
S3,interleaved_offset1,0.6237981070519225,gaussian,5.0,1.0,14.0,0.12
S3,interleaved_offset2,0.542132222154125,gaussian,5.0,1.0,14.0,0.12
S3,late7,0.9753325574170756,gaussian,5.0,1.0,14.0,0.12
S3,interleaved_offset1,0.6768782481165736,gaussian,5.0,1.0,21.0,0.0
S3,interleaved_offset2,0.644413140351038,gaussian,5.0,1.0,21.0,0.0
S3,late7,1.4610218358093803,gaussian,5.0,1.0,21.0,0.0
S3,interleaved_offset1,0.6568739702291098,gaussian,5.0,1.0,21.0,0.03
S3,interleaved_offset2,0.566721130612702,gaussian,5.0,1.0,21.0,0.03
S3,late7,1.0741426722737804,gaussian,5.0,1.0,21.0,0.03
S3,interleaved_offset1,0.6392681867240257,gaussian,5.0,1.0,21.0,0.07
S3,interleaved_offset2,0.5522450552375217,gaussian,5.0,1.0,21.0,0.07
S3,late7,0.9936264991774367,gaussian,5.0,1.0,21.0,0.07
S3,interleaved_offset1,0.6230030436107483,gaussian,5.0,1.0,21.0,0.12
S3,interleaved_offset2,0.5420353625303622,gaussian,5.0,1.0,21.0,0.12
S3,late7,0.9357553485928086,gaussian,5.0,1.0,21.0,0.12
S3,interleaved_offset1,0.6768434179439882,gaussian,5.0,1.0,35.0,0.0
S3,interleaved_offset2,0.6444135126408982,gaussian,5.0,1.0,35.0,0.0
S3,late7,1.4609396023674355,gaussian,5.0,1.0,35.0,0.0
S3,interleaved_offset1,0.6568570816541768,gaussian,5.0,1.0,35.0,0.03
S3,interleaved_offset2,0.5667215229014855,gaussian,5.0,1.0,35.0,0.03
S3,late7,1.074061275688218,gaussian,5.0,1.0,35.0,0.03
S3,interleaved_offset1,0.6392585205256062,gaussian,5.0,1.0,35.0,0.07
S3,interleaved_offset2,0.5522454559267522,gaussian,5.0,1.0,35.0,0.07
S3,late7,0.993550238477139,gaussian,5.0,1.0,35.0,0.07
S3,interleaved_offset1,0.6229970542437329,gaussian,5.0,1.0,35.0,0.12
S3,interleaved_offset2,0.5420357705180315,gaussian,5.0,1.0,35.0,0.12
S3,late7,0.9356857653371558,gaussian,5.0,1.0,35.0,0.12
S3,interleaved_offset1,0.6768434179439884,gaussian,5.0,1.0,56.0,0.0
S3,interleaved_offset2,0.6444135126408982,gaussian,5.0,1.0,56.0,0.0
S3,late7,1.4609396023674357,gaussian,5.0,1.0,56.0,0.0
S3,interleaved_offset1,0.6568570816541769,gaussian,5.0,1.0,56.0,0.03
S3,interleaved_offset2,0.5667215229014856,gaussian,5.0,1.0,56.0,0.03
S3,late7,1.074061275688218,gaussian,5.0,1.0,56.0,0.03
S3,interleaved_offset1,0.6392585205256063,gaussian,5.0,1.0,56.0,0.07
S3,interleaved_offset2,0.5522454559267522,gaussian,5.0,1.0,56.0,0.07
S3,late7,0.993550238477139,gaussian,5.0,1.0,56.0,0.07
S3,interleaved_offset1,0.6229970542437329,gaussian,5.0,1.0,56.0,0.12
S3,interleaved_offset2,0.5420357705180315,gaussian,5.0,1.0,56.0,0.12
S3,late7,0.935685765337156,gaussian,5.0,1.0,56.0,0.12
S3,interleaved_offset1,0.6768434179439884,gaussian,5.0,1.0,,0.0
S3,interleaved_offset2,0.6444135126408982,gaussian,5.0,1.0,,0.0
S3,late7,1.4609396023674357,gaussian,5.0,1.0,,0.0
S3,interleaved_offset1,0.6568570816541769,gaussian,5.0,1.0,,0.03
S3,interleaved_offset2,0.5667215229014856,gaussian,5.0,1.0,,0.03
S3,late7,1.0740612756882177,gaussian,5.0,1.0,,0.03
S3,interleaved_offset1,0.6392585205256062,gaussian,5.0,1.0,,0.07
S3,interleaved_offset2,0.5522454559267523,gaussian,5.0,1.0,,0.07
S3,late7,0.993550238477139,gaussian,5.0,1.0,,0.07
S3,interleaved_offset1,0.6229970542437329,gaussian,5.0,1.0,,0.12
S3,interleaved_offset2,0.5420357705180315,gaussian,5.0,1.0,,0.12
S3,late7,0.935685765337156,gaussian,5.0,1.0,,0.12
S3,interleaved_offset1,0.6191700403432142,gaussian,7.0,1.0,14.0,0.0
S3,interleaved_offset2,0.6419192524432857,gaussian,7.0,1.0,14.0,0.0
S3,late7,1.7504012306939072,gaussian,7.0,1.0,14.0,0.0
S3,interleaved_offset1,0.6120225619372681,gaussian,7.0,1.0,14.0,0.03
S3,interleaved_offset2,0.5647711677967827,gaussian,7.0,1.0,14.0,0.03
S3,late7,1.0923337125953387,gaussian,7.0,1.0,14.0,0.03
S3,interleaved_offset1,0.603616458910981,gaussian,7.0,1.0,14.0,0.07
S3,interleaved_offset2,0.5509215271977521,gaussian,7.0,1.0,14.0,0.07
S3,late7,0.9967187698324863,gaussian,7.0,1.0,14.0,0.07
S3,interleaved_offset1,0.5944159612552035,gaussian,7.0,1.0,14.0,0.12
S3,interleaved_offset2,0.5413666164942149,gaussian,7.0,1.0,14.0,0.12
S3,late7,0.9333466688509363,gaussian,7.0,1.0,14.0,0.12
S3,interleaved_offset1,0.6115222418095384,gaussian,7.0,1.0,21.0,0.0
S3,interleaved_offset2,0.6410432470354275,gaussian,7.0,1.0,21.0,0.0
S3,late7,1.3510393385723298,gaussian,7.0,1.0,21.0,0.0
S3,interleaved_offset1,0.6053903019976865,gaussian,7.0,1.0,21.0,0.03
S3,interleaved_offset2,0.5639524412040202,gaussian,7.0,1.0,21.0,0.03
S3,late7,0.9875579237362403,gaussian,7.0,1.0,21.0,0.03
S3,interleaved_offset1,0.5980213129260253,gaussian,7.0,1.0,21.0,0.07
S3,interleaved_offset2,0.5501749945273924,gaussian,7.0,1.0,21.0,0.07
S3,late7,0.9230739748659229,gaussian,7.0,1.0,21.0,0.07
S3,interleaved_offset1,0.5897975365808478,gaussian,7.0,1.0,21.0,0.12
S3,interleaved_offset2,0.5407041391213965,gaussian,7.0,1.0,21.0,0.12
S3,late7,0.877795836139783,gaussian,7.0,1.0,21.0,0.12
S3,interleaved_offset1,0.61096575620238,gaussian,7.0,1.0,35.0,0.0
S3,interleaved_offset2,0.6410284350194132,gaussian,7.0,1.0,35.0,0.0
S3,late7,1.350126395283711,gaussian,7.0,1.0,35.0,0.0
S3,interleaved_offset1,0.604929491235026,gaussian,7.0,1.0,35.0,0.03
S3,interleaved_offset2,0.5639407744968757,gaussian,7.0,1.0,35.0,0.03
S3,late7,0.9866753674304544,gaussian,7.0,1.0,35.0,0.03
S3,interleaved_offset1,0.5976524036764136,gaussian,7.0,1.0,35.0,0.07
S3,interleaved_offset2,0.5501667572107809,gaussian,7.0,1.0,35.0,0.07
S3,late7,0.9222381483311193,gaussian,7.0,1.0,35.0,0.07
S3,interleaved_offset1,0.589510073911644,gaussian,7.0,1.0,35.0,0.12
S3,interleaved_offset2,0.5406997513947158,gaussian,7.0,1.0,35.0,0.12
S3,late7,0.8770201910945304,gaussian,7.0,1.0,35.0,0.12
S3,interleaved_offset1,0.6109655735703425,gaussian,7.0,1.0,56.0,0.0
S3,interleaved_offset2,0.6410284256667745,gaussian,7.0,1.0,56.0,0.0
S3,late7,1.3501263903869005,gaussian,7.0,1.0,56.0,0.0
S3,interleaved_offset1,0.6049293369864859,gaussian,7.0,1.0,56.0,0.03
S3,interleaved_offset2,0.5639407355502911,gaussian,7.0,1.0,56.0,0.03
S3,late7,0.9866703983828528,gaussian,7.0,1.0,56.0,0.03
S3,interleaved_offset1,0.5976522769205515,gaussian,7.0,1.0,56.0,0.07
S3,interleaved_offset2,0.5501667377277931,gaussian,7.0,1.0,56.0,0.07
S3,late7,0.9222361065792024,gaussian,7.0,1.0,56.0,0.07
S3,interleaved_offset1,0.5895099717123676,gaussian,7.0,1.0,56.0,0.12
S3,interleaved_offset2,0.5406997386946881,gaussian,7.0,1.0,56.0,0.12
S3,late7,0.8770190652536739,gaussian,7.0,1.0,56.0,0.12
S3,interleaved_offset1,0.6109655735703425,gaussian,7.0,1.0,,0.0
S3,interleaved_offset2,0.6410284256667744,gaussian,7.0,1.0,,0.0
S3,late7,1.3501263903869005,gaussian,7.0,1.0,,0.0
S3,interleaved_offset1,0.604929336986486,gaussian,7.0,1.0,,0.03
S3,interleaved_offset2,0.5639407355502911,gaussian,7.0,1.0,,0.03
S3,late7,0.9866703983828528,gaussian,7.0,1.0,,0.03
S3,interleaved_offset1,0.5976522769205515,gaussian,7.0,1.0,,0.07
S3,interleaved_offset2,0.5501667377277931,gaussian,7.0,1.0,,0.07
S3,late7,0.9222361065792024,gaussian,7.0,1.0,,0.07
S3,interleaved_offset1,0.5895099717123675,gaussian,7.0,1.0,,0.12
S3,interleaved_offset2,0.5406997386946881,gaussian,7.0,1.0,,0.12
S3,late7,0.8770190652536739,gaussian,7.0,1.0,,0.12
S3,interleaved_offset1,0.588108704949513,gaussian,10.0,1.0,14.0,0.0
S3,interleaved_offset2,0.6410951865083327,gaussian,10.0,1.0,14.0,0.0
S3,late7,1.7229082609440038,gaussian,10.0,1.0,14.0,0.0
S3,interleaved_offset1,0.5841031241285461,gaussian,10.0,1.0,14.0,0.03
S3,interleaved_offset2,0.5641583322123888,gaussian,10.0,1.0,14.0,0.03
S3,late7,1.0671481931693951,gaussian,10.0,1.0,14.0,0.03
S3,interleaved_offset1,0.5790811439251841,gaussian,10.0,1.0,14.0,0.07
S3,interleaved_offset2,0.5505616626669023,gaussian,10.0,1.0,14.0,0.07
S3,late7,0.9742111970681289,gaussian,10.0,1.0,14.0,0.07
S3,interleaved_offset1,0.5732557870659172,gaussian,10.0,1.0,14.0,0.12
S3,interleaved_offset2,0.5412814492144834,gaussian,10.0,1.0,14.0,0.12
S3,late7,0.9137182074725718,gaussian,10.0,1.0,14.0,0.12
S3,interleaved_offset1,0.575612498185787,gaussian,10.0,1.0,21.0,0.0
S3,interleaved_offset2,0.639489533106781,gaussian,10.0,1.0,21.0,0.0
S3,late7,1.3119358741869467,gaussian,10.0,1.0,21.0,0.0
S3,interleaved_offset1,0.5725311209525752,gaussian,10.0,1.0,21.0,0.03
S3,interleaved_offset2,0.5626755467811592,gaussian,10.0,1.0,21.0,0.03
S3,late7,0.9529947607891998,gaussian,10.0,1.0,21.0,0.03
S3,interleaved_offset1,0.568629321636668,gaussian,10.0,1.0,21.0,0.07
S3,interleaved_offset2,0.549232889145777,gaussian,10.0,1.0,21.0,0.07
S3,late7,0.8932764859501786,gaussian,10.0,1.0,21.0,0.07
S3,interleaved_offset1,0.5640524071289107,gaussian,10.0,1.0,21.0,0.12
S3,interleaved_offset2,0.5401305284472472,gaussian,10.0,1.0,21.0,0.12
S3,late7,0.8526695919389988,gaussian,10.0,1.0,21.0,0.12
S3,interleaved_offset1,0.5731548578700781,gaussian,10.0,1.0,35.0,0.0
S3,interleaved_offset2,0.6389081003438749,gaussian,10.0,1.0,35.0,0.0
S3,late7,1.307967600968024,gaussian,10.0,1.0,35.0,0.0
S3,interleaved_offset1,0.5702932369840629,gaussian,10.0,1.0,35.0,0.03
S3,interleaved_offset2,0.562143898819869,gaussian,10.0,1.0,35.0,0.03
S3,late7,0.9493850184574222,gaussian,10.0,1.0,35.0,0.03
S3,interleaved_offset1,0.5666510739700971,gaussian,10.0,1.0,35.0,0.07
S3,interleaved_offset2,0.5487632443966335,gaussian,10.0,1.0,35.0,0.07
S3,late7,0.8900727869079066,gaussian,10.0,1.0,35.0,0.07
S3,interleaved_offset1,0.5623556374440639,gaussian,10.0,1.0,35.0,0.12
S3,interleaved_offset2,0.5397327006755249,gaussian,10.0,1.0,35.0,0.12
S3,late7,0.8498888387697953,gaussian,10.0,1.0,35.0,0.12
S3,interleaved_offset1,0.5730868974969674,gaussian,10.0,1.0,56.0,0.0
S3,interleaved_offset2,0.6316271668078706,gaussian,10.0,1.0,56.0,0.0
S3,late7,1.125572212520378,gaussian,10.0,1.0,56.0,0.0
S3,interleaved_offset1,0.5702307067483507,gaussian,10.0,1.0,56.0,0.03
S3,interleaved_offset2,0.5620253130389308,gaussian,10.0,1.0,56.0,0.03
S3,late7,0.945077221758939,gaussian,10.0,1.0,56.0,0.03
S3,interleaved_offset1,0.5665949557779139,gaussian,10.0,1.0,56.0,0.07
S3,interleaved_offset2,0.5487099966588024,gaussian,10.0,1.0,56.0,0.07
S3,late7,0.8882729976440019,gaussian,10.0,1.0,56.0,0.07
S3,interleaved_offset1,0.5623065628303165,gaussian,10.0,1.0,56.0,0.12
S3,interleaved_offset2,0.5397006841321458,gaussian,10.0,1.0,56.0,0.12
S3,late7,0.8488963499089597,gaussian,10.0,1.0,56.0,0.12
S3,interleaved_offset1,0.5730868969562452,gaussian,10.0,1.0,,0.0
S3,interleaved_offset2,0.6316271659462738,gaussian,10.0,1.0,,0.0
S3,late7,1.1255709715632802,gaussian,10.0,1.0,,0.0
S3,interleaved_offset1,0.5702307062486145,gaussian,10.0,1.0,,0.03
S3,interleaved_offset2,0.5620253122860911,gaussian,10.0,1.0,,0.03
S3,late7,0.9450771169052099,gaussian,10.0,1.0,,0.03
S3,interleaved_offset1,0.5665949553293115,gaussian,10.0,1.0,,0.07
S3,interleaved_offset2,0.5487099959599724,gaussian,10.0,1.0,,0.07
S3,late7,0.8882729497544815,gaussian,10.0,1.0,,0.07
S3,interleaved_offset1,0.5623065624403751,gaussian,10.0,1.0,,0.12
S3,interleaved_offset2,0.5397006834973932,gaussian,10.0,1.0,,0.12
S3,late7,0.8488963215445006,gaussian,10.0,1.0,,0.12
S3,interleaved_offset1,0.5744333159287968,gaussian,14.0,1.0,14.0,0.0
S3,interleaved_offset2,0.6407537572788317,gaussian,14.0,1.0,14.0,0.0
S3,late7,1.7121377530307238,gaussian,14.0,1.0,14.0,0.0
S3,interleaved_offset1,0.5713109039426845,gaussian,14.0,1.0,14.0,0.03
S3,interleaved_offset2,0.5638973254376817,gaussian,14.0,1.0,14.0,0.03
S3,late7,1.057131164189907,gaussian,14.0,1.0,14.0,0.03
S3,interleaved_offset1,0.5673556149847302,gaussian,14.0,1.0,14.0,0.07
S3,interleaved_offset2,0.5503980225060132,gaussian,14.0,1.0,14.0,0.07
S3,late7,0.965116391745918,gaussian,14.0,1.0,14.0,0.07
S3,interleaved_offset1,0.5627187733725731,gaussian,14.0,1.0,14.0,0.12
S3,interleaved_offset2,0.5412247851468435,gaussian,14.0,1.0,14.0,0.12
S3,late7,0.9056659943910984,gaussian,14.0,1.0,14.0,0.12
S3,interleaved_offset1,0.5590370415657034,gaussian,14.0,1.0,21.0,0.0
S3,interleaved_offset2,0.6398059428333894,gaussian,14.0,1.0,21.0,0.0
S3,late7,1.3008492364794892,gaussian,14.0,1.0,21.0,0.0
S3,interleaved_offset1,0.556911727440193,gaussian,14.0,1.0,21.0,0.03
S3,interleaved_offset2,0.5630614604032034,gaussian,14.0,1.0,21.0,0.03
S3,late7,0.94299148524045,gaussian,14.0,1.0,21.0,0.03
S3,interleaved_offset1,0.5541979161974336,gaussian,14.0,1.0,21.0,0.07
S3,interleaved_offset2,0.5497014299336832,gaussian,14.0,1.0,21.0,0.07
S3,late7,0.8845252751752651,gaussian,14.0,1.0,21.0,0.07
S3,interleaved_offset1,0.5509859388761872,gaussian,14.0,1.0,21.0,0.12
S3,interleaved_offset2,0.5406870941492699,gaussian,14.0,1.0,21.0,0.12
S3,late7,0.8452513337483819,gaussian,14.0,1.0,21.0,0.12
S3,interleaved_offset1,0.55319435858889,gaussian,14.0,1.0,35.0,0.0
S3,interleaved_offset2,0.6377099036954125,gaussian,14.0,1.0,35.0,0.0
S3,late7,1.292167703123694,gaussian,14.0,1.0,35.0,0.0
S3,interleaved_offset1,0.5514716097399532,gaussian,14.0,1.0,35.0,0.03
S3,interleaved_offset2,0.561135028812261,gaussian,14.0,1.0,35.0,0.03
S3,late7,0.9352702306150253,gaussian,14.0,1.0,35.0,0.03
S3,interleaved_offset1,0.5492571940107385,gaussian,14.0,1.0,35.0,0.07
S3,interleaved_offset2,0.5479892262254961,gaussian,14.0,1.0,35.0,0.07
S3,late7,0.8779048411518503,gaussian,14.0,1.0,35.0,0.07
S3,interleaved_offset1,0.5466163285594403,gaussian,14.0,1.0,35.0,0.12
S3,interleaved_offset2,0.5392251800700356,gaussian,14.0,1.0,35.0,0.12
S3,late7,0.8397827539960386,gaussian,14.0,1.0,35.0,0.12
S3,interleaved_offset1,0.552109170744091,gaussian,14.0,1.0,56.0,0.0
S3,interleaved_offset2,0.578090113249216,gaussian,14.0,1.0,56.0,0.0
S3,late7,0.9013629260283792,gaussian,14.0,1.0,56.0,0.0
S3,interleaved_offset1,0.5504562850495155,gaussian,14.0,1.0,56.0,0.03
S3,interleaved_offset2,0.5561049759716699,gaussian,14.0,1.0,56.0,0.03
S3,late7,0.8711683152727031,gaussian,14.0,1.0,56.0,0.03
S3,interleaved_offset1,0.5483292388651473,gaussian,14.0,1.0,56.0,0.07
S3,interleaved_offset2,0.5455303997001587,gaussian,14.0,1.0,56.0,0.07
S3,late7,0.8435961994083627,gaussian,14.0,1.0,56.0,0.07
S3,interleaved_offset1,0.545789224283134,gaussian,14.0,1.0,56.0,0.12
S3,interleaved_offset2,0.5377306693090044,gaussian,14.0,1.0,56.0,0.12
S3,late7,0.818679221192907,gaussian,14.0,1.0,56.0,0.12
S3,interleaved_offset1,0.5521058939633368,gaussian,14.0,1.0,,0.0
S3,interleaved_offset2,0.5780874098052999,gaussian,14.0,1.0,,0.0
S3,late7,0.9010835486061376,gaussian,14.0,1.0,,0.0
S3,interleaved_offset1,0.5504531983613603,gaussian,14.0,1.0,,0.03
S3,interleaved_offset2,0.5561024911473204,gaussian,14.0,1.0,,0.03
S3,late7,0.8709857887158315,gaussian,14.0,1.0,,0.03
S3,interleaved_offset1,0.548326393280036,gaussian,14.0,1.0,,0.07
S3,interleaved_offset2,0.5455281004987486,gaussian,14.0,1.0,,0.07
S3,late7,0.8434722889937877,gaussian,14.0,1.0,,0.07
S3,interleaved_offset1,0.5457866613996215,gaussian,14.0,1.0,,0.12
S3,interleaved_offset2,0.5377285892756756,gaussian,14.0,1.0,,0.12
S3,late7,0.8185923197374316,gaussian,14.0,1.0,,0.12
S3,interleaved_offset1,0.5669986371696837,gaussian,21.0,1.0,14.0,0.0
S3,interleaved_offset2,0.6406072690659299,gaussian,21.0,1.0,14.0,0.0
S3,late7,1.7065584381738979,gaussian,21.0,1.0,14.0,0.0
S3,interleaved_offset1,0.5642550843350859,gaussian,21.0,1.0,14.0,0.03
S3,interleaved_offset2,0.5637871040202951,gaussian,21.0,1.0,14.0,0.03
S3,late7,1.051913371975823,gaussian,21.0,1.0,14.0,0.03
S3,interleaved_offset1,0.5607763025542933,gaussian,21.0,1.0,14.0,0.07
S3,interleaved_offset2,0.5503316505815214,gaussian,21.0,1.0,14.0,0.07
S3,late7,0.9603488854401016,gaussian,21.0,1.0,14.0,0.07
S3,interleaved_offset1,0.5566945819602181,gaussian,21.0,1.0,14.0,0.12
S3,interleaved_offset2,0.5412064784882757,gaussian,21.0,1.0,14.0,0.12
S3,late7,0.9014168943045778,gaussian,21.0,1.0,14.0,0.12
S3,interleaved_offset1,0.5501853350220408,gaussian,21.0,1.0,21.0,0.0
S3,interleaved_offset2,0.6411129917877997,gaussian,21.0,1.0,21.0,0.0
S3,late7,1.2969769412300818,gaussian,21.0,1.0,21.0,0.0
S3,interleaved_offset1,0.5484920003407292,gaussian,21.0,1.0,21.0,0.03
S3,interleaved_offset2,0.5643462105181849,gaussian,21.0,1.0,21.0,0.03
S3,late7,0.9394999136021784,gaussian,21.0,1.0,21.0,0.03
S3,interleaved_offset1,0.5463271041496424,gaussian,21.0,1.0,21.0,0.07
S3,interleaved_offset2,0.5509550199962165,gaussian,21.0,1.0,21.0,0.07
S3,late7,0.8814885519468904,gaussian,21.0,1.0,21.0,0.07
S3,interleaved_offset1,0.5437620877956493,gaussian,21.0,1.0,21.0,0.12
S3,interleaved_offset2,0.5418993368463153,gaussian,21.0,1.0,21.0,0.12
S3,late7,0.8427144993198623,gaussian,21.0,1.0,21.0,0.12
S3,interleaved_offset1,0.540422479109781,gaussian,21.0,1.0,35.0,0.0
S3,interleaved_offset2,0.6381828934755767,gaussian,21.0,1.0,35.0,0.0
S3,late7,1.2839998611916161,gaussian,21.0,1.0,35.0,0.0
S3,interleaved_offset1,0.5393155585459471,gaussian,21.0,1.0,35.0,0.03
S3,interleaved_offset2,0.561700038298577,gaussian,21.0,1.0,35.0,0.03
S3,late7,0.92802731605498,gaussian,21.0,1.0,35.0,0.03
S3,interleaved_offset1,0.5378909258803637,gaussian,21.0,1.0,35.0,0.07
S3,interleaved_offset2,0.5486675934909947,gaussian,21.0,1.0,35.0,0.07
S3,late7,0.8717684816446264,gaussian,21.0,1.0,35.0,0.07
S3,interleaved_offset1,0.5361899742771523,gaussian,21.0,1.0,35.0,0.12
S3,interleaved_offset2,0.5400303153457267,gaussian,21.0,1.0,35.0,0.12
S3,late7,0.8348572728456118,gaussian,21.0,1.0,35.0,0.12
S3,interleaved_offset1,0.5357072152379337,gaussian,21.0,1.0,56.0,0.0
S3,interleaved_offset2,0.5373569381570085,gaussian,21.0,1.0,56.0,0.0
S3,late7,0.774812291360443,gaussian,21.0,1.0,56.0,0.0
S3,interleaved_offset1,0.5348958135768037,gaussian,21.0,1.0,56.0,0.03
S3,interleaved_offset2,0.5343925779791855,gaussian,21.0,1.0,56.0,0.03
S3,late7,0.7694919182930194,gaussian,21.0,1.0,56.0,0.03
S3,interleaved_offset1,0.5338457120433786,gaussian,21.0,1.0,56.0,0.07
S3,interleaved_offset2,0.5311108012996869,gaussian,21.0,1.0,56.0,0.07
S3,late7,0.7628629421740744,gaussian,21.0,1.0,56.0,0.07
S3,interleaved_offset1,0.5325832435474713,gaussian,21.0,1.0,56.0,0.12
S3,interleaved_offset2,0.5277179585892667,gaussian,21.0,1.0,56.0,0.12
S3,late7,0.7552273834451989,gaussian,21.0,1.0,56.0,0.12
S3,interleaved_offset1,0.5353541979687586,gaussian,21.0,1.0,,0.0
S3,interleaved_offset2,0.537114268737363,gaussian,21.0,1.0,,0.0
S3,late7,0.7703231818603451,gaussian,21.0,1.0,,0.0
S3,interleaved_offset1,0.534560093269082,gaussian,21.0,1.0,,0.03
S3,interleaved_offset2,0.5341630362564547,gaussian,21.0,1.0,,0.03
S3,late7,0.7653843617023399,gaussian,21.0,1.0,,0.03
S3,interleaved_offset1,0.5335322680371869,gaussian,21.0,1.0,,0.07
S3,interleaved_offset2,0.5308979442411856,gaussian,21.0,1.0,,0.07
S3,late7,0.7592035130259978,gaussian,21.0,1.0,,0.07
S3,interleaved_offset1,0.5322964231384151,gaussian,21.0,1.0,,0.12
S3,interleaved_offset2,0.5275248629376762,gaussian,21.0,1.0,,0.12
S3,late7,0.7520493900832296,gaussian,21.0,1.0,,0.12
S3,interleaved_offset1,0.5645028509058131,gaussian,28.0,1.0,14.0,0.0
S3,interleaved_offset2,0.6405730836522521,gaussian,28.0,1.0,14.0,0.0
S3,late7,1.7047202476171963,gaussian,28.0,1.0,14.0,0.0
S3,interleaved_offset1,0.5618707306317878,gaussian,28.0,1.0,14.0,0.03
S3,interleaved_offset2,0.5637629983446373,gaussian,28.0,1.0,14.0,0.03
S3,late7,1.0501902131654204,gaussian,28.0,1.0,14.0,0.03
S3,interleaved_offset1,0.5585349882691938,gaussian,28.0,1.0,14.0,0.07
S3,interleaved_offset2,0.5503196705318119,gaussian,28.0,1.0,14.0,0.07
S3,late7,0.9587700174691484,gaussian,28.0,1.0,14.0,0.07
S3,interleaved_offset1,0.5546237262601748,gaussian,28.0,1.0,14.0,0.12
S3,interleaved_offset2,0.5412076953806036,gaussian,28.0,1.0,14.0,0.12
S3,late7,0.9000054136061423,gaussian,28.0,1.0,14.0,0.12
S3,interleaved_offset1,0.547342123078877,gaussian,28.0,1.0,21.0,0.0
S3,interleaved_offset2,0.641892950420636,gaussian,28.0,1.0,21.0,0.0
S3,late7,1.2960845032007855,gaussian,28.0,1.0,21.0,0.0
S3,interleaved_offset1,0.5457737240532476,gaussian,28.0,1.0,21.0,0.03
S3,interleaved_offset2,0.5650999711995645,gaussian,28.0,1.0,21.0,0.03
S3,late7,0.9387002845861285,gaussian,28.0,1.0,21.0,0.03
S3,interleaved_offset1,0.5437691998137514,gaussian,28.0,1.0,21.0,0.07
S3,interleaved_offset2,0.5516746326048043,gaussian,28.0,1.0,21.0,0.07
S3,late7,0.8808022722737093,gaussian,28.0,1.0,21.0,0.07
S3,interleaved_offset1,0.5413955542400115,gaussian,28.0,1.0,21.0,0.12
S3,interleaved_offset2,0.5425773231414834,gaussian,28.0,1.0,21.0,0.12
S3,late7,0.8421553980064085,gaussian,28.0,1.0,21.0,0.12
S3,interleaved_offset1,0.5361574363165315,gaussian,28.0,1.0,35.0,0.0
S3,interleaved_offset2,0.6393859149797091,gaussian,28.0,1.0,35.0,0.0
S3,late7,1.281976628144506,gaussian,28.0,1.0,35.0,0.0
S3,interleaved_offset1,0.5352306241521776,gaussian,28.0,1.0,35.0,0.03
S3,interleaved_offset2,0.5629009710166475,gaussian,28.0,1.0,35.0,0.03
S3,late7,0.9262704056715176,gaussian,28.0,1.0,35.0,0.03
S3,interleaved_offset1,0.5340401208513819,gaussian,28.0,1.0,35.0,0.07
S3,interleaved_offset2,0.5498635040754227,gaussian,28.0,1.0,35.0,0.07
S3,late7,0.870333404603105,gaussian,28.0,1.0,35.0,0.07
S3,interleaved_offset1,0.5326224912086135,gaussian,28.0,1.0,35.0,0.12
S3,interleaved_offset2,0.5412162031992829,gaussian,28.0,1.0,35.0,0.12
S3,late7,0.8337772855195243,gaussian,28.0,1.0,35.0,0.12
S3,interleaved_offset1,0.5296280731780344,gaussian,28.0,1.0,56.0,0.0
S3,interleaved_offset2,0.5228666898868434,gaussian,28.0,1.0,56.0,0.0
S3,late7,0.7326179307860816,gaussian,28.0,1.0,56.0,0.0
S3,interleaved_offset1,0.5291335426996389,gaussian,28.0,1.0,56.0,0.03
S3,interleaved_offset2,0.5218340264428486,gaussian,28.0,1.0,56.0,0.03
S3,late7,0.7302737735402632,gaussian,28.0,1.0,56.0,0.03
S3,interleaved_offset1,0.528491005806676,gaussian,28.0,1.0,56.0,0.07
S3,interleaved_offset2,0.5205444383410046,gaussian,28.0,1.0,56.0,0.07
S3,late7,0.7272578124435561,gaussian,28.0,1.0,56.0,0.07
S3,interleaved_offset1,0.5277145923271873,gaussian,28.0,1.0,56.0,0.12
S3,interleaved_offset2,0.5190559307022177,gaussian,28.0,1.0,56.0,0.12
S3,late7,0.7236544344099335,gaussian,28.0,1.0,56.0,0.12
S3,interleaved_offset1,0.5280235138723801,gaussian,28.0,1.0,,0.0
S3,interleaved_offset2,0.5219404352591563,gaussian,28.0,1.0,,0.0
S3,late7,0.7237221162463384,gaussian,28.0,1.0,,0.0
S3,interleaved_offset1,0.5276002616611254,gaussian,28.0,1.0,,0.03
S3,interleaved_offset2,0.5209548158548998,gaussian,28.0,1.0,,0.03
S3,late7,0.721897856572327,gaussian,28.0,1.0,,0.03
S3,interleaved_offset1,0.5270502193198723,gaussian,28.0,1.0,,0.07
S3,interleaved_offset2,0.5197257054354267,gaussian,28.0,1.0,,0.07
S3,late7,0.7195365898659066,gaussian,28.0,1.0,,0.07
S3,interleaved_offset1,0.5263854284034156,gaussian,28.0,1.0,,0.12
S3,interleaved_offset2,0.5183094530168947,gaussian,28.0,1.0,,0.12
S3,late7,0.716694565587762,gaussian,28.0,1.0,,0.12
S3,interleaved_offset1,0.598153245297889,inverse,14.0,0.75,14.0,0.0
S3,interleaved_offset2,0.6430552704692074,inverse,14.0,0.75,14.0,0.0
S3,late7,1.721478853094861,inverse,14.0,0.75,14.0,0.0
S3,interleaved_offset1,0.593127328783615,inverse,14.0,0.75,14.0,0.03
S3,interleaved_offset2,0.5657930158272113,inverse,14.0,0.75,14.0,0.03
S3,late7,1.0658754001290633,inverse,14.0,0.75,14.0,0.03
S3,interleaved_offset1,0.5869131126032779,inverse,14.0,0.75,14.0,0.07
S3,interleaved_offset2,0.5517944589292811,inverse,14.0,0.75,14.0,0.07
S3,late7,0.9730958984159475,inverse,14.0,0.75,14.0,0.07
S3,interleaved_offset1,0.5798098913243587,inverse,14.0,0.75,14.0,0.12
S3,interleaved_offset2,0.5420603692173401,inverse,14.0,0.75,14.0,0.12
S3,late7,0.912737595618426,inverse,14.0,0.75,14.0,0.12
S3,interleaved_offset1,0.579675404815999,inverse,14.0,0.75,21.0,0.0
S3,interleaved_offset2,0.6427306072965105,inverse,14.0,0.75,21.0,0.0
S3,late7,1.307402130393741,inverse,14.0,0.75,21.0,0.0
S3,interleaved_offset1,0.5760762055839129,inverse,14.0,0.75,21.0,0.03
S3,interleaved_offset2,0.5655660171129518,inverse,14.0,0.75,21.0,0.03
S3,late7,0.9490552816399566,inverse,14.0,0.75,21.0,0.03
S3,interleaved_offset1,0.5715587526291718,inverse,14.0,0.75,21.0,0.07
S3,interleaved_offset2,0.5516896734218356,inverse,14.0,0.75,21.0,0.07
S3,late7,0.8899760575652873,inverse,14.0,0.75,21.0,0.07
S3,interleaved_offset1,0.5663150417529027,inverse,14.0,0.75,21.0,0.12
S3,interleaved_offset2,0.5420951664285208,inverse,14.0,0.75,21.0,0.12
S3,late7,0.849988089167304,inverse,14.0,0.75,21.0,0.12
S3,interleaved_offset1,0.5667901309093224,inverse,14.0,0.75,35.0,0.0
S3,interleaved_offset2,0.6403249411327516,inverse,14.0,0.75,35.0,0.0
S3,late7,1.2840460895324164,inverse,14.0,0.75,35.0,0.0
S3,interleaved_offset1,0.5641649718752596,inverse,14.0,0.75,35.0,0.03
S3,interleaved_offset2,0.5634352094868832,inverse,14.0,0.75,35.0,0.03
S3,late7,0.9278639532252387,inverse,14.0,0.75,35.0,0.03
S3,interleaved_offset1,0.5608298661382893,inverse,14.0,0.75,35.0,0.07
S3,interleaved_offset2,0.5499031178749483,inverse,14.0,0.75,35.0,0.07
S3,late7,0.8713385619353217,inverse,14.0,0.75,35.0,0.07
S3,interleaved_offset1,0.5569067384165897,inverse,14.0,0.75,35.0,0.12
S3,interleaved_offset2,0.5407055364846342,inverse,14.0,0.75,35.0,0.12
S3,late7,0.8341165694485095,inverse,14.0,0.75,35.0,0.12
S3,interleaved_offset1,0.5521847186052183,inverse,14.0,0.75,56.0,0.0
S3,interleaved_offset2,0.5227660103138357,inverse,14.0,0.75,56.0,0.0
S3,late7,0.731543380951125,inverse,14.0,0.75,56.0,0.0
S3,interleaved_offset1,0.550558338349897,inverse,14.0,0.75,56.0,0.03
S3,interleaved_offset2,0.5214550894450671,inverse,14.0,0.75,56.0,0.03
S3,late7,0.7289261362597963,inverse,14.0,0.75,56.0,0.03
S3,interleaved_offset1,0.5484615858260461,inverse,14.0,0.75,56.0,0.07
S3,interleaved_offset2,0.5198207946959369,inverse,14.0,0.75,56.0,0.07
S3,late7,0.725585595253403,inverse,14.0,0.75,56.0,0.07
S3,interleaved_offset1,0.5459520009321678,inverse,14.0,0.75,56.0,0.12
S3,interleaved_offset2,0.517944142654698,inverse,14.0,0.75,56.0,0.12
S3,late7,0.7216349072548517,inverse,14.0,0.75,56.0,0.12
S3,interleaved_offset1,0.5466110955869308,inverse,14.0,0.75,,0.0
S3,interleaved_offset2,0.5211696967665181,inverse,14.0,0.75,,0.0
S3,late7,0.7150744248288965,inverse,14.0,0.75,,0.0
S3,interleaved_offset1,0.5452472532284656,inverse,14.0,0.75,,0.03
S3,interleaved_offset2,0.5199604819775312,inverse,14.0,0.75,,0.03
S3,late7,0.7135504270450003,inverse,14.0,0.75,,0.03
S3,interleaved_offset1,0.5434881709058537,inverse,14.0,0.75,,0.07
S3,interleaved_offset2,0.5184560901739305,inverse,14.0,0.75,,0.07
S3,late7,0.7115790845673315,inverse,14.0,0.75,,0.07
S3,interleaved_offset1,0.5413818077738692,inverse,14.0,0.75,,0.12
S3,interleaved_offset2,0.5167330278542971,inverse,14.0,0.75,,0.12
S3,late7,0.7092093781683563,inverse,14.0,0.75,,0.12
S3,interleaved_offset1,0.6168143003385419,inverse,14.0,1.0,14.0,0.0
S3,interleaved_offset2,0.6474243085388159,inverse,14.0,1.0,14.0,0.0
S3,late7,1.73060435165583,inverse,14.0,1.0,14.0,0.0
S3,interleaved_offset1,0.6099284114212211,inverse,14.0,1.0,14.0,0.03
S3,interleaved_offset2,0.5696911321262658,inverse,14.0,1.0,14.0,0.03
S3,late7,1.0744111346327894,inverse,14.0,1.0,14.0,0.03
S3,interleaved_offset1,0.6016355710502973,inverse,14.0,1.0,14.0,0.07
S3,interleaved_offset2,0.5551181577307965,inverse,14.0,1.0,14.0,0.07
S3,late7,0.9808900467838466,inverse,14.0,1.0,14.0,0.07
S3,interleaved_offset1,0.5923889524298634,inverse,14.0,1.0,14.0,0.12
S3,interleaved_offset2,0.5447429112704328,inverse,14.0,1.0,14.0,0.12
S3,late7,0.9196686285515141,inverse,14.0,1.0,14.0,0.12
S3,interleaved_offset1,0.5982198738606687,inverse,14.0,1.0,21.0,0.0
S3,interleaved_offset2,0.6465215250394762,inverse,14.0,1.0,21.0,0.0
S3,late7,1.3148434033614667,inverse,14.0,1.0,21.0,0.0
S3,interleaved_offset1,0.5931155877500734,inverse,14.0,1.0,21.0,0.03
S3,interleaved_offset2,0.5689212266779988,inverse,14.0,1.0,21.0,0.03
S3,late7,0.9559249365140658,inverse,14.0,1.0,21.0,0.03
S3,interleaved_offset1,0.5868102323386661,inverse,14.0,1.0,21.0,0.07
S3,interleaved_offset2,0.5545145449894026,inverse,14.0,1.0,21.0,0.07
S3,late7,0.8961440393666664,inverse,14.0,1.0,21.0,0.07
S3,interleaved_offset1,0.5796140516271208,inverse,14.0,1.0,21.0,0.12
S3,interleaved_offset2,0.5443294424870078,inverse,14.0,1.0,21.0,0.12
S3,late7,0.8553581663406613,inverse,14.0,1.0,21.0,0.12
S3,interleaved_offset1,0.5857228799088031,inverse,14.0,1.0,35.0,0.0
S3,interleaved_offset2,0.644076929690181,inverse,14.0,1.0,35.0,0.0
S3,late7,1.2907639884377766,inverse,14.0,1.0,35.0,0.0
S3,interleaved_offset1,0.5817436752771983,inverse,14.0,1.0,35.0,0.03
S3,interleaved_offset2,0.5667379577241332,inverse,14.0,1.0,35.0,0.03
S3,late7,0.9340223252468146,inverse,14.0,1.0,35.0,0.03
S3,interleaved_offset1,0.5767536834685855,inverse,14.0,1.0,35.0,0.07
S3,interleaved_offset2,0.552656449481315,inverse,14.0,1.0,35.0,0.07
S3,late7,0.8767969372987249,inverse,14.0,1.0,35.0,0.07
S3,interleaved_offset1,0.5709694291447822,inverse,14.0,1.0,35.0,0.12
S3,interleaved_offset2,0.5428435405365641,inverse,14.0,1.0,35.0,0.12
S3,late7,0.8387673962102992,inverse,14.0,1.0,35.0,0.12
S3,interleaved_offset1,0.5713539616943815,inverse,14.0,1.0,56.0,0.0
S3,interleaved_offset2,0.5346021288627573,inverse,14.0,1.0,56.0,0.0
S3,late7,0.7576767942840923,inverse,14.0,1.0,56.0,0.0
S3,interleaved_offset1,0.5684977524480433,inverse,14.0,1.0,56.0,0.03
S3,interleaved_offset2,0.5320638906192058,inverse,14.0,1.0,56.0,0.03
S3,late7,0.7532172018995282,inverse,14.0,1.0,56.0,0.03
S3,interleaved_offset1,0.5648611453279787,inverse,14.0,1.0,56.0,0.07
S3,interleaved_offset2,0.5289995445460667,inverse,14.0,1.0,56.0,0.07
S3,late7,0.7476190743244888,inverse,14.0,1.0,56.0,0.07
S3,interleaved_offset1,0.560573227172669,inverse,14.0,1.0,56.0,0.12
S3,interleaved_offset2,0.5255948950137913,inverse,14.0,1.0,56.0,0.12
S3,late7,0.7411212510844629,inverse,14.0,1.0,56.0,0.12
S3,interleaved_offset1,0.5667428221987254,inverse,14.0,1.0,,0.0
S3,interleaved_offset2,0.5333518775731133,inverse,14.0,1.0,,0.0
S3,late7,0.7382007765331882,inverse,14.0,1.0,,0.0
S3,interleaved_offset1,0.5641350982444567,inverse,14.0,1.0,,0.03
S3,interleaved_offset2,0.5309002713405452,inverse,14.0,1.0,,0.03
S3,late7,0.7352364040540009,inverse,14.0,1.0,,0.03
S3,interleaved_offset1,0.560812243789801,inverse,14.0,1.0,,0.07
S3,interleaved_offset2,0.5279454985825722,inverse,14.0,1.0,,0.07
S3,late7,0.7314552646140581,inverse,14.0,1.0,,0.07
S3,interleaved_offset1,0.5568909447893143,inverse,14.0,1.0,,0.12
S3,interleaved_offset2,0.5246688801193753,inverse,14.0,1.0,,0.12
S3,late7,0.7269857609602702,inverse,14.0,1.0,,0.12
S3,interleaved_offset1,0.6639408835285607,inverse,14.0,1.5,14.0,0.0
S3,interleaved_offset2,0.663080893023633,inverse,14.0,1.5,14.0,0.0
S3,late7,1.7534062946942992,inverse,14.0,1.5,14.0,0.0
S3,interleaved_offset1,0.6506342851283297,inverse,14.0,1.5,14.0,0.03
S3,interleaved_offset2,0.5836519659918096,inverse,14.0,1.5,14.0,0.03
S3,late7,1.0956820168525259,inverse,14.0,1.5,14.0,0.03
S3,interleaved_offset1,0.6359669661303976,inverse,14.0,1.5,14.0,0.07
S3,interleaved_offset2,0.567073228573474,inverse,14.0,1.5,14.0,0.07
S3,late7,1.0002542624046626,inverse,14.0,1.5,14.0,0.07
S3,interleaved_offset1,0.620712260930455,inverse,14.0,1.5,14.0,0.12
S3,interleaved_offset2,0.5545268931571447,inverse,14.0,1.5,14.0,0.12
S3,late7,0.9368363021687934,inverse,14.0,1.5,14.0,0.12
S3,interleaved_offset1,0.6460227048863368,inverse,14.0,1.5,21.0,0.0
S3,interleaved_offset2,0.6616227066179711,inverse,14.0,1.5,21.0,0.0
S3,late7,1.3353347628158594,inverse,14.0,1.5,21.0,0.0
S3,interleaved_offset1,0.6357221253831761,inverse,14.0,1.5,21.0,0.03
S3,interleaved_offset2,0.5823788945023866,inverse,14.0,1.5,21.0,0.03
S3,late7,0.9748632116584333,inverse,14.0,1.5,21.0,0.03
S3,interleaved_offset1,0.6237069258094271,inverse,14.0,1.5,21.0,0.07
S3,interleaved_offset2,0.5660245561559343,inverse,14.0,1.5,21.0,0.07
S3,late7,0.9131890266865459,inverse,14.0,1.5,21.0,0.07
S3,interleaved_offset1,0.6107209596158967,inverse,14.0,1.5,21.0,0.12
S3,interleaved_offset2,0.5537255288457239,inverse,14.0,1.5,21.0,0.12
S3,late7,0.8702642072905385,inverse,14.0,1.5,21.0,0.12
S3,interleaved_offset1,0.6348606968551123,inverse,14.0,1.5,35.0,0.0
S3,interleaved_offset2,0.6595991492064482,inverse,14.0,1.5,35.0,0.0
S3,late7,1.3123878357147822,inverse,14.0,1.5,35.0,0.0
S3,interleaved_offset1,0.6261555883226771,inverse,14.0,1.5,35.0,0.03
S3,interleaved_offset2,0.5805836886069176,inverse,14.0,1.5,35.0,0.03
S3,late7,0.9540276068852237,inverse,14.0,1.5,35.0,0.03
S3,interleaved_offset1,0.6157550587163857,inverse,14.0,1.5,35.0,0.07
S3,interleaved_offset2,0.5645047281965611,inverse,14.0,1.5,35.0,0.07
S3,late7,0.8947827839832173,inverse,14.0,1.5,35.0,0.07
S3,interleaved_offset1,0.6042806943307417,inverse,14.0,1.5,35.0,0.12
S3,interleaved_offset2,0.5525099629489901,inverse,14.0,1.5,35.0,0.12
S3,late7,0.8544271412141526,inverse,14.0,1.5,35.0,0.12
S3,interleaved_offset1,0.6239788701616071,inverse,14.0,1.5,56.0,0.0
S3,interleaved_offset2,0.5684096708780878,inverse,14.0,1.5,56.0,0.0
S3,late7,0.8287098526238519,inverse,14.0,1.5,56.0,0.0
S3,interleaved_offset1,0.6165739624917065,inverse,14.0,1.5,56.0,0.03
S3,interleaved_offset2,0.5607376803497662,inverse,14.0,1.5,56.0,0.03
S3,late7,0.8171457434607314,inverse,14.0,1.5,56.0,0.03
S3,interleaved_offset1,0.6075709977127428,inverse,14.0,1.5,56.0,0.07
S3,interleaved_offset2,0.5526591159150523,inverse,14.0,1.5,56.0,0.07
S3,late7,0.8036190471297188,inverse,14.0,1.5,56.0,0.07
S3,interleaved_offset1,0.5974713529748596,inverse,14.0,1.5,56.0,0.12
S3,interleaved_offset2,0.544570887606357,inverse,14.0,1.5,56.0,0.12
S3,late7,0.788953549519353,inverse,14.0,1.5,56.0,0.12
S3,interleaved_offset1,0.6212209780144461,inverse,14.0,1.5,,0.0
S3,interleaved_offset2,0.5678891209041333,inverse,14.0,1.5,,0.0
S3,late7,0.8069884963649531,inverse,14.0,1.5,,0.0
S3,interleaved_offset1,0.6140493689825063,inverse,14.0,1.5,,0.03
S3,interleaved_offset2,0.5602650608834184,inverse,14.0,1.5,,0.03
S3,late7,0.7980846645787205,inverse,14.0,1.5,,0.03
S3,interleaved_offset1,0.6053149859317623,inverse,14.0,1.5,,0.07
S3,interleaved_offset2,0.552244809484534,inverse,14.0,1.5,,0.07
S3,late7,0.7873650206919475,inverse,14.0,1.5,,0.07
S3,interleaved_offset1,0.5954997728826585,inverse,14.0,1.5,,0.12
S3,interleaved_offset2,0.5442217453357956,inverse,14.0,1.5,,0.12
S3,late7,0.7754303362543461,inverse,14.0,1.5,,0.12
S3,interleaved_offset1,0.7232623736679167,inverse,14.0,2.0,14.0,0.0
S3,interleaved_offset2,0.6879835968273713,inverse,14.0,2.0,14.0,0.0
S3,late7,1.7823029040050355,inverse,14.0,2.0,14.0,0.0
S3,interleaved_offset1,0.6979665030886155,inverse,14.0,2.0,14.0,0.03
S3,interleaved_offset2,0.6054540040491817,inverse,14.0,2.0,14.0,0.03
S3,late7,1.1224631760964212,inverse,14.0,2.0,14.0,0.03
S3,interleaved_offset1,0.6737698799613808,inverse,14.0,2.0,14.0,0.07
S3,interleaved_offset2,0.5854559295734187,inverse,14.0,2.0,14.0,0.07
S3,late7,1.0244545102877056,inverse,14.0,2.0,14.0,0.07
S3,interleaved_offset1,0.6505889105748357,inverse,14.0,2.0,14.0,0.12
S3,interleaved_offset2,0.5694331155684934,inverse,14.0,2.0,14.0,0.12
S3,late7,0.9581272553958521,inverse,14.0,2.0,14.0,0.12
S3,interleaved_offset1,0.7070567988960879,inverse,14.0,2.0,21.0,0.0
S3,interleaved_offset2,0.6865689988295911,inverse,14.0,2.0,21.0,0.0
S3,late7,1.36337160994059,inverse,14.0,2.0,21.0,0.0
S3,interleaved_offset1,0.6866852734610286,inverse,14.0,2.0,21.0,0.03
S3,interleaved_offset2,0.6042477748717642,inverse,14.0,2.0,21.0,0.03
S3,late7,1.000680195197184,inverse,14.0,2.0,21.0,0.03
S3,interleaved_offset1,0.665363878258279,inverse,14.0,2.0,21.0,0.07
S3,interleaved_offset2,0.5844843955810866,inverse,14.0,2.0,21.0,0.07
S3,late7,0.9363464713284636,inverse,14.0,2.0,21.0,0.07
S3,interleaved_offset1,0.644121224703958,inverse,14.0,2.0,21.0,0.12
S3,interleaved_offset2,0.5687011518323718,inverse,14.0,2.0,21.0,0.12
S3,late7,0.8904700641699529,inverse,14.0,2.0,21.0,0.12
S3,interleaved_offset1,0.6978594675309637,inverse,14.0,2.0,35.0,0.0
S3,interleaved_offset2,0.6852427561639569,inverse,14.0,2.0,35.0,0.0
S3,late7,1.3430971922199522,inverse,14.0,2.0,35.0,0.0
S3,interleaved_offset1,0.6798158783929089,inverse,14.0,2.0,35.0,0.03
S3,interleaved_offset2,0.6031097821785906,inverse,14.0,2.0,35.0,0.03
S3,late7,0.9824136819017925,inverse,14.0,2.0,35.0,0.03
S3,interleaved_offset1,0.6602456284156228,inverse,14.0,2.0,35.0,0.07
S3,interleaved_offset2,0.5835581125123489,inverse,14.0,2.0,35.0,0.07
S3,late7,0.9203168508863223,inverse,14.0,2.0,35.0,0.07
S3,interleaved_offset1,0.6403095930072327,inverse,14.0,2.0,35.0,0.12
S3,interleaved_offset2,0.5679923345941625,inverse,14.0,2.0,35.0,0.12
S3,late7,0.876731677070037,inverse,14.0,2.0,35.0,0.12
S3,interleaved_offset1,0.6909479430937153,inverse,14.0,2.0,56.0,0.0
S3,interleaved_offset2,0.6138864443810885,inverse,14.0,2.0,56.0,0.0
S3,late7,0.9195595386921201,inverse,14.0,2.0,56.0,0.0
S3,interleaved_offset1,0.6743325685791038,inverse,14.0,2.0,56.0,0.03
S3,interleaved_offset2,0.5946609793058254,inverse,14.0,2.0,56.0,0.03
S3,late7,0.8925042839189471,inverse,14.0,2.0,56.0,0.03
S3,interleaved_offset1,0.6559695133268093,inverse,14.0,2.0,56.0,0.07
S3,interleaved_offset2,0.5791386336155547,inverse,14.0,2.0,56.0,0.07
S3,late7,0.8655076048649393,inverse,14.0,2.0,56.0,0.07
S3,interleaved_offset1,0.6370081166331766,inverse,14.0,2.0,56.0,0.12
S3,interleaved_offset2,0.5652014818443989,inverse,14.0,2.0,56.0,0.12
S3,late7,0.8393036433064174,inverse,14.0,2.0,56.0,0.12
S3,interleaved_offset1,0.6895048523404073,inverse,14.0,2.0,,0.0
S3,interleaved_offset2,0.6137323938299981,inverse,14.0,2.0,,0.0
S3,late7,0.8994381624815451,inverse,14.0,2.0,,0.0
S3,interleaved_offset1,0.6731335700081386,inverse,14.0,2.0,,0.03
S3,interleaved_offset2,0.5945294002618358,inverse,14.0,2.0,,0.03
S3,late7,0.8769284991799565,inverse,14.0,2.0,,0.03
S3,interleaved_offset1,0.6549895641029951,inverse,14.0,2.0,,0.07
S3,interleaved_offset2,0.5790323029710559,inverse,14.0,2.0,,0.07
S3,late7,0.8533846557572193,inverse,14.0,2.0,,0.07
S3,interleaved_offset1,0.6362147572348344,inverse,14.0,2.0,,0.12
S3,interleaved_offset2,0.5651210891093776,inverse,14.0,2.0,,0.12
S3,late7,0.8298422482775966,inverse,14.0,2.0,,0.12
S4,interleaved_offset1,0.7696725642675866,exp,5.0,1.0,14.0,0.0
S4,interleaved_offset2,0.7888110284114286,exp,5.0,1.0,14.0,0.0
S4,late7,1.0394764536230865,exp,5.0,1.0,14.0,0.0
S4,interleaved_offset1,0.7126550251559725,exp,5.0,1.0,14.0,0.03
S4,interleaved_offset2,0.698457999567899,exp,5.0,1.0,14.0,0.03
S4,late7,0.8731118087195071,exp,5.0,1.0,14.0,0.03
S4,interleaved_offset1,0.7008172110861235,exp,5.0,1.0,14.0,0.07
S4,interleaved_offset2,0.6821726618294717,exp,5.0,1.0,14.0,0.07
S4,late7,0.838434683591799,exp,5.0,1.0,14.0,0.07
S4,interleaved_offset1,0.6909039885116193,exp,5.0,1.0,14.0,0.12
S4,interleaved_offset2,0.669937057348703,exp,5.0,1.0,14.0,0.12
S4,late7,0.8090200455157974,exp,5.0,1.0,14.0,0.12
S4,interleaved_offset1,0.7023728718894692,exp,5.0,1.0,21.0,0.0
S4,interleaved_offset2,0.7394651090526829,exp,5.0,1.0,21.0,0.0
S4,late7,0.8209728369767914,exp,5.0,1.0,21.0,0.0
S4,interleaved_offset1,0.696641674548882,exp,5.0,1.0,21.0,0.03
S4,interleaved_offset2,0.6898345605351064,exp,5.0,1.0,21.0,0.03
S4,late7,0.805951750773043,exp,5.0,1.0,21.0,0.03
S4,interleaved_offset1,0.6900549871419089,exp,5.0,1.0,21.0,0.07
S4,interleaved_offset2,0.6772639101078163,exp,5.0,1.0,21.0,0.07
S4,late7,0.7883133847573242,exp,5.0,1.0,21.0,0.07
S4,interleaved_offset1,0.6830924222639615,exp,5.0,1.0,21.0,0.12
S4,interleaved_offset2,0.6668550985006693,exp,5.0,1.0,21.0,0.12
S4,late7,0.7692438179131311,exp,5.0,1.0,21.0,0.12
S4,interleaved_offset1,0.7013919335311775,exp,5.0,1.0,35.0,0.0
S4,interleaved_offset2,0.7058977549919953,exp,5.0,1.0,35.0,0.0
S4,late7,0.8216853854392522,exp,5.0,1.0,35.0,0.0
S4,interleaved_offset1,0.6958070027230038,exp,5.0,1.0,35.0,0.03
S4,interleaved_offset2,0.6877770233474553,exp,5.0,1.0,35.0,0.03
S4,late7,0.8070162519382034,exp,5.0,1.0,35.0,0.03
S4,interleaved_offset1,0.6893839817768729,exp,5.0,1.0,35.0,0.07
S4,interleaved_offset2,0.6761387917654176,exp,5.0,1.0,35.0,0.07
S4,late7,0.7897034569428361,exp,5.0,1.0,35.0,0.07
S4,interleaved_offset1,0.6825865648856798,exp,5.0,1.0,35.0,0.12
S4,interleaved_offset2,0.6661195283021127,exp,5.0,1.0,35.0,0.12
S4,late7,0.7708890680879856,exp,5.0,1.0,35.0,0.12
S4,interleaved_offset1,0.7013212406002322,exp,5.0,1.0,56.0,0.0
S4,interleaved_offset2,0.7052993843493878,exp,5.0,1.0,56.0,0.0
S4,late7,0.8204337514528216,exp,5.0,1.0,56.0,0.0
S4,interleaved_offset1,0.6957480443430474,exp,5.0,1.0,56.0,0.03
S4,interleaved_offset2,0.6874937007876929,exp,5.0,1.0,56.0,0.03
S4,late7,0.8059201677893736,exp,5.0,1.0,56.0,0.03
S4,interleaved_offset1,0.689337544692994,exp,5.0,1.0,56.0,0.07
S4,interleaved_offset2,0.6759467957111016,exp,5.0,1.0,56.0,0.07
S4,late7,0.7887717640342313,exp,5.0,1.0,56.0,0.07
S4,interleaved_offset1,0.682552298800511,exp,5.0,1.0,56.0,0.12
S4,interleaved_offset2,0.6659809097371782,exp,5.0,1.0,56.0,0.12
S4,late7,0.7701160129565687,exp,5.0,1.0,56.0,0.12
S4,interleaved_offset1,0.701319086044944,exp,5.0,1.0,,0.0
S4,interleaved_offset2,0.7052987961547351,exp,5.0,1.0,,0.0
S4,late7,0.8204194966600867,exp,5.0,1.0,,0.0
S4,interleaved_offset1,0.6957463314524496,exp,5.0,1.0,,0.03
S4,interleaved_offset2,0.6874931483512062,exp,5.0,1.0,,0.03
S4,late7,0.8059078710077755,exp,5.0,1.0,,0.03
S4,interleaved_offset1,0.6893362313929398,exp,5.0,1.0,,0.07
S4,interleaved_offset2,0.67594631705377,exp,5.0,1.0,,0.07
S4,late7,0.7887615618063751,exp,5.0,1.0,,0.07
S4,interleaved_offset1,0.6825513244574581,exp,5.0,1.0,,0.12
S4,interleaved_offset2,0.6659805135011023,exp,5.0,1.0,,0.12
S4,late7,0.7701078540544435,exp,5.0,1.0,,0.12
S4,interleaved_offset1,0.759648493199147,exp,7.0,1.0,14.0,0.0
S4,interleaved_offset2,0.7838303595283953,exp,7.0,1.0,14.0,0.0
S4,late7,1.0057746326166128,exp,7.0,1.0,14.0,0.0
S4,interleaved_offset1,0.7037996011992055,exp,7.0,1.0,14.0,0.03
S4,interleaved_offset2,0.6940584043779212,exp,7.0,1.0,14.0,0.03
S4,late7,0.8427046132428512,exp,7.0,1.0,14.0,0.03
S4,interleaved_offset1,0.6932822439958327,exp,7.0,1.0,14.0,0.07
S4,interleaved_offset2,0.6784675678719492,exp,7.0,1.0,14.0,0.07
S4,late7,0.8116491614438176,exp,7.0,1.0,14.0,0.07
S4,interleaved_offset1,0.6847312728199322,exp,7.0,1.0,14.0,0.12
S4,interleaved_offset2,0.6669886242718187,exp,7.0,1.0,14.0,0.12
S4,late7,0.7858985755225839,exp,7.0,1.0,14.0,0.12
S4,interleaved_offset1,0.6879101776769366,exp,7.0,1.0,21.0,0.0
S4,interleaved_offset2,0.728122818802484,exp,7.0,1.0,21.0,0.0
S4,late7,0.7847829082918325,exp,7.0,1.0,21.0,0.0
S4,interleaved_offset1,0.684045917776976,exp,7.0,1.0,21.0,0.03
S4,interleaved_offset2,0.6808583628449786,exp,7.0,1.0,21.0,0.03
S4,late7,0.7732648729979332,exp,7.0,1.0,21.0,0.03
S4,interleaved_offset1,0.6794498629532705,exp,7.0,1.0,21.0,0.07
S4,interleaved_offset2,0.6703208095791306,exp,7.0,1.0,21.0,0.07
S4,late7,0.7594921531367264,exp,7.0,1.0,21.0,0.07
S4,interleaved_offset1,0.674452955677901,exp,7.0,1.0,21.0,0.12
S4,interleaved_offset2,0.6616543266033175,exp,7.0,1.0,21.0,0.12
S4,late7,0.7443452026319417,exp,7.0,1.0,21.0,0.12
S4,interleaved_offset1,0.6862416081141053,exp,7.0,1.0,35.0,0.0
S4,interleaved_offset2,0.6830167519150392,exp,7.0,1.0,35.0,0.0
S4,late7,0.780495727223158,exp,7.0,1.0,35.0,0.0
S4,interleaved_offset1,0.6826201158192737,exp,7.0,1.0,35.0,0.03
S4,interleaved_offset2,0.6746570888370041,exp,7.0,1.0,35.0,0.03
S4,late7,0.7701181695788955,exp,7.0,1.0,35.0,0.03
S4,interleaved_offset1,0.6783106640081943,exp,7.0,1.0,35.0,0.07
S4,interleaved_offset2,0.6668685410193171,exp,7.0,1.0,35.0,0.07
S4,late7,0.7575424544519048,exp,7.0,1.0,35.0,0.07
S4,interleaved_offset1,0.6736200903194541,exp,7.0,1.0,35.0,0.12
S4,interleaved_offset2,0.6594490562880853,exp,7.0,1.0,35.0,0.12
S4,late7,0.7435149108435014,exp,7.0,1.0,35.0,0.12
S4,interleaved_offset1,0.6857952825006582,exp,7.0,1.0,56.0,0.0
S4,interleaved_offset2,0.6809776101035399,exp,7.0,1.0,56.0,0.0
S4,late7,0.7745263692377758,exp,7.0,1.0,56.0,0.0
S4,interleaved_offset1,0.682231876563917,exp,7.0,1.0,56.0,0.03
S4,interleaved_offset2,0.6731730382725829,exp,7.0,1.0,56.0,0.03
S4,late7,0.7647496693041554,exp,7.0,1.0,56.0,0.03
S4,interleaved_offset1,0.6779884681793219,exp,7.0,1.0,56.0,0.07
S4,interleaved_offset2,0.6657268403657234,exp,7.0,1.0,56.0,0.07
S4,late7,0.7528515333066249,exp,7.0,1.0,56.0,0.07
S4,interleaved_offset1,0.6733663146933336,exp,7.0,1.0,56.0,0.12
S4,interleaved_offset2,0.6585565038029823,exp,7.0,1.0,56.0,0.12
S4,late7,0.7395214143747707,exp,7.0,1.0,56.0,0.12
S4,interleaved_offset1,0.6857605951570916,exp,7.0,1.0,,0.0
S4,interleaved_offset2,0.6809664664388171,exp,7.0,1.0,,0.0
S4,late7,0.7743463111986177,exp,7.0,1.0,,0.0
S4,interleaved_offset1,0.6822026760253243,exp,7.0,1.0,,0.03
S4,interleaved_offset2,0.673162851372753,exp,7.0,1.0,,0.03
S4,late7,0.7645909471604344,exp,7.0,1.0,,0.03
S4,interleaved_offset1,0.6779649632068249,exp,7.0,1.0,,0.07
S4,interleaved_offset2,0.6657180367363329,exp,7.0,1.0,,0.07
S4,late7,0.7527170893298919,exp,7.0,1.0,,0.07
S4,interleaved_offset1,0.6733482130726618,exp,7.0,1.0,,0.12
S4,interleaved_offset2,0.6585492798517832,exp,7.0,1.0,,0.12
S4,late7,0.739412121568741,exp,7.0,1.0,,0.12
S4,interleaved_offset1,0.7533476007494468,exp,10.0,1.0,14.0,0.0
S4,interleaved_offset2,0.7811711466395314,exp,10.0,1.0,14.0,0.0
S4,late7,0.9851775159693922,exp,10.0,1.0,14.0,0.0
S4,interleaved_offset1,0.6981219314789965,exp,10.0,1.0,14.0,0.03
S4,interleaved_offset2,0.6916792073206395,exp,10.0,1.0,14.0,0.03
S4,late7,0.8238972424718783,exp,10.0,1.0,14.0,0.03
S4,interleaved_offset1,0.6883361820549995,exp,10.0,1.0,14.0,0.07
S4,interleaved_offset2,0.6764333737192239,exp,10.0,1.0,14.0,0.07
S4,late7,0.7948654806249468,exp,10.0,1.0,14.0,0.07
S4,interleaved_offset1,0.6805706130746626,exp,10.0,1.0,14.0,0.12
S4,interleaved_offset2,0.6653432157110161,exp,10.0,1.0,14.0,0.12
S4,late7,0.771218524947889,exp,10.0,1.0,14.0,0.12
S4,interleaved_offset1,0.6801492285346481,exp,10.0,1.0,21.0,0.0
S4,interleaved_offset2,0.7216341604954063,exp,10.0,1.0,21.0,0.0
S4,late7,0.7623084725207413,exp,10.0,1.0,21.0,0.0
S4,interleaved_offset1,0.6771641839183624,exp,10.0,1.0,21.0,0.03
S4,interleaved_offset2,0.6753786379775918,exp,10.0,1.0,21.0,0.03
S4,late7,0.752746376874159,exp,10.0,1.0,21.0,0.03
S4,interleaved_offset1,0.6735668141868341,exp,10.0,1.0,21.0,0.07
S4,interleaved_offset2,0.6659104788059601,exp,10.0,1.0,21.0,0.07
S4,late7,0.7411905699518827,exp,10.0,1.0,21.0,0.07
S4,interleaved_offset1,0.6696096283186467,exp,10.0,1.0,21.0,0.12
S4,interleaved_offset2,0.6582899268239956,exp,10.0,1.0,21.0,0.12
S4,late7,0.7283505707277853,exp,10.0,1.0,21.0,0.12
S4,interleaved_offset1,0.6780248745295581,exp,10.0,1.0,35.0,0.0
S4,interleaved_offset2,0.6679870876761279,exp,10.0,1.0,35.0,0.0
S4,late7,0.7464089702047436,exp,10.0,1.0,35.0,0.0
S4,interleaved_offset1,0.6753899307647261,exp,10.0,1.0,35.0,0.03
S4,interleaved_offset2,0.6636481132402149,exp,10.0,1.0,35.0,0.03
S4,late7,0.7391728957146924,exp,10.0,1.0,35.0,0.03
S4,interleaved_offset1,0.6722134771605367,exp,10.0,1.0,35.0,0.07
S4,interleaved_offset2,0.658734299995082,exp,10.0,1.0,35.0,0.07
S4,late7,0.7302096557636434,exp,10.0,1.0,35.0,0.07
S4,interleaved_offset1,0.6687155779779371,exp,10.0,1.0,35.0,0.12
S4,interleaved_offset2,0.6535409242656962,exp,10.0,1.0,35.0,0.12
S4,late7,0.7199776984105335,exp,10.0,1.0,35.0,0.12
S4,interleaved_offset1,0.6759718742072889,exp,10.0,1.0,56.0,0.0
S4,interleaved_offset2,0.6627559340773823,exp,10.0,1.0,56.0,0.0
S4,late7,0.7294224016012544,exp,10.0,1.0,56.0,0.0
S4,interleaved_offset1,0.6735562542319519,exp,10.0,1.0,56.0,0.03
S4,interleaved_offset2,0.6591156908434598,exp,10.0,1.0,56.0,0.03
S4,late7,0.7235339647482896,exp,10.0,1.0,56.0,0.03
S4,interleaved_offset1,0.670637394510059,exp,10.0,1.0,56.0,0.07
S4,interleaved_offset2,0.6548864658853064,exp,10.0,1.0,56.0,0.07
S4,late7,0.7161779331710867,exp,10.0,1.0,56.0,0.07
S4,interleaved_offset1,0.6674159320899615,exp,10.0,1.0,56.0,0.12
S4,interleaved_offset2,0.6503311301923217,exp,10.0,1.0,56.0,0.12
S4,late7,0.7077024964290929,exp,10.0,1.0,56.0,0.12
S4,interleaved_offset1,0.6757080365035814,exp,10.0,1.0,,0.0
S4,interleaved_offset2,0.6626646963083234,exp,10.0,1.0,,0.0
S4,late7,0.7285350513778304,exp,10.0,1.0,,0.0
S4,interleaved_offset1,0.6733286937630911,exp,10.0,1.0,,0.03
S4,interleaved_offset2,0.6590341125638041,exp,10.0,1.0,,0.03
S4,late7,0.7227407072177777,exp,10.0,1.0,,0.03
S4,interleaved_offset1,0.6704499897777837,exp,10.0,1.0,,0.07
S4,interleaved_offset2,0.654816824739185,exp,10.0,1.0,,0.07
S4,late7,0.7154972953120724,exp,10.0,1.0,,0.07
S4,interleaved_offset1,0.6672689426277614,exp,10.0,1.0,,0.12
S4,interleaved_offset2,0.6502747661311946,exp,10.0,1.0,,0.12
S4,late7,0.7071448475191092,exp,10.0,1.0,,0.12
S4,interleaved_offset1,0.7498223243444975,exp,14.0,1.0,14.0,0.0
S4,interleaved_offset2,0.7798237334956822,exp,14.0,1.0,14.0,0.0
S4,late7,0.9736542175693765,exp,14.0,1.0,14.0,0.0
S4,interleaved_offset1,0.69490612757822,exp,14.0,1.0,14.0,0.03
S4,interleaved_offset2,0.6904620041387858,exp,14.0,1.0,14.0,0.03
S4,late7,0.8132819012901279,exp,14.0,1.0,14.0,0.03
S4,interleaved_offset1,0.6854915060853354,exp,14.0,1.0,14.0,0.07
S4,interleaved_offset2,0.6753799395996797,exp,14.0,1.0,14.0,0.07
S4,late7,0.7852975658551691,exp,14.0,1.0,14.0,0.07
S4,interleaved_offset1,0.6781338348776464,exp,14.0,1.0,14.0,0.12
S4,interleaved_offset2,0.6644785092142695,exp,14.0,1.0,14.0,0.12
S4,late7,0.7627619659830818,exp,14.0,1.0,14.0,0.12
S4,interleaved_offset1,0.6773225311355948,exp,14.0,1.0,21.0,0.0
S4,interleaved_offset2,0.7185730194052935,exp,14.0,1.0,21.0,0.0
S4,late7,0.7492941894222849,exp,14.0,1.0,21.0,0.0
S4,interleaved_offset1,0.6746858767221482,exp,14.0,1.0,21.0,0.03
S4,interleaved_offset2,0.6727449558822638,exp,14.0,1.0,21.0,0.03
S4,late7,0.7407896212343269,exp,14.0,1.0,21.0,0.03
S4,interleaved_offset1,0.6714929961767525,exp,14.0,1.0,21.0,0.07
S4,interleaved_offset2,0.6637697720566219,exp,14.0,1.0,21.0,0.07
S4,late7,0.7304512608888972,exp,14.0,1.0,21.0,0.07
S4,interleaved_offset1,0.6679642376789143,exp,14.0,1.0,21.0,0.12
S4,interleaved_offset2,0.6566669476495492,exp,14.0,1.0,21.0,0.12
S4,late7,0.7188972446484649,exp,14.0,1.0,21.0,0.12
S4,interleaved_offset1,0.6750141647662826,exp,14.0,1.0,35.0,0.0
S4,interleaved_offset2,0.6595535283910616,exp,14.0,1.0,35.0,0.0
S4,late7,0.7195778047418441,exp,14.0,1.0,35.0,0.0
S4,interleaved_offset1,0.6728184024407408,exp,14.0,1.0,35.0,0.03
S4,interleaved_offset2,0.6567181756127898,exp,14.0,1.0,35.0,0.03
S4,late7,0.7144329739627442,exp,14.0,1.0,35.0,0.03
S4,interleaved_offset1,0.6701576147739144,exp,14.0,1.0,35.0,0.07
S4,interleaved_offset2,0.6532840894576901,exp,14.0,1.0,35.0,0.07
S4,late7,0.7079683134104909,exp,14.0,1.0,35.0,0.07
S4,interleaved_offset1,0.6672122056553037,exp,14.0,1.0,35.0,0.12
S4,interleaved_offset2,0.6494532287450838,exp,14.0,1.0,35.0,0.12
S4,late7,0.7004713038215192,exp,14.0,1.0,35.0,0.12
S4,interleaved_offset1,0.6693880760153591,exp,14.0,1.0,56.0,0.0
S4,interleaved_offset2,0.6499345682938736,exp,14.0,1.0,56.0,0.0
S4,late7,0.6904848616417877,exp,14.0,1.0,56.0,0.0
S4,interleaved_offset1,0.6677209079002189,exp,14.0,1.0,56.0,0.03
S4,interleaved_offset2,0.6479355834245855,exp,14.0,1.0,56.0,0.03
S4,late7,0.6872266447850898,exp,14.0,1.0,56.0,0.03
S4,interleaved_offset1,0.6656926033562035,exp,14.0,1.0,56.0,0.07
S4,interleaved_offset2,0.6454695744940668,exp,14.0,1.0,56.0,0.07
S4,late7,0.6830967858973057,exp,14.0,1.0,56.0,0.07
S4,interleaved_offset1,0.6634402329764947,exp,14.0,1.0,56.0,0.12
S4,interleaved_offset2,0.6426710145057806,exp,14.0,1.0,56.0,0.12
S4,late7,0.6782609368439402,exp,14.0,1.0,56.0,0.12
S4,interleaved_offset1,0.6685269611896992,exp,14.0,1.0,,0.0
S4,interleaved_offset2,0.6496390192300369,exp,14.0,1.0,,0.0
S4,late7,0.6889634343470927,exp,14.0,1.0,,0.0
S4,interleaved_offset1,0.666970498790392,exp,14.0,1.0,,0.03
S4,interleaved_offset2,0.6476744670013709,exp,14.0,1.0,,0.03
S4,late7,0.6858862171364899,exp,14.0,1.0,,0.03
S4,interleaved_offset1,0.6650691903288517,exp,14.0,1.0,,0.07
S4,interleaved_offset2,0.6452500951334355,exp,14.0,1.0,,0.07
S4,late7,0.6819781479219232,exp,14.0,1.0,,0.07
S4,interleaved_offset1,0.6629492065738776,exp,14.0,1.0,,0.12
S4,interleaved_offset2,0.6424974166350123,exp,14.0,1.0,,0.12
S4,late7,0.6773905920513174,exp,14.0,1.0,,0.12
S4,interleaved_offset1,0.7473627775421203,exp,21.0,1.0,14.0,0.0
S4,interleaved_offset2,0.7789320006317872,exp,21.0,1.0,14.0,0.0
S4,late7,0.9653750431709729,exp,21.0,1.0,14.0,0.0
S4,interleaved_offset1,0.6926416407298885,exp,21.0,1.0,14.0,0.03
S4,interleaved_offset2,0.6896492047122388,exp,21.0,1.0,14.0,0.03
S4,late7,0.8055990220674185,exp,21.0,1.0,14.0,0.03
S4,interleaved_offset1,0.6834646400999648,exp,21.0,1.0,14.0,0.07
S4,interleaved_offset2,0.6746683412040524,exp,21.0,1.0,14.0,0.07
S4,late7,0.7783149618033179,exp,21.0,1.0,14.0,0.07
S4,interleaved_offset1,0.6763727555243078,exp,21.0,1.0,14.0,0.12
S4,interleaved_offset2,0.6638857978817082,exp,21.0,1.0,14.0,0.12
S4,late7,0.7565362495480895,exp,21.0,1.0,14.0,0.12
S4,interleaved_offset1,0.6769249918212873,exp,21.0,1.0,21.0,0.0
S4,interleaved_offset2,0.7170226708851563,exp,21.0,1.0,21.0,0.0
S4,late7,0.7395375634805496,exp,21.0,1.0,21.0,0.0
S4,interleaved_offset1,0.6744228029925441,exp,21.0,1.0,21.0,0.03
S4,interleaved_offset2,0.6714332457720066,exp,21.0,1.0,21.0,0.03
S4,late7,0.7317920537493526,exp,21.0,1.0,21.0,0.03
S4,interleaved_offset1,0.6713850445367487,exp,21.0,1.0,21.0,0.07
S4,interleaved_offset2,0.6627417438193338,exp,21.0,1.0,21.0,0.07
S4,late7,0.72233557855843,exp,21.0,1.0,21.0,0.07
S4,interleaved_offset1,0.6680175787145561,exp,21.0,1.0,21.0,0.12
S4,interleaved_offset2,0.6559452601274512,exp,21.0,1.0,21.0,0.12
S4,late7,0.7117213290399802,exp,21.0,1.0,21.0,0.12
S4,interleaved_offset1,0.6744646325693564,exp,21.0,1.0,35.0,0.0
S4,interleaved_offset2,0.6540990851637736,exp,21.0,1.0,35.0,0.0
S4,late7,0.6946647093273405,exp,21.0,1.0,35.0,0.0
S4,interleaved_offset1,0.6724915460924624,exp,21.0,1.0,35.0,0.03
S4,interleaved_offset2,0.6520467023542856,exp,21.0,1.0,35.0,0.03
S4,late7,0.6911345861913862,exp,21.0,1.0,35.0,0.03
S4,interleaved_offset1,0.6700912618821314,exp,21.0,1.0,35.0,0.07
S4,interleaved_offset2,0.649489902530874,exp,21.0,1.0,35.0,0.07
S4,late7,0.6866607729474502,exp,21.0,1.0,35.0,0.07
S4,interleaved_offset1,0.6674219816996771,exp,21.0,1.0,35.0,0.12
S4,interleaved_offset2,0.6465552100300623,exp,21.0,1.0,35.0,0.12
S4,late7,0.6814230069586518,exp,21.0,1.0,35.0,0.12
S4,interleaved_offset1,0.6626667604966421,exp,21.0,1.0,56.0,0.0
S4,interleaved_offset2,0.6388959815611414,exp,21.0,1.0,56.0,0.0
S4,late7,0.6559343322578095,exp,21.0,1.0,56.0,0.0
S4,interleaved_offset1,0.6616959995925643,exp,21.0,1.0,56.0,0.03
S4,interleaved_offset2,0.6378685462347184,exp,21.0,1.0,56.0,0.03
S4,late7,0.654545478993281,exp,21.0,1.0,56.0,0.03
S4,interleaved_offset1,0.6605132010690932,exp,21.0,1.0,56.0,0.07
S4,interleaved_offset2,0.6365749617191299,exp,21.0,1.0,56.0,0.07
S4,late7,0.6527851160815672,exp,21.0,1.0,56.0,0.07
S4,interleaved_offset1,0.6592008611588712,exp,21.0,1.0,56.0,0.12
S4,interleaved_offset2,0.6350748261864348,exp,21.0,1.0,56.0,0.12
S4,late7,0.6507279667232299,exp,21.0,1.0,56.0,0.12
S4,interleaved_offset1,0.6610997623999807,exp,21.0,1.0,,0.0
S4,interleaved_offset2,0.6384024748558275,exp,21.0,1.0,,0.0
S4,late7,0.6560255501106941,exp,21.0,1.0,,0.0
S4,interleaved_offset1,0.6603333263924703,exp,21.0,1.0,,0.03
S4,interleaved_offset2,0.6374447656619878,exp,21.0,1.0,,0.03
S4,late7,0.6548344301174485,exp,21.0,1.0,,0.03
S4,interleaved_offset1,0.6593921432620843,exp,21.0,1.0,,0.07
S4,interleaved_offset2,0.6362358955444994,exp,21.0,1.0,,0.07
S4,late7,0.6533144386167002,exp,21.0,1.0,,0.07
S4,interleaved_offset1,0.6583395849541351,exp,21.0,1.0,,0.12
S4,interleaved_offset2,0.6348295575476178,exp,21.0,1.0,,0.12
S4,late7,0.6515218735323718,exp,21.0,1.0,,0.12
S4,interleaved_offset1,0.746314818853375,exp,28.0,1.0,14.0,0.0
S4,interleaved_offset2,0.7785623062152838,exp,28.0,1.0,14.0,0.0
S4,late7,0.9616784428709859,exp,28.0,1.0,14.0,0.0
S4,interleaved_offset1,0.6916694913221755,exp,28.0,1.0,14.0,0.03
S4,interleaved_offset2,0.6893094017322949,exp,28.0,1.0,14.0,0.03
S4,late7,0.8021485244237311,exp,28.0,1.0,14.0,0.03
S4,interleaved_offset1,0.6825861488715851,exp,28.0,1.0,14.0,0.07
S4,interleaved_offset2,0.6743676619863634,exp,28.0,1.0,14.0,0.07
S4,late7,0.7751582831700184,exp,28.0,1.0,14.0,0.07
S4,interleaved_offset1,0.675600648412324,exp,28.0,1.0,14.0,0.12
S4,interleaved_offset2,0.6636319613368316,exp,28.0,1.0,14.0,0.12
S4,late7,0.7537024712650146,exp,28.0,1.0,14.0,0.12
S4,interleaved_offset1,0.6775247849909352,exp,28.0,1.0,21.0,0.0
S4,interleaved_offset2,0.7166555587321889,exp,28.0,1.0,21.0,0.0
S4,late7,0.735009342423036,exp,28.0,1.0,21.0,0.0
S4,interleaved_offset1,0.675031728872752,exp,28.0,1.0,21.0,0.03
S4,interleaved_offset2,0.6711489524487054,exp,28.0,1.0,21.0,0.03
S4,late7,0.7276069339558652,exp,28.0,1.0,21.0,0.03
S4,interleaved_offset1,0.6720023008473297,exp,28.0,1.0,21.0,0.07
S4,interleaved_offset2,0.6625565796519505,exp,28.0,1.0,21.0,0.07
S4,late7,0.7185511687566294,exp,28.0,1.0,21.0,0.07
S4,interleaved_offset1,0.6686394400039233,exp,28.0,1.0,21.0,0.12
S4,interleaved_offset2,0.655867566362606,exp,28.0,1.0,21.0,0.12
S4,late7,0.7083660689247941,exp,28.0,1.0,21.0,0.12
S4,interleaved_offset1,0.6749459854450655,exp,28.0,1.0,35.0,0.0
S4,interleaved_offset2,0.6521325304057731,exp,28.0,1.0,35.0,0.0
S4,late7,0.6818050888429581,exp,28.0,1.0,35.0,0.0
S4,interleaved_offset1,0.6730278477050023,exp,28.0,1.0,35.0,0.03
S4,interleaved_offset2,0.6503499350530352,exp,28.0,1.0,35.0,0.03
S4,late7,0.6789913081635531,exp,28.0,1.0,35.0,0.03
S4,interleaved_offset1,0.6706896617896048,exp,28.0,1.0,35.0,0.07
S4,interleaved_offset2,0.6481106286925312,exp,28.0,1.0,35.0,0.07
S4,late7,0.6754195477109759,exp,28.0,1.0,35.0,0.07
S4,interleaved_offset1,0.6680826960058027,exp,28.0,1.0,35.0,0.12
S4,interleaved_offset2,0.6455155065647358,exp,28.0,1.0,35.0,0.12
S4,late7,0.671231483927178,exp,28.0,1.0,35.0,0.12
S4,interleaved_offset1,0.6589092042396403,exp,28.0,1.0,56.0,0.0
S4,interleaved_offset2,0.633590305849944,exp,28.0,1.0,56.0,0.0
S4,late7,0.6401839256952012,exp,28.0,1.0,56.0,0.0
S4,interleaved_offset1,0.6582941957853788,exp,28.0,1.0,56.0,0.03
S4,interleaved_offset2,0.6329472127761329,exp,28.0,1.0,56.0,0.03
S4,late7,0.6395374931867726,exp,28.0,1.0,56.0,0.03
S4,interleaved_offset1,0.6575494773857287,exp,28.0,1.0,56.0,0.07
S4,interleaved_offset2,0.6321348595586137,exp,28.0,1.0,56.0,0.07
S4,late7,0.6387336907265384,exp,28.0,1.0,56.0,0.07
S4,interleaved_offset1,0.6567320542693745,exp,28.0,1.0,56.0,0.12
S4,interleaved_offset2,0.6311896110756844,exp,28.0,1.0,56.0,0.12
S4,late7,0.6378209420590574,exp,28.0,1.0,56.0,0.12
S4,interleaved_offset1,0.65743953150323,exp,28.0,1.0,,0.0
S4,interleaved_offset2,0.6332096064657138,exp,28.0,1.0,,0.0
S4,late7,0.6433998238117897,exp,28.0,1.0,,0.0
S4,interleaved_offset1,0.6570491959283409,exp,28.0,1.0,,0.03
S4,interleaved_offset2,0.632646943241751,exp,28.0,1.0,,0.03
S4,late7,0.6428822513733814,exp,28.0,1.0,,0.03
S4,interleaved_offset1,0.6565732996128391,exp,28.0,1.0,,0.07
S4,interleaved_offset2,0.631932464707475,exp,28.0,1.0,,0.07
S4,late7,0.6422265404130887,exp,28.0,1.0,,0.07
S4,interleaved_offset1,0.6560481677683153,exp,28.0,1.0,,0.12
S4,interleaved_offset2,0.6310955260399275,exp,28.0,1.0,,0.12
S4,late7,0.6414617230615944,exp,28.0,1.0,,0.12
S4,interleaved_offset1,0.781197156790263,gaussian,5.0,1.0,14.0,0.0
S4,interleaved_offset2,0.7950392686789283,gaussian,5.0,1.0,14.0,0.0
S4,late7,1.1218783633736347,gaussian,5.0,1.0,14.0,0.0
S4,interleaved_offset1,0.7230651122978611,gaussian,5.0,1.0,14.0,0.03
S4,interleaved_offset2,0.7042094367863507,gaussian,5.0,1.0,14.0,0.03
S4,late7,0.9464767222038011,gaussian,5.0,1.0,14.0,0.03
S4,interleaved_offset1,0.7100591015935278,gaussian,5.0,1.0,14.0,0.07
S4,interleaved_offset2,0.6873589368785898,gaussian,5.0,1.0,14.0,0.07
S4,late7,0.9026957557540467,gaussian,5.0,1.0,14.0,0.07
S4,interleaved_offset1,0.6990008949086433,gaussian,5.0,1.0,14.0,0.12
S4,interleaved_offset2,0.6745087045896154,gaussian,5.0,1.0,14.0,0.12
S4,late7,0.8645815469694507,gaussian,5.0,1.0,14.0,0.12
S4,interleaved_offset1,0.7319415507965027,gaussian,5.0,1.0,21.0,0.0
S4,interleaved_offset2,0.7741299154473208,gaussian,5.0,1.0,21.0,0.0
S4,late7,0.9353232900029248,gaussian,5.0,1.0,21.0,0.0
S4,interleaved_offset1,0.7189650026874569,gaussian,5.0,1.0,21.0,0.03
S4,interleaved_offset2,0.7038551556305178,gaussian,5.0,1.0,21.0,0.03
S4,late7,0.9064143011230441,gaussian,5.0,1.0,21.0,0.03
S4,interleaved_offset1,0.7079073864586503,gaussian,5.0,1.0,21.0,0.07
S4,interleaved_offset2,0.6872163645017253,gaussian,5.0,1.0,21.0,0.07
S4,late7,0.8751448002887264,gaussian,5.0,1.0,21.0,0.07
S4,interleaved_offset1,0.6976230480523931,gaussian,5.0,1.0,21.0,0.12
S4,interleaved_offset2,0.6744556886775941,gaussian,5.0,1.0,21.0,0.12
S4,late7,0.8434463263133367,gaussian,5.0,1.0,21.0,0.12
S4,interleaved_offset1,0.7319384007735631,gaussian,5.0,1.0,35.0,0.0
S4,interleaved_offset2,0.7741276697453523,gaussian,5.0,1.0,35.0,0.0
S4,late7,0.9353216859569177,gaussian,5.0,1.0,35.0,0.0
S4,interleaved_offset1,0.7189624025520144,gaussian,5.0,1.0,35.0,0.03
S4,interleaved_offset2,0.7038532520004865,gaussian,5.0,1.0,35.0,0.03
S4,late7,0.9064117803012316,gaussian,5.0,1.0,35.0,0.03
S4,interleaved_offset1,0.707905319070529,gaussian,5.0,1.0,35.0,0.07
S4,interleaved_offset2,0.6872147460041131,gaussian,5.0,1.0,35.0,0.07
S4,late7,0.8751415008447719,gaussian,5.0,1.0,35.0,0.07
S4,interleaved_offset1,0.6976214525223563,gaussian,5.0,1.0,35.0,0.12
S4,interleaved_offset2,0.674454369336373,gaussian,5.0,1.0,35.0,0.12
S4,late7,0.8434425622900326,gaussian,5.0,1.0,35.0,0.12
S4,interleaved_offset1,0.7319384007735631,gaussian,5.0,1.0,56.0,0.0
S4,interleaved_offset2,0.7741276697453523,gaussian,5.0,1.0,56.0,0.0
S4,late7,0.9353216859569173,gaussian,5.0,1.0,56.0,0.0
S4,interleaved_offset1,0.7189624025520145,gaussian,5.0,1.0,56.0,0.03
S4,interleaved_offset2,0.7038532520004864,gaussian,5.0,1.0,56.0,0.03
S4,late7,0.9064117803012316,gaussian,5.0,1.0,56.0,0.03
S4,interleaved_offset1,0.707905319070529,gaussian,5.0,1.0,56.0,0.07
S4,interleaved_offset2,0.6872147460041131,gaussian,5.0,1.0,56.0,0.07
S4,late7,0.8751415008447719,gaussian,5.0,1.0,56.0,0.07
S4,interleaved_offset1,0.6976214525223564,gaussian,5.0,1.0,56.0,0.12
S4,interleaved_offset2,0.674454369336373,gaussian,5.0,1.0,56.0,0.12
S4,late7,0.8434425622900326,gaussian,5.0,1.0,56.0,0.12
S4,interleaved_offset1,0.7319384007735631,gaussian,5.0,1.0,,0.0
S4,interleaved_offset2,0.7741276697453523,gaussian,5.0,1.0,,0.0
S4,late7,0.9353216859569173,gaussian,5.0,1.0,,0.0
S4,interleaved_offset1,0.7189624025520145,gaussian,5.0,1.0,,0.03
S4,interleaved_offset2,0.7038532520004865,gaussian,5.0,1.0,,0.03
S4,late7,0.9064117803012316,gaussian,5.0,1.0,,0.03
S4,interleaved_offset1,0.707905319070529,gaussian,5.0,1.0,,0.07
S4,interleaved_offset2,0.6872147460041131,gaussian,5.0,1.0,,0.07
S4,late7,0.8751415008447719,gaussian,5.0,1.0,,0.07
S4,interleaved_offset1,0.6976214525223563,gaussian,5.0,1.0,,0.12
S4,interleaved_offset2,0.674454369336373,gaussian,5.0,1.0,,0.12
S4,late7,0.8434425622900326,gaussian,5.0,1.0,,0.12
S4,interleaved_offset1,0.7619160403740314,gaussian,7.0,1.0,14.0,0.0
S4,interleaved_offset2,0.78686233353921,gaussian,7.0,1.0,14.0,0.0
S4,late7,1.013064696364257,gaussian,7.0,1.0,14.0,0.0
S4,interleaved_offset1,0.7061798878222466,gaussian,7.0,1.0,14.0,0.03
S4,interleaved_offset2,0.6970236321451335,gaussian,7.0,1.0,14.0,0.03
S4,late7,0.8496061649451658,gaussian,7.0,1.0,14.0,0.03
S4,interleaved_offset1,0.695769850869653,gaussian,7.0,1.0,14.0,0.07
S4,interleaved_offset2,0.6813442400827767,gaussian,7.0,1.0,14.0,0.07
S4,late7,0.8181280202644431,gaussian,7.0,1.0,14.0,0.07
S4,interleaved_offset1,0.6872981871388333,gaussian,7.0,1.0,14.0,0.12
S4,interleaved_offset2,0.6697544579282931,gaussian,7.0,1.0,14.0,0.12
S4,late7,0.7919375419502208,gaussian,7.0,1.0,14.0,0.12
S4,interleaved_offset1,0.6960798276434055,gaussian,7.0,1.0,21.0,0.0
S4,interleaved_offset2,0.740622069072047,gaussian,7.0,1.0,21.0,0.0
S4,late7,0.8004071233193186,gaussian,7.0,1.0,21.0,0.0
S4,interleaved_offset1,0.6914525537336531,gaussian,7.0,1.0,21.0,0.03
S4,interleaved_offset2,0.6902714590142288,gaussian,7.0,1.0,21.0,0.03
S4,late7,0.787842743308009,gaussian,7.0,1.0,21.0,0.03
S4,interleaved_offset1,0.6860829041247178,gaussian,7.0,1.0,21.0,0.07
S4,interleaved_offset2,0.6775900968502961,gaussian,7.0,1.0,21.0,0.07
S4,late7,0.7728837811680813,gaussian,7.0,1.0,21.0,0.07
S4,interleaved_offset1,0.6803420413165546,gaussian,7.0,1.0,21.0,0.12
S4,interleaved_offset2,0.6673631157303777,gaussian,7.0,1.0,21.0,0.12
S4,late7,0.7564912324329206,gaussian,7.0,1.0,21.0,0.12
S4,interleaved_offset1,0.6959738503437466,gaussian,7.0,1.0,35.0,0.0
S4,interleaved_offset2,0.7381725425168036,gaussian,7.0,1.0,35.0,0.0
S4,late7,0.800976962402776,gaussian,7.0,1.0,35.0,0.0
S4,interleaved_offset1,0.6913589151817239,gaussian,7.0,1.0,35.0,0.03
S4,interleaved_offset2,0.6901677534205167,gaussian,7.0,1.0,35.0,0.03
S4,late7,0.788390513396039,gaussian,7.0,1.0,35.0,0.03
S4,interleaved_offset1,0.6860045377123909,gaussian,7.0,1.0,35.0,0.07
S4,interleaved_offset2,0.6775144851952584,gaussian,7.0,1.0,35.0,0.07
S4,late7,0.7734033183492838,gaussian,7.0,1.0,35.0,0.07
S4,interleaved_offset1,0.6802804641337309,gaussian,7.0,1.0,35.0,0.12
S4,interleaved_offset2,0.6673072328672417,gaussian,7.0,1.0,35.0,0.12
S4,late7,0.7569773306224356,gaussian,7.0,1.0,35.0,0.12
S4,interleaved_offset1,0.6959738345594412,gaussian,7.0,1.0,56.0,0.0
S4,interleaved_offset2,0.7381723803135835,gaussian,7.0,1.0,56.0,0.0
S4,late7,0.8009764828276921,gaussian,7.0,1.0,56.0,0.0
S4,interleaved_offset1,0.6913589016112153,gaussian,7.0,1.0,56.0,0.03
S4,interleaved_offset2,0.690167652769028,gaussian,7.0,1.0,56.0,0.03
S4,late7,0.7883900856808737,gaussian,7.0,1.0,56.0,0.03
S4,interleaved_offset1,0.6860045269658328,gaussian,7.0,1.0,56.0,0.07
S4,interleaved_offset2,0.6775144167107714,gaussian,7.0,1.0,56.0,0.07
S4,late7,0.7734029456941943,gaussian,7.0,1.0,56.0,0.07
S4,interleaved_offset1,0.6802804565078677,gaussian,7.0,1.0,56.0,0.12
S4,interleaved_offset2,0.6673071832565296,gaussian,7.0,1.0,56.0,0.12
S4,late7,0.7569770116323311,gaussian,7.0,1.0,56.0,0.12
S4,interleaved_offset1,0.6959738345594412,gaussian,7.0,1.0,,0.0
S4,interleaved_offset2,0.7381723803135835,gaussian,7.0,1.0,,0.0
S4,late7,0.8009764828276921,gaussian,7.0,1.0,,0.0
S4,interleaved_offset1,0.6913589016112153,gaussian,7.0,1.0,,0.03
S4,interleaved_offset2,0.690167652769028,gaussian,7.0,1.0,,0.03
S4,late7,0.7883900856808737,gaussian,7.0,1.0,,0.03
S4,interleaved_offset1,0.6860045269658328,gaussian,7.0,1.0,,0.07
S4,interleaved_offset2,0.6775144167107714,gaussian,7.0,1.0,,0.07
S4,late7,0.7734029456941943,gaussian,7.0,1.0,,0.07
S4,interleaved_offset1,0.6802804565078677,gaussian,7.0,1.0,,0.12
S4,interleaved_offset2,0.6673071832565296,gaussian,7.0,1.0,,0.12
S4,late7,0.756977011632331,gaussian,7.0,1.0,,0.12
S4,interleaved_offset1,0.7519564348812761,gaussian,10.0,1.0,14.0,0.0
S4,interleaved_offset2,0.7821537466055412,gaussian,10.0,1.0,14.0,0.0
S4,late7,0.9747201755417721,gaussian,10.0,1.0,14.0,0.0
S4,interleaved_offset1,0.6970167883191741,gaussian,10.0,1.0,14.0,0.03
S4,interleaved_offset2,0.6927011430647902,gaussian,10.0,1.0,14.0,0.03
S4,late7,0.8143834540475745,gaussian,10.0,1.0,14.0,0.03
S4,interleaved_offset1,0.6875612645659936,gaussian,10.0,1.0,14.0,0.07
S4,interleaved_offset2,0.6775031977688943,gaussian,10.0,1.0,14.0,0.07
S4,late7,0.7864365286675394,gaussian,10.0,1.0,14.0,0.07
S4,interleaved_offset1,0.6801401777083245,gaussian,10.0,1.0,14.0,0.12
S4,interleaved_offset2,0.6664645425562787,gaussian,10.0,1.0,14.0,0.12
S4,late7,0.7639318625797668,gaussian,10.0,1.0,14.0,0.12
S4,interleaved_offset1,0.6794244317501043,gaussian,10.0,1.0,21.0,0.0
S4,interleaved_offset2,0.7234210250523082,gaussian,10.0,1.0,21.0,0.0
S4,late7,0.7534255395344382,gaussian,10.0,1.0,21.0,0.0
S4,interleaved_offset1,0.6766313462191624,gaussian,10.0,1.0,21.0,0.03
S4,interleaved_offset2,0.6769943106754871,gaussian,10.0,1.0,21.0,0.03
S4,late7,0.7447179689443987,gaussian,10.0,1.0,21.0,0.03
S4,interleaved_offset1,0.6732495860016131,gaussian,10.0,1.0,21.0,0.07
S4,interleaved_offset2,0.6673489176324574,gaussian,10.0,1.0,21.0,0.07
S4,late7,0.734141002040925,gaussian,10.0,1.0,21.0,0.07
S4,interleaved_offset1,0.6695106238678493,gaussian,10.0,1.0,21.0,0.12
S4,interleaved_offset2,0.6595629447131124,gaussian,10.0,1.0,21.0,0.12
S4,late7,0.7223281202484064,gaussian,10.0,1.0,21.0,0.12
S4,interleaved_offset1,0.6791915727296313,gaussian,10.0,1.0,35.0,0.0
S4,interleaved_offset2,0.6859070800466114,gaussian,10.0,1.0,35.0,0.0
S4,late7,0.7546321831731838,gaussian,10.0,1.0,35.0,0.0
S4,interleaved_offset1,0.6764816413888309,gaussian,10.0,1.0,35.0,0.03
S4,interleaved_offset2,0.6741623334921593,gaussian,10.0,1.0,35.0,0.03
S4,late7,0.7461640223645988,gaussian,10.0,1.0,35.0,0.03
S4,interleaved_offset1,0.6731998757389319,gaussian,10.0,1.0,35.0,0.07
S4,interleaved_offset2,0.665968000673696,gaussian,10.0,1.0,35.0,0.07
S4,late7,0.7358311046388609,gaussian,10.0,1.0,35.0,0.07
S4,interleaved_offset1,0.6695694447089757,gaussian,10.0,1.0,35.0,0.12
S4,interleaved_offset2,0.658784978881764,gaussian,10.0,1.0,35.0,0.12
S4,late7,0.724229997731698,gaussian,10.0,1.0,35.0,0.12
S4,interleaved_offset1,0.6791806268862745,gaussian,10.0,1.0,56.0,0.0
S4,interleaved_offset2,0.6858305646942479,gaussian,10.0,1.0,56.0,0.0
S4,late7,0.7543354040319498,gaussian,10.0,1.0,56.0,0.0
S4,interleaved_offset1,0.6764726621886407,gaussian,10.0,1.0,56.0,0.03
S4,interleaved_offset2,0.6740954149809579,gaussian,10.0,1.0,56.0,0.03
S4,late7,0.7458942053993003,gaussian,10.0,1.0,56.0,0.03
S4,interleaved_offset1,0.6731932141671136,gaussian,10.0,1.0,56.0,0.07
S4,interleaved_offset2,0.6659105253681038,gaussian,10.0,1.0,56.0,0.07
S4,late7,0.7355921022604255,gaussian,10.0,1.0,56.0,0.07
S4,interleaved_offset1,0.6695652515252403,gaussian,10.0,1.0,56.0,0.12
S4,interleaved_offset2,0.6587367356731391,gaussian,10.0,1.0,56.0,0.12
S4,late7,0.7240231814746728,gaussian,10.0,1.0,56.0,0.12
S4,interleaved_offset1,0.6791806263431828,gaussian,10.0,1.0,,0.0
S4,interleaved_offset2,0.6858305637620509,gaussian,10.0,1.0,,0.0
S4,late7,0.7543353924889578,gaussian,10.0,1.0,,0.0
S4,interleaved_offset1,0.6764726617338641,gaussian,10.0,1.0,,0.03
S4,interleaved_offset2,0.6740954140416653,gaussian,10.0,1.0,,0.03
S4,late7,0.7458941949694166,gaussian,10.0,1.0,,0.03
S4,interleaved_offset1,0.673193213816839,gaussian,10.0,1.0,,0.07
S4,interleaved_offset2,0.6659105245108772,gaussian,10.0,1.0,,0.07
S4,late7,0.735592093114224,gaussian,10.0,1.0,,0.07
S4,interleaved_offset1,0.6695652512866813,gaussian,10.0,1.0,,0.12
S4,interleaved_offset2,0.658736734920074,gaussian,10.0,1.0,,0.12
S4,late7,0.7240231736810124,gaussian,10.0,1.0,,0.12
S4,interleaved_offset1,0.7476979161637187,gaussian,14.0,1.0,14.0,0.0
S4,interleaved_offset2,0.7798906070067575,gaussian,14.0,1.0,14.0,0.0
S4,late7,0.9619405114589547,gaussian,14.0,1.0,14.0,0.0
S4,interleaved_offset1,0.6930198635551159,gaussian,14.0,1.0,14.0,0.03
S4,interleaved_offset2,0.6905840383020063,gaussian,14.0,1.0,14.0,0.03
S4,late7,0.8024569601729036,gaussian,14.0,1.0,14.0,0.03
S4,interleaved_offset1,0.683890363196643,gaussian,14.0,1.0,14.0,0.07
S4,interleaved_offset2,0.6755730988031592,gaussian,14.0,1.0,14.0,0.07
S4,late7,0.7755152451419492,gaussian,14.0,1.0,14.0,0.07
S4,interleaved_offset1,0.6768440922759599,gaussian,14.0,1.0,14.0,0.12
S4,interleaved_offset2,0.6647547437247135,gaussian,14.0,1.0,14.0,0.12
S4,late7,0.7541034671229646,gaussian,14.0,1.0,14.0,0.12
S4,interleaved_offset1,0.6766345483590589,gaussian,14.0,1.0,21.0,0.0
S4,interleaved_offset2,0.7178065198941831,gaussian,14.0,1.0,21.0,0.0
S4,late7,0.7368709614642178,gaussian,14.0,1.0,21.0,0.0
S4,interleaved_offset1,0.6741660003375637,gaussian,14.0,1.0,21.0,0.03
S4,interleaved_offset2,0.672121776787283,gaussian,14.0,1.0,21.0,0.03
S4,late7,0.7293631505427703,gaussian,14.0,1.0,21.0,0.03
S4,interleaved_offset1,0.6711661013246474,gaussian,14.0,1.0,21.0,0.07
S4,interleaved_offset2,0.6633188555445664,gaussian,14.0,1.0,21.0,0.07
S4,late7,0.7201865048426352,gaussian,14.0,1.0,21.0,0.07
S4,interleaved_offset1,0.6678373714979889,gaussian,14.0,1.0,21.0,0.12
S4,interleaved_offset2,0.6564044997552505,gaussian,14.0,1.0,21.0,0.12
S4,late7,0.7098748494499096,gaussian,14.0,1.0,21.0,0.12
S4,interleaved_offset1,0.6764330683811863,gaussian,14.0,1.0,35.0,0.0
S4,interleaved_offset2,0.6638322320648233,gaussian,14.0,1.0,35.0,0.0
S4,late7,0.7239200891404595,gaussian,14.0,1.0,35.0,0.0
S4,interleaved_offset1,0.6742093936445542,gaussian,14.0,1.0,35.0,0.03
S4,interleaved_offset2,0.6603444815394318,gaussian,14.0,1.0,35.0,0.03
S4,late7,0.7182097128588745,gaussian,14.0,1.0,35.0,0.03
S4,interleaved_offset1,0.6715000068681966,gaussian,14.0,1.0,35.0,0.07
S4,interleaved_offset2,0.6563157751641009,gaussian,14.0,1.0,35.0,0.07
S4,late7,0.7110893321343486,gaussian,14.0,1.0,35.0,0.07
S4,interleaved_offset1,0.6684824303834895,gaussian,14.0,1.0,35.0,0.12
S4,interleaved_offset2,0.6519830142269042,gaussian,14.0,1.0,35.0,0.12
S4,late7,0.7029043331200469,gaussian,14.0,1.0,35.0,0.12
S4,interleaved_offset1,0.6757835321822829,gaussian,14.0,1.0,56.0,0.0
S4,interleaved_offset2,0.6621847229568308,gaussian,14.0,1.0,56.0,0.0
S4,late7,0.717392258285821,gaussian,14.0,1.0,56.0,0.0
S4,interleaved_offset1,0.6736360190607797,gaussian,14.0,1.0,56.0,0.03
S4,interleaved_offset2,0.6588383356542651,gaussian,14.0,1.0,56.0,0.03
S4,late7,0.7121571925695073,gaussian,14.0,1.0,56.0,0.03
S4,interleaved_offset1,0.6710170772563682,gaussian,14.0,1.0,56.0,0.07
S4,interleaved_offset2,0.6549706613358882,gaussian,14.0,1.0,56.0,0.07
S4,late7,0.7056097951113139,gaussian,14.0,1.0,56.0,0.07
S4,interleaved_offset1,0.6680974196921489,gaussian,14.0,1.0,56.0,0.12
S4,interleaved_offset2,0.650809670325083,gaussian,14.0,1.0,56.0,0.12
S4,late7,0.698058884257542,gaussian,14.0,1.0,56.0,0.12
S4,interleaved_offset1,0.67578018894977,gaussian,14.0,1.0,,0.0
S4,interleaved_offset2,0.6621822295298684,gaussian,14.0,1.0,,0.0
S4,late7,0.7173686717344916,gaussian,14.0,1.0,,0.0
S4,interleaved_offset1,0.6736331319926631,gaussian,14.0,1.0,,0.03
S4,interleaved_offset2,0.6588360241135235,gaussian,14.0,1.0,,0.03
S4,late7,0.712135632716622,gaussian,14.0,1.0,,0.03
S4,interleaved_offset1,0.6710147198171708,gaussian,14.0,1.0,,0.07
S4,interleaved_offset2,0.6549685934248052,gaussian,14.0,1.0,,0.07
S4,late7,0.7055906861129745,gaussian,14.0,1.0,,0.07
S4,interleaved_offset1,0.6680956202880667,gaussian,14.0,1.0,,0.12
S4,interleaved_offset2,0.6508078902280019,gaussian,14.0,1.0,,0.12
S4,late7,0.6980424896823808,gaussian,14.0,1.0,,0.12
S4,interleaved_offset1,0.7455186069132564,gaussian,21.0,1.0,14.0,0.0
S4,interleaved_offset2,0.7786595196765262,gaussian,21.0,1.0,14.0,0.0
S4,late7,0.9561274251752824,gaussian,21.0,1.0,14.0,0.0
S4,interleaved_offset1,0.690949412515103,gaussian,21.0,1.0,14.0,0.03
S4,interleaved_offset2,0.6894189679962436,gaussian,21.0,1.0,14.0,0.03
S4,late7,0.7969673929685877,gaussian,21.0,1.0,14.0,0.03
S4,interleaved_offset1,0.6819599065288244,gaussian,21.0,1.0,14.0,0.07
S4,interleaved_offset2,0.6744950346296219,gaussian,21.0,1.0,14.0,0.07
S4,late7,0.7704225114253839,gaussian,21.0,1.0,14.0,0.07
S4,interleaved_offset1,0.6750800649423563,gaussian,21.0,1.0,14.0,0.12
S4,interleaved_offset2,0.6637819673302553,gaussian,21.0,1.0,14.0,0.12
S4,late7,0.749459517229896,gaussian,21.0,1.0,14.0,0.12
S4,interleaved_offset1,0.6786166806980033,gaussian,21.0,1.0,21.0,0.0
S4,interleaved_offset2,0.7166404938493937,gaussian,21.0,1.0,21.0,0.0
S4,late7,0.7286337211739864,gaussian,21.0,1.0,21.0,0.0
S4,interleaved_offset1,0.6761007602440569,gaussian,21.0,1.0,21.0,0.03
S4,interleaved_offset2,0.6711778155705104,gaussian,21.0,1.0,21.0,0.03
S4,late7,0.7217138436451003,gaussian,21.0,1.0,21.0,0.03
S4,interleaved_offset1,0.6730412392643559,gaussian,21.0,1.0,21.0,0.07
S4,interleaved_offset2,0.6626387599951427,gaussian,21.0,1.0,21.0,0.07
S4,late7,0.7132257725539682,gaussian,21.0,1.0,21.0,0.07
S4,interleaved_offset1,0.6696403299194182,gaussian,21.0,1.0,21.0,0.12
S4,interleaved_offset2,0.6560082188566273,gaussian,21.0,1.0,21.0,0.12
S4,late7,0.7036535495095794,gaussian,21.0,1.0,21.0,0.12
S4,interleaved_offset1,0.6773693214649475,gaussian,21.0,1.0,35.0,0.0
S4,interleaved_offset2,0.6538149879735398,gaussian,21.0,1.0,35.0,0.0
S4,late7,0.6853410000531261,gaussian,21.0,1.0,35.0,0.0
S4,interleaved_offset1,0.6753399147920301,gaussian,21.0,1.0,35.0,0.03
S4,interleaved_offset2,0.6519544890263782,gaussian,21.0,1.0,35.0,0.03
S4,late7,0.682278593237678,gaussian,21.0,1.0,35.0,0.03
S4,interleaved_offset1,0.6728564976923636,gaussian,21.0,1.0,35.0,0.07
S4,interleaved_offset2,0.6496183049557558,gaussian,21.0,1.0,35.0,0.07
S4,late7,0.6783977991065812,gaussian,21.0,1.0,35.0,0.07
S4,interleaved_offset1,0.6700743359166718,gaussian,21.0,1.0,35.0,0.12
S4,interleaved_offset2,0.6469111310919892,gaussian,21.0,1.0,35.0,0.12
S4,late7,0.6738562606236024,gaussian,21.0,1.0,35.0,0.12
S4,interleaved_offset1,0.6694300223649025,gaussian,21.0,1.0,56.0,0.0
S4,interleaved_offset2,0.644056974655689,gaussian,21.0,1.0,56.0,0.0
S4,late7,0.6584529179236565,gaussian,21.0,1.0,56.0,0.0
S4,interleaved_offset1,0.6681050243752723,gaussian,21.0,1.0,56.0,0.03
S4,interleaved_offset2,0.642822248135758,gaussian,21.0,1.0,56.0,0.03
S4,late7,0.6568281070853358,gaussian,21.0,1.0,56.0,0.03
S4,interleaved_offset1,0.6664765227471262,gaussian,21.0,1.0,56.0,0.07
S4,interleaved_offset2,0.6412642233457563,gaussian,21.0,1.0,56.0,0.07
S4,late7,0.6547726549782705,gaussian,21.0,1.0,56.0,0.07
S4,interleaved_offset1,0.6646449991199769,gaussian,21.0,1.0,56.0,0.12
S4,interleaved_offset2,0.6394497517655989,gaussian,21.0,1.0,56.0,0.12
S4,late7,0.6523764273562258,gaussian,21.0,1.0,56.0,0.12
S4,interleaved_offset1,0.6691087333338039,gaussian,21.0,1.0,,0.0
S4,interleaved_offset2,0.6438938571004058,gaussian,21.0,1.0,,0.0
S4,late7,0.657937747787597,gaussian,21.0,1.0,,0.0
S4,interleaved_offset1,0.6678273735226037,gaussian,21.0,1.0,,0.03
S4,interleaved_offset2,0.6426760449330852,gaussian,21.0,1.0,,0.03
S4,late7,0.6563741189798145,gaussian,21.0,1.0,,0.03
S4,interleaved_offset1,0.6662499817512421,gaussian,21.0,1.0,,0.07
S4,interleaved_offset2,0.6411386591852657,gaussian,21.0,1.0,,0.07
S4,late7,0.6543945032352853,gaussian,21.0,1.0,,0.07
S4,interleaved_offset1,0.664472827705998,gaussian,21.0,1.0,,0.12
S4,interleaved_offset2,0.6393472334760512,gaussian,21.0,1.0,,0.12
S4,late7,0.6520843369909148,gaussian,21.0,1.0,,0.12
S4,interleaved_offset1,0.7448247230307804,gaussian,28.0,1.0,14.0,0.0
S4,interleaved_offset2,0.7782571886959774,gaussian,28.0,1.0,14.0,0.0
S4,late7,0.9543683515051284,gaussian,28.0,1.0,14.0,0.0
S4,interleaved_offset1,0.6902849743918184,gaussian,28.0,1.0,14.0,0.03
S4,interleaved_offset2,0.6890352418374811,gaussian,28.0,1.0,14.0,0.03
S4,late7,0.7952922412090728,gaussian,28.0,1.0,14.0,0.03
S4,interleaved_offset1,0.6813344383316929,gaussian,28.0,1.0,14.0,0.07
S4,interleaved_offset2,0.6741365625622718,gaussian,28.0,1.0,14.0,0.07
S4,late7,0.768854588595913,gaussian,28.0,1.0,14.0,0.07
S4,interleaved_offset1,0.6745022661755926,gaussian,28.0,1.0,14.0,0.12
S4,interleaved_offset2,0.6634548364384358,gaussian,28.0,1.0,14.0,0.12
S4,late7,0.7480173252259485,gaussian,28.0,1.0,14.0,0.12
S4,interleaved_offset1,0.6802083606914314,gaussian,28.0,1.0,21.0,0.0
S4,interleaved_offset2,0.7167912535687149,gaussian,28.0,1.0,21.0,0.0
S4,late7,0.7259838185171955,gaussian,28.0,1.0,21.0,0.0
S4,interleaved_offset1,0.6776206594101349,gaussian,28.0,1.0,21.0,0.03
S4,interleaved_offset2,0.6713690401372395,gaussian,28.0,1.0,21.0,0.03
S4,late7,0.7192528009563901,gaussian,28.0,1.0,21.0,0.03
S4,interleaved_offset1,0.674473262482427,gaussian,28.0,1.0,21.0,0.07
S4,interleaved_offset2,0.6628769439266271,gaussian,28.0,1.0,21.0,0.07
S4,late7,0.7109859815148514,gaussian,28.0,1.0,21.0,0.07
S4,interleaved_offset1,0.6709718429067684,gaussian,28.0,1.0,21.0,0.12
S4,interleaved_offset2,0.6562948689816684,gaussian,28.0,1.0,21.0,0.12
S4,late7,0.7016511847290298,gaussian,28.0,1.0,21.0,0.12
S4,interleaved_offset1,0.6781487521955251,gaussian,28.0,1.0,35.0,0.0
S4,interleaved_offset2,0.6515663397278645,gaussian,28.0,1.0,35.0,0.0
S4,late7,0.6679474771332112,gaussian,28.0,1.0,35.0,0.0
S4,interleaved_offset1,0.676147764825947,gaussian,28.0,1.0,35.0,0.03
S4,interleaved_offset2,0.6499901082707439,gaussian,28.0,1.0,35.0,0.03
S4,late7,0.6657988288995553,gaussian,28.0,1.0,35.0,0.03
S4,interleaved_offset1,0.6736970350917133,gaussian,28.0,1.0,35.0,0.07
S4,interleaved_offset2,0.6479932367934135,gaussian,28.0,1.0,35.0,0.07
S4,late7,0.6630774084717564,gaussian,28.0,1.0,35.0,0.07
S4,interleaved_offset1,0.6709478279807191,gaussian,28.0,1.0,35.0,0.12
S4,interleaved_offset2,0.6456546191700595,gaussian,28.0,1.0,35.0,0.12
S4,late7,0.6598976017332446,gaussian,28.0,1.0,35.0,0.12
S4,interleaved_offset1,0.6618050922420619,gaussian,28.0,1.0,56.0,0.0
S4,interleaved_offset2,0.6346367609310262,gaussian,28.0,1.0,56.0,0.0
S4,late7,0.6322596656408312,gaussian,28.0,1.0,56.0,0.0
S4,interleaved_offset1,0.661135346909257,gaussian,28.0,1.0,56.0,0.03
S4,interleaved_offset2,0.634037648713246,gaussian,28.0,1.0,56.0,0.03
S4,late7,0.6318833012535257,gaussian,28.0,1.0,56.0,0.03
S4,interleaved_offset1,0.6603154157299523,gaussian,28.0,1.0,56.0,0.07
S4,interleaved_offset2,0.6332754715268745,gaussian,28.0,1.0,56.0,0.07
S4,late7,0.6314356143576594,gaussian,28.0,1.0,56.0,0.07
S4,interleaved_offset1,0.6594001182731376,gaussian,28.0,1.0,56.0,0.12
S4,interleaved_offset2,0.6323797179620428,gaussian,28.0,1.0,56.0,0.12
S4,late7,0.6309617761483398,gaussian,28.0,1.0,56.0,0.12
S4,interleaved_offset1,0.6609763323464968,gaussian,28.0,1.0,,0.0
S4,interleaved_offset2,0.6342861628400782,gaussian,28.0,1.0,,0.0
S4,late7,0.6334620950691756,gaussian,28.0,1.0,,0.0
S4,interleaved_offset1,0.6604422429650537,gaussian,28.0,1.0,,0.03
S4,interleaved_offset2,0.633738564303432,gaussian,28.0,1.0,,0.03
S4,late7,0.6331771409269951,gaussian,28.0,1.0,,0.03
S4,interleaved_offset1,0.659783258168301,gaussian,28.0,1.0,,0.07
S4,interleaved_offset2,0.6330393501946843,gaussian,28.0,1.0,,0.07
S4,late7,0.6328375093554626,gaussian,28.0,1.0,,0.07
S4,interleaved_offset1,0.6590411893390506,gaussian,28.0,1.0,,0.12
S4,interleaved_offset2,0.6322137904002125,gaussian,28.0,1.0,,0.12
S4,late7,0.6324771804150758,gaussian,28.0,1.0,,0.12
S4,interleaved_offset1,0.7536044073421678,inverse,14.0,0.75,14.0,0.0
S4,interleaved_offset2,0.7799211357912648,inverse,14.0,0.75,14.0,0.0
S4,late7,0.9876696072482186,inverse,14.0,0.75,14.0,0.0
S4,interleaved_offset1,0.6980268729854432,inverse,14.0,0.75,14.0,0.03
S4,interleaved_offset2,0.6903369442979211,inverse,14.0,0.75,14.0,0.03
S4,late7,0.8259716043264931,inverse,14.0,0.75,14.0,0.03
S4,interleaved_offset1,0.6878549842292434,inverse,14.0,0.75,14.0,0.07
S4,interleaved_offset2,0.6749863013959216,inverse,14.0,0.75,14.0,0.07
S4,late7,0.7964828372283032,inverse,14.0,0.75,14.0,0.07
S4,interleaved_offset1,0.6797117496876747,inverse,14.0,0.75,14.0,0.12
S4,interleaved_offset2,0.6637912586274116,inverse,14.0,0.75,14.0,0.12
S4,late7,0.7723836959602358,inverse,14.0,0.75,14.0,0.12
S4,interleaved_offset1,0.679460435007523,inverse,14.0,0.75,21.0,0.0
S4,interleaved_offset2,0.7183942085127571,inverse,14.0,0.75,21.0,0.0
S4,late7,0.7630578974901723,inverse,14.0,0.75,21.0,0.0
S4,interleaved_offset1,0.6763325482144324,inverse,14.0,0.75,21.0,0.03
S4,interleaved_offset2,0.6723950006370404,inverse,14.0,0.75,21.0,0.03
S4,late7,0.753237068632701,inverse,14.0,0.75,21.0,0.03
S4,interleaved_offset1,0.6725845330084688,inverse,14.0,0.75,21.0,0.07
S4,interleaved_offset2,0.6632147922243259,inverse,14.0,0.75,21.0,0.07
S4,late7,0.7414054485256429,inverse,14.0,0.75,21.0,0.07
S4,interleaved_offset1,0.6684886272868932,inverse,14.0,0.75,21.0,0.12
S4,interleaved_offset2,0.6558894466861382,inverse,14.0,0.75,21.0,0.12
S4,late7,0.7282995620788786,inverse,14.0,0.75,21.0,0.12
S4,interleaved_offset1,0.6736989837347871,inverse,14.0,0.75,35.0,0.0
S4,interleaved_offset2,0.6549425577813914,inverse,14.0,0.75,35.0,0.0
S4,late7,0.7064666793763101,inverse,14.0,0.75,35.0,0.0
S4,interleaved_offset1,0.6713692139048361,inverse,14.0,0.75,35.0,0.03
S4,interleaved_offset2,0.6524425062918406,inverse,14.0,0.75,35.0,0.03
S4,late7,0.7023380039967004,inverse,14.0,0.75,35.0,0.03
S4,interleaved_offset1,0.6685778001775378,inverse,14.0,0.75,35.0,0.07
S4,interleaved_offset2,0.6493691297547844,inverse,14.0,0.75,35.0,0.07
S4,late7,0.6971055311434806,inverse,14.0,0.75,35.0,0.07
S4,interleaved_offset1,0.6655273405198929,inverse,14.0,0.75,35.0,0.12
S4,interleaved_offset2,0.6458963498217679,inverse,14.0,0.75,35.0,0.12
S4,late7,0.6909773533208519,inverse,14.0,0.75,35.0,0.12
S4,interleaved_offset1,0.6578845813448342,inverse,14.0,0.75,56.0,0.0
S4,interleaved_offset2,0.6336838000602123,inverse,14.0,0.75,56.0,0.0
S4,late7,0.6516720831037323,inverse,14.0,0.75,56.0,0.0
S4,interleaved_offset1,0.6570090464195137,inverse,14.0,0.75,56.0,0.03
S4,interleaved_offset2,0.6327236195800342,inverse,14.0,0.75,56.0,0.03
S4,late7,0.6505897344369439,inverse,14.0,0.75,56.0,0.03
S4,interleaved_offset1,0.6559525774317323,inverse,14.0,0.75,56.0,0.07
S4,interleaved_offset2,0.6315248533617808,inverse,14.0,0.75,56.0,0.07
S4,late7,0.6492177947723174,inverse,14.0,0.75,56.0,0.07
S4,interleaved_offset1,0.654799440580316,inverse,14.0,0.75,56.0,0.12
S4,interleaved_offset2,0.630152889729853,inverse,14.0,0.75,56.0,0.12
S4,late7,0.6476148186346897,inverse,14.0,0.75,56.0,0.12
S4,interleaved_offset1,0.6554311081713237,inverse,14.0,0.75,,0.0
S4,interleaved_offset2,0.6333391405754643,inverse,14.0,0.75,,0.0
S4,late7,0.6596757260095409,inverse,14.0,0.75,,0.0
S4,interleaved_offset1,0.6549018203801139,inverse,14.0,0.75,,0.03
S4,interleaved_offset2,0.6324921872408252,inverse,14.0,0.75,,0.03
S4,late7,0.6586723759186802,inverse,14.0,0.75,,0.03
S4,interleaved_offset1,0.6542614799985395,inverse,14.0,0.75,,0.07
S4,interleaved_offset2,0.6314315517281125,inverse,14.0,0.75,,0.07
S4,late7,0.6573723302903683,inverse,14.0,0.75,,0.07
S4,interleaved_offset1,0.6535635728599581,inverse,14.0,0.75,,0.12
S4,interleaved_offset2,0.6302126938369297,inverse,14.0,0.75,,0.12
S4,late7,0.6558066785749002,inverse,14.0,0.75,,0.12
S4,interleaved_offset1,0.7611106948229416,inverse,14.0,1.0,14.0,0.0
S4,interleaved_offset2,0.7845551757675572,inverse,14.0,1.0,14.0,0.0
S4,late7,1.004608588164691,inverse,14.0,1.0,14.0,0.0
S4,interleaved_offset1,0.7046593739230061,inverse,14.0,1.0,14.0,0.03
S4,interleaved_offset2,0.6944596416303328,inverse,14.0,1.0,14.0,0.03
S4,late7,0.8412953671154468,inverse,14.0,1.0,14.0,0.03
S4,interleaved_offset1,0.6934862576503187,inverse,14.0,1.0,14.0,0.07
S4,interleaved_offset2,0.6784899107192076,inverse,14.0,1.0,14.0,0.07
S4,late7,0.8100085251934066,inverse,14.0,1.0,14.0,0.07
S4,interleaved_offset1,0.6842950403345144,inverse,14.0,1.0,14.0,0.12
S4,interleaved_offset2,0.6666105158285761,inverse,14.0,1.0,14.0,0.12
S4,late7,0.7840698641140887,inverse,14.0,1.0,14.0,0.12
S4,interleaved_offset1,0.6859348225761179,inverse,14.0,1.0,21.0,0.0
S4,interleaved_offset2,0.7242079611984535,inverse,14.0,1.0,21.0,0.0
S4,late7,0.781032284351844,inverse,14.0,1.0,21.0,0.0
S4,interleaved_offset1,0.6819824192120484,inverse,14.0,1.0,21.0,0.03
S4,interleaved_offset2,0.67746282840273,inverse,14.0,1.0,21.0,0.03
S4,late7,0.7694815290176257,inverse,14.0,1.0,21.0,0.03
S4,interleaved_offset1,0.6772899775363216,inverse,14.0,1.0,21.0,0.07
S4,interleaved_offset2,0.6674116826100183,inverse,14.0,1.0,21.0,0.07
S4,late7,0.755722212865596,inverse,14.0,1.0,21.0,0.07
S4,interleaved_offset1,0.6722064513397014,inverse,14.0,1.0,21.0,0.12
S4,interleaved_offset2,0.659157622176821,inverse,14.0,1.0,21.0,0.12
S4,late7,0.7406447393665678,inverse,14.0,1.0,21.0,0.12
S4,interleaved_offset1,0.6793065216000235,inverse,14.0,1.0,35.0,0.0
S4,interleaved_offset2,0.6632579439455034,inverse,14.0,1.0,35.0,0.0
S4,late7,0.7329512519174,inverse,14.0,1.0,35.0,0.0
S4,interleaved_offset1,0.6762168900324563,inverse,14.0,1.0,35.0,0.03
S4,interleaved_offset2,0.6596082756877354,inverse,14.0,1.0,35.0,0.03
S4,late7,0.7270528553186918,inverse,14.0,1.0,35.0,0.03
S4,interleaved_offset1,0.6725390260682383,inverse,14.0,1.0,35.0,0.07
S4,interleaved_offset2,0.6552391836014309,inverse,14.0,1.0,35.0,0.07
S4,late7,0.7196493910228926,inverse,14.0,1.0,35.0,0.07
S4,interleaved_offset1,0.6685433027892221,inverse,14.0,1.0,35.0,0.12
S4,interleaved_offset2,0.6504300385747569,inverse,14.0,1.0,35.0,0.12
S4,late7,0.7110710703525421,inverse,14.0,1.0,35.0,0.12
S4,interleaved_offset1,0.6668411402592826,inverse,14.0,1.0,56.0,0.0
S4,interleaved_offset2,0.6447337522809151,inverse,14.0,1.0,56.0,0.0
S4,late7,0.6773054204574349,inverse,14.0,1.0,56.0,0.0
S4,interleaved_offset1,0.6650511616740317,inverse,14.0,1.0,56.0,0.03
S4,interleaved_offset2,0.642784563007798,inverse,14.0,1.0,56.0,0.03
S4,late7,0.6749000675121476,inverse,14.0,1.0,56.0,0.03
S4,interleaved_offset1,0.6628790378223242,inverse,14.0,1.0,56.0,0.07
S4,interleaved_offset2,0.6403694914389547,inverse,14.0,1.0,56.0,0.07
S4,late7,0.6718435197045057,inverse,14.0,1.0,56.0,0.07
S4,interleaved_offset1,0.6604790753041534,inverse,14.0,1.0,56.0,0.12
S4,interleaved_offset2,0.6376253114036151,inverse,14.0,1.0,56.0,0.12
S4,late7,0.6682536326542833,inverse,14.0,1.0,56.0,0.12
S4,interleaved_offset1,0.663230627653108,inverse,14.0,1.0,,0.0
S4,interleaved_offset2,0.6438997693927568,inverse,14.0,1.0,,0.0
S4,late7,0.6802823748252658,inverse,14.0,1.0,,0.0
S4,interleaved_offset1,0.661870068580205,inverse,14.0,1.0,,0.03
S4,interleaved_offset2,0.6420746814212109,inverse,14.0,1.0,,0.03
S4,late7,0.6781646650098069,inverse,14.0,1.0,,0.03
S4,interleaved_offset1,0.6602041156068231,inverse,14.0,1.0,,0.07
S4,interleaved_offset2,0.6398112810467347,inverse,14.0,1.0,,0.07
S4,late7,0.6754456755825031,inverse,14.0,1.0,,0.07
S4,interleaved_offset1,0.6583473675261369,inverse,14.0,1.0,,0.12
S4,interleaved_offset2,0.6372360677216206,inverse,14.0,1.0,,0.12
S4,late7,0.6722076031405433,inverse,14.0,1.0,,0.12
S4,interleaved_offset1,0.7836319319012182,inverse,14.0,1.5,14.0,0.0
S4,interleaved_offset2,0.802818822398394,inverse,14.0,1.5,14.0,0.0
S4,late7,1.047159358755442,inverse,14.0,1.5,14.0,0.0
S4,interleaved_offset1,0.7242264756668558,inverse,14.0,1.5,14.0,0.03
S4,interleaved_offset2,0.7106049240029552,inverse,14.0,1.5,14.0,0.03
S4,late7,0.8790753219132885,inverse,14.0,1.5,14.0,0.03
S4,interleaved_offset1,0.7098404876195366,inverse,14.0,1.5,14.0,0.07
S4,interleaved_offset2,0.692175467680428,inverse,14.0,1.5,14.0,0.07
S4,late7,0.8427307114932833,inverse,14.0,1.5,14.0,0.07
S4,interleaved_offset1,0.6974433693151154,inverse,14.0,1.5,14.0,0.12
S4,interleaved_offset2,0.6776925918058844,inverse,14.0,1.5,14.0,0.12
S4,late7,0.8118354191836922,inverse,14.0,1.5,14.0,0.12
S4,interleaved_offset1,0.7098600410722966,inverse,14.0,1.5,21.0,0.0
S4,interleaved_offset2,0.7469099808155767,inverse,14.0,1.5,21.0,0.0
S4,late7,0.8249484203927634,inverse,14.0,1.5,21.0,0.0
S4,interleaved_offset1,0.7028500962631297,inverse,14.0,1.5,21.0,0.03
S4,interleaved_offset2,0.6970719918067905,inverse,14.0,1.5,21.0,0.03
S4,late7,0.8084844374589395,inverse,14.0,1.5,21.0,0.03
S4,interleaved_offset1,0.6947904620296453,inverse,14.0,1.5,21.0,0.07
S4,interleaved_offset2,0.6836887696341252,inverse,14.0,1.5,21.0,0.07
S4,late7,0.7895038743493479,inverse,14.0,1.5,21.0,0.07
S4,interleaved_offset1,0.6863041316373572,inverse,14.0,1.5,21.0,0.12
S4,interleaved_offset2,0.6720972858705353,inverse,14.0,1.5,21.0,0.12
S4,late7,0.7693007418738451,inverse,14.0,1.5,21.0,0.12
S4,interleaved_offset1,0.7032059926884398,inverse,14.0,1.5,35.0,0.0
S4,interleaved_offset2,0.6929783032051052,inverse,14.0,1.5,35.0,0.0
S4,late7,0.7932007046799444,inverse,14.0,1.5,35.0,0.0
S4,interleaved_offset1,0.6971738628455337,inverse,14.0,1.5,35.0,0.03
S4,interleaved_offset2,0.6845681448319481,inverse,14.0,1.5,35.0,0.03
S4,late7,0.7820086859574802,inverse,14.0,1.5,35.0,0.03
S4,interleaved_offset1,0.6901706972944118,inverse,14.0,1.5,35.0,0.07
S4,interleaved_offset2,0.6755086189578724,inverse,14.0,1.5,35.0,0.07
S4,late7,0.7684673893390144,inverse,14.0,1.5,35.0,0.07
S4,interleaved_offset1,0.6827269874803555,inverse,14.0,1.5,35.0,0.12
S4,interleaved_offset2,0.6662900375317534,inverse,14.0,1.5,35.0,0.12
S4,late7,0.7533639718036736,inverse,14.0,1.5,35.0,0.12
S4,interleaved_offset1,0.6958030190861683,inverse,14.0,1.5,56.0,0.0
S4,interleaved_offset2,0.6795157378454365,inverse,14.0,1.5,56.0,0.0
S4,late7,0.7448748834998915,inverse,14.0,1.5,56.0,0.0
S4,interleaved_offset1,0.690825925016628,inverse,14.0,1.5,56.0,0.03
S4,interleaved_offset2,0.6735820210315898,inverse,14.0,1.5,56.0,0.03
S4,late7,0.7378161603414124,inverse,14.0,1.5,56.0,0.03
S4,interleaved_offset1,0.6849326348791772,inverse,14.0,1.5,56.0,0.07
S4,interleaved_offset2,0.666670937126167,inverse,14.0,1.5,56.0,0.07
S4,late7,0.7290969540305179,inverse,14.0,1.5,56.0,0.07
S4,interleaved_offset1,0.6785568593796798,inverse,14.0,1.5,56.0,0.12
S4,interleaved_offset2,0.6592531941503426,inverse,14.0,1.5,56.0,0.12
S4,late7,0.7191612948187355,inverse,14.0,1.5,56.0,0.12
S4,interleaved_offset1,0.6921488229409424,inverse,14.0,1.5,,0.0
S4,interleaved_offset2,0.6786505043285519,inverse,14.0,1.5,,0.0
S4,late7,0.7422998366162018,inverse,14.0,1.5,,0.0
S4,interleaved_offset1,0.6876782728071651,inverse,14.0,1.5,,0.03
S4,interleaved_offset2,0.6728165087823094,inverse,14.0,1.5,,0.03
S4,late7,0.7358083026525353,inverse,14.0,1.5,,0.03
S4,interleaved_offset1,0.6823298012953483,inverse,14.0,1.5,,0.07
S4,interleaved_offset2,0.6660256594310289,inverse,14.0,1.5,,0.07
S4,late7,0.7277518094111299,inverse,14.0,1.5,,0.07
S4,interleaved_offset1,0.6764866846534707,inverse,14.0,1.5,,0.12
S4,interleaved_offset2,0.6587394294830841,inverse,14.0,1.5,,0.12
S4,late7,0.7185182607580697,inverse,14.0,1.5,,0.12
S4,interleaved_offset1,0.8165659442285108,inverse,14.0,2.0,14.0,0.0
S4,interleaved_offset2,0.8340798182816476,inverse,14.0,2.0,14.0,0.0
S4,late7,1.1016060206671021,inverse,14.0,2.0,14.0,0.0
S4,interleaved_offset1,0.7517966635959353,inverse,14.0,2.0,14.0,0.03
S4,interleaved_offset2,0.7374612849110038,inverse,14.0,2.0,14.0,0.03
S4,late7,0.9259380979674859,inverse,14.0,2.0,14.0,0.03
S4,interleaved_offset1,0.7322009087621161,inverse,14.0,2.0,14.0,0.07
S4,interleaved_offset2,0.7143624473621246,inverse,14.0,2.0,14.0,0.07
S4,late7,0.8822249104908371,inverse,14.0,2.0,14.0,0.07
S4,interleaved_offset1,0.715045472878611,inverse,14.0,2.0,14.0,0.12
S4,interleaved_offset2,0.6953288423598384,inverse,14.0,2.0,14.0,0.12
S4,late7,0.8445652619760772,inverse,14.0,2.0,14.0,0.12
S4,interleaved_offset1,0.7470574383292777,inverse,14.0,2.0,21.0,0.0
S4,interleaved_offset2,0.7848782587536766,inverse,14.0,2.0,21.0,0.0
S4,late7,0.8802145627566331,inverse,14.0,2.0,21.0,0.0
S4,interleaved_offset1,0.7342786617000575,inverse,14.0,2.0,21.0,0.03
S4,interleaved_offset2,0.728440404737768,inverse,14.0,2.0,21.0,0.03
S4,late7,0.8560855386364817,inverse,14.0,2.0,21.0,0.03
S4,interleaved_offset1,0.7204790562364213,inverse,14.0,2.0,21.0,0.07
S4,interleaved_offset2,0.7090731283055404,inverse,14.0,2.0,21.0,0.07
S4,late7,0.8296424261166276,inverse,14.0,2.0,21.0,0.07
S4,interleaved_offset1,0.70665668340097,inverse,14.0,2.0,21.0,0.12
S4,interleaved_offset2,0.6920493219839818,inverse,14.0,2.0,21.0,0.12
S4,late7,0.80257729923587,inverse,14.0,2.0,21.0,0.12
S4,interleaved_offset1,0.7418327373204524,inverse,14.0,2.0,35.0,0.0
S4,interleaved_offset2,0.7400735954330765,inverse,14.0,2.0,35.0,0.0
S4,late7,0.8614481951110178,inverse,14.0,2.0,35.0,0.0
S4,interleaved_offset1,0.7301385155276648,inverse,14.0,2.0,35.0,0.03
S4,interleaved_offset2,0.7212501156348267,inverse,14.0,2.0,35.0,0.03
S4,late7,0.8418833316958468,inverse,14.0,2.0,35.0,0.03
S4,interleaved_offset1,0.717316408206117,inverse,14.0,2.0,35.0,0.07
S4,interleaved_offset2,0.7044657763668638,inverse,14.0,2.0,35.0,0.07
S4,late7,0.8195935811201585,inverse,14.0,2.0,35.0,0.07
S4,interleaved_offset1,0.7043201492806538,inverse,14.0,2.0,35.0,0.12
S4,interleaved_offset2,0.6887930087822526,inverse,14.0,2.0,35.0,0.12
S4,late7,0.7960202762386402,inverse,14.0,2.0,35.0,0.12
S4,interleaved_offset1,0.7376641026595891,inverse,14.0,2.0,56.0,0.0
S4,interleaved_offset2,0.7304963446357363,inverse,14.0,2.0,56.0,0.0
S4,late7,0.8264744597064507,inverse,14.0,2.0,56.0,0.0
S4,interleaved_offset1,0.7268352291276128,inverse,14.0,2.0,56.0,0.03
S4,interleaved_offset2,0.7154013126252188,inverse,14.0,2.0,56.0,0.03
S4,late7,0.8110437229739904,inverse,14.0,2.0,56.0,0.03
S4,interleaved_offset1,0.7147837261374957,inverse,14.0,2.0,56.0,0.07
S4,interleaved_offset2,0.7004067193163022,inverse,14.0,2.0,56.0,0.07
S4,late7,0.7931009789187768,inverse,14.0,2.0,56.0,0.07
S4,interleaved_offset1,0.7024280312463939,inverse,14.0,2.0,56.0,0.12
S4,interleaved_offset2,0.685830610252973,inverse,14.0,2.0,56.0,0.12
S4,late7,0.7737786558290488,inverse,14.0,2.0,56.0,0.12
S4,interleaved_offset1,0.7352019374708737,inverse,14.0,2.0,,0.0
S4,interleaved_offset2,0.7300042505683367,inverse,14.0,2.0,,0.0
S4,late7,0.8229569824071102,inverse,14.0,2.0,,0.0
S4,interleaved_offset1,0.7248724587078066,inverse,14.0,2.0,,0.03
S4,interleaved_offset2,0.7149698799871144,inverse,14.0,2.0,,0.03
S4,late7,0.8081583260505979,inverse,14.0,2.0,,0.03
S4,interleaved_offset1,0.7132696473263843,inverse,14.0,2.0,,0.07
S4,interleaved_offset2,0.7000455016746127,inverse,14.0,2.0,,0.07
S4,late7,0.7908970664741319,inverse,14.0,2.0,,0.07
S4,interleaved_offset1,0.7012874463258226,inverse,14.0,2.0,,0.12
S4,interleaved_offset2,0.6855422535697685,inverse,14.0,2.0,,0.12
S4,late7,0.7722497304496246,inverse,14.0,2.0,,0.12
