fold,target,submission_strategy,model_name,shrink_alpha,logloss
last_quarter_by_subject,Q1,history_blend,history,1.0,0.6891317326947701
last_quarter_by_subject,Q1,rule_subject_strategy_tuned,rule,0.0,0.7021005506647676
last_quarter_by_subject,Q1,rule_subject_strategy_tuned,rule,0.15,0.7363102829635011
last_quarter_by_subject,Q1,rule_subject_strategy_tuned,rule,0.25,0.7732595338124091
last_quarter_by_subject,Q1,rule_subject_strategy_tuned,rule,0.35,0.8234738633787181
last_quarter_by_subject,Q1,rule_subject_strategy_tuned,rule,0.5,0.9309562442039785
last_quarter_by_subject,Q1,rule_subject_strategy_tuned,rule,0.75,1.2681683603677143
last_quarter_by_subject,Q1,rule_subject_strategy_tuned,rule,1.0,5.353060218285473
last_quarter_by_subject,Q1,model_logistic_regression,logistic_regression,0.0,0.7021005506647676
last_quarter_by_subject,Q1,model_logistic_regression,logistic_regression,0.15,0.7186507249756117
last_quarter_by_subject,Q1,model_logistic_regression,logistic_regression,0.25,0.7379865791967748
last_quarter_by_subject,Q1,model_logistic_regression,logistic_regression,0.35,0.7648661431683916
last_quarter_by_subject,Q1,model_logistic_regression,logistic_regression,0.5,0.822608604207431
last_quarter_by_subject,Q1,model_logistic_regression,logistic_regression,0.75,0.9950492348164502
last_quarter_by_subject,Q1,model_logistic_regression,logistic_regression,1.0,1.761193495834929
last_quarter_by_subject,Q1,blend_logistic_regression_rule_0.25,logistic_regression,0.0,0.7021005506647676
last_quarter_by_subject,Q1,blend_logistic_regression_rule_0.25,logistic_regression,0.15,0.7292857162421053
last_quarter_by_subject,Q1,blend_logistic_regression_rule_0.25,logistic_regression,0.25,0.7569252686730519
last_quarter_by_subject,Q1,blend_logistic_regression_rule_0.25,logistic_regression,0.35,0.7932702642916164
last_quarter_by_subject,Q1,blend_logistic_regression_rule_0.25,logistic_regression,0.5,0.868010707608988
last_quarter_by_subject,Q1,blend_logistic_regression_rule_0.25,logistic_regression,0.75,1.0819412057878806
last_quarter_by_subject,Q1,blend_logistic_regression_rule_0.25,logistic_regression,1.0,2.0664020833206855
last_quarter_by_subject,Q1,blend_logistic_regression_rule_0.5,logistic_regression,0.0,0.7021005506647676
last_quarter_by_subject,Q1,blend_logistic_regression_rule_0.5,logistic_regression,0.15,0.7240226248021997
last_quarter_by_subject,Q1,blend_logistic_regression_rule_0.5,logistic_regression,0.25,0.7457558934930524
last_quarter_by_subject,Q1,blend_logistic_regression_rule_0.5,logistic_regression,0.35,0.7740303169613725
last_quarter_by_subject,Q1,blend_logistic_regression_rule_0.5,logistic_regression,0.5,0.8317219421770425
last_quarter_by_subject,Q1,blend_logistic_regression_rule_0.5,logistic_regression,0.75,0.9959867879895523
last_quarter_by_subject,Q1,blend_logistic_regression_rule_0.5,logistic_regression,1.0,1.73254571476926
last_quarter_by_subject,Q1,blend_logistic_regression_rule_0.75,logistic_regression,0.0,0.7021005506647676
last_quarter_by_subject,Q1,blend_logistic_regression_rule_0.75,logistic_regression,0.15,0.7204770161551888
last_quarter_by_subject,Q1,blend_logistic_regression_rule_0.75,logistic_regression,0.25,0.7394281832249615
last_quarter_by_subject,Q1,blend_logistic_regression_rule_0.75,logistic_regression,0.35,0.7644847538683945
last_quarter_by_subject,Q1,blend_logistic_regression_rule_0.75,logistic_regression,0.5,0.8161610723924736
last_quarter_by_subject,Q1,blend_logistic_regression_rule_0.75,logistic_regression,0.75,0.9635771927796657
last_quarter_by_subject,Q1,blend_logistic_regression_rule_0.75,logistic_regression,1.0,1.5945752370172712
last_quarter_by_subject,Q1,model_linear_svc,linear_svc,0.0,0.7021005506647676
last_quarter_by_subject,Q1,model_linear_svc,linear_svc,0.15,0.7145054779078831
last_quarter_by_subject,Q1,model_linear_svc,linear_svc,0.25,0.7285925786146357
last_quarter_by_subject,Q1,model_linear_svc,linear_svc,0.35,0.7478196014859307
last_quarter_by_subject,Q1,model_linear_svc,linear_svc,0.5,0.7880705626018689
last_quarter_by_subject,Q1,model_linear_svc,linear_svc,0.75,0.900808616722524
last_quarter_by_subject,Q1,model_linear_svc,linear_svc,1.0,1.2213234541141258
last_quarter_by_subject,Q1,blend_linear_svc_rule_0.25,linear_svc,0.0,0.7021005506647676
last_quarter_by_subject,Q1,blend_linear_svc_rule_0.25,linear_svc,0.15,0.728526355998933
last_quarter_by_subject,Q1,blend_linear_svc_rule_0.25,linear_svc,0.25,0.7553433691368664
last_quarter_by_subject,Q1,blend_linear_svc_rule_0.25,linear_svc,0.35,0.7904989827837157
last_quarter_by_subject,Q1,blend_linear_svc_rule_0.25,linear_svc,0.5,0.8623108319470457
last_quarter_by_subject,Q1,blend_linear_svc_rule_0.25,linear_svc,0.75,1.0627839618867543
last_quarter_by_subject,Q1,blend_linear_svc_rule_0.25,linear_svc,1.0,1.7114518246509833
last_quarter_by_subject,Q1,blend_linear_svc_rule_0.5,linear_svc,0.0,0.7021005506647676
last_quarter_by_subject,Q1,blend_linear_svc_rule_0.5,linear_svc,0.15,0.7223214687667624
last_quarter_by_subject,Q1,blend_linear_svc_rule_0.5,linear_svc,0.25,0.7420934855179072
last_quarter_by_subject,Q1,blend_linear_svc_rule_0.5,linear_svc,0.35,0.7675382639284997
last_quarter_by_subject,Q1,blend_linear_svc_rule_0.5,linear_svc,0.5,0.8185769932330738
last_quarter_by_subject,Q1,blend_linear_svc_rule_0.5,linear_svc,0.75,0.9571393864790463
last_quarter_by_subject,Q1,blend_linear_svc_rule_0.5,linear_svc,1.0,1.3688824053993398
last_quarter_by_subject,Q1,blend_linear_svc_rule_0.75,linear_svc,0.0,0.7021005506647676
last_quarter_by_subject,Q1,blend_linear_svc_rule_0.75,linear_svc,0.15,0.7176515255824334
last_quarter_by_subject,Q1,blend_linear_svc_rule_0.75,linear_svc,0.25,0.7331934789820659
last_quarter_by_subject,Q1,blend_linear_svc_rule_0.75,linear_svc,0.35,0.7533590154734296
last_quarter_by_subject,Q1,blend_linear_svc_rule_0.75,linear_svc,0.5,0.7939795294649056
last_quarter_by_subject,Q1,blend_linear_svc_rule_0.75,linear_svc,0.75,0.9038741539558822
last_quarter_by_subject,Q1,blend_linear_svc_rule_0.75,linear_svc,1.0,1.215853655411155
last_quarter_by_subject,Q1,model_svc_rbf,svc_rbf,0.0,0.7021005506647676
last_quarter_by_subject,Q1,model_svc_rbf,svc_rbf,0.15,0.6987933199778306
last_quarter_by_subject,Q1,model_svc_rbf,svc_rbf,0.25,0.6971985178643201
last_quarter_by_subject,Q1,model_svc_rbf,svc_rbf,0.35,0.6960868257718125
last_quarter_by_subject,Q1,model_svc_rbf,svc_rbf,0.5,0.6953261342473218
last_quarter_by_subject,Q1,model_svc_rbf,svc_rbf,0.75,0.6965297538301629
last_quarter_by_subject,Q1,model_svc_rbf,svc_rbf,1.0,0.7010279327939104
last_quarter_by_subject,Q1,blend_svc_rbf_rule_0.25,svc_rbf,0.0,0.7021005506647676
last_quarter_by_subject,Q1,blend_svc_rbf_rule_0.25,svc_rbf,0.15,0.7247148801069114
last_quarter_by_subject,Q1,blend_svc_rbf_rule_0.25,svc_rbf,0.25,0.7476907608199814
last_quarter_by_subject,Q1,blend_svc_rbf_rule_0.25,svc_rbf,0.35,0.777602344834524
last_quarter_by_subject,Q1,blend_svc_rbf_rule_0.25,svc_rbf,0.5,0.837547613528664
last_quarter_by_subject,Q1,blend_svc_rbf_rule_0.25,svc_rbf,0.75,0.993010299202289
last_quarter_by_subject,Q1,blend_svc_rbf_rule_0.25,svc_rbf,1.0,1.2847105188034145
last_quarter_by_subject,Q1,blend_svc_rbf_rule_0.5,svc_rbf,0.0,0.7021005506647676
last_quarter_by_subject,Q1,blend_svc_rbf_rule_0.5,svc_rbf,0.15,0.7146283073155554
last_quarter_by_subject,Q1,blend_svc_rbf_rule_0.5,svc_rbf,0.25,0.7267057391168168
last_quarter_by_subject,Q1,blend_svc_rbf_rule_0.5,svc_rbf,0.35,0.74190413521092
last_quarter_by_subject,Q1,blend_svc_rbf_rule_0.5,svc_rbf,0.5,0.7710152770352732
last_quarter_by_subject,Q1,blend_svc_rbf_rule_0.5,svc_rbf,0.75,0.8393864903673867
last_quarter_by_subject,Q1,blend_svc_rbf_rule_0.5,svc_rbf,1.0,0.9420190776837858
last_quarter_by_subject,Q1,blend_svc_rbf_rule_0.75,svc_rbf,0.0,0.7021005506647676
last_quarter_by_subject,Q1,blend_svc_rbf_rule_0.75,svc_rbf,0.15,0.7059995697271993
last_quarter_by_subject,Q1,blend_svc_rbf_rule_0.75,svc_rbf,0.25,0.7099487454124779
last_quarter_by_subject,Q1,blend_svc_rbf_rule_0.75,svc_rbf,0.35,0.7149934575475225
last_quarter_by_subject,Q1,blend_svc_rbf_rule_0.75,svc_rbf,0.5,0.7246813280760699
last_quarter_by_subject,Q1,blend_svc_rbf_rule_0.75,svc_rbf,0.75,0.7469376895364371
last_quarter_by_subject,Q1,blend_svc_rbf_rule_0.75,svc_rbf,1.0,0.7781368204758369
last_quarter_by_subject,Q1,model_random_forest,random_forest,0.0,0.7021005506647676
last_quarter_by_subject,Q1,model_random_forest,random_forest,0.15,0.6961763052667518
last_quarter_by_subject,Q1,model_random_forest,random_forest,0.25,0.692638967043007
last_quarter_by_subject,Q1,model_random_forest,random_forest,0.35,0.6894274065563183
last_quarter_by_subject,Q1,model_random_forest,random_forest,0.5,0.685218509477232
last_quarter_by_subject,Q1,model_random_forest,random_forest,0.75,0.679841751341433
last_quarter_by_subject,Q1,model_random_forest,random_forest,1.0,0.6765973291204384
last_quarter_by_subject,Q1,blend_random_forest_rule_0.25,random_forest,0.0,0.7021005506647676
last_quarter_by_subject,Q1,blend_random_forest_rule_0.25,random_forest,0.15,0.7240279043009967
last_quarter_by_subject,Q1,blend_random_forest_rule_0.25,random_forest,0.25,0.7464337678747992
last_quarter_by_subject,Q1,blend_random_forest_rule_0.25,random_forest,0.35,0.7756476028488943
last_quarter_by_subject,Q1,blend_random_forest_rule_0.25,random_forest,0.5,0.8341911290848723
last_quarter_by_subject,Q1,blend_random_forest_rule_0.25,random_forest,0.75,0.9854164047099926
last_quarter_by_subject,Q1,blend_random_forest_rule_0.25,random_forest,1.0,1.2643597930469404
last_quarter_by_subject,Q1,blend_random_forest_rule_0.5,random_forest,0.0,0.7021005506647676
last_quarter_by_subject,Q1,blend_random_forest_rule_0.5,random_forest,0.15,0.7132815480432552
last_quarter_by_subject,Q1,blend_random_forest_rule_0.5,random_forest,0.25,0.7242963142361566
last_quarter_by_subject,Q1,blend_random_forest_rule_0.5,random_forest,0.35,0.7382678474402596
last_quarter_by_subject,Q1,blend_random_forest_rule_0.5,random_forest,0.5,0.7651424350938281
last_quarter_by_subject,Q1,blend_random_forest_rule_0.5,random_forest,0.75,0.8281686817265342
last_quarter_by_subject,Q1,blend_random_forest_rule_0.5,random_forest,1.0,0.9214851555525718
last_quarter_by_subject,Q1,blend_random_forest_rule_0.75,random_forest,0.0,0.7021005506647676
last_quarter_by_subject,Q1,blend_random_forest_rule_0.75,random_forest,0.15,0.7040122647494071
last_quarter_by_subject,Q1,blend_random_forest_rule_0.75,random_forest,0.25,0.7064520954129321
last_quarter_by_subject,Q1,blend_random_forest_rule_0.75,random_forest,0.35,0.7098282693581984
last_quarter_by_subject,Q1,blend_random_forest_rule_0.75,random_forest,0.5,0.7166815796230761
last_quarter_by_subject,Q1,blend_random_forest_rule_0.75,random_forest,0.75,0.7331357567838177
last_quarter_by_subject,Q1,blend_random_forest_rule_0.75,random_forest,1.0,0.7566653548559791
last_quarter_by_subject,Q1,model_extra_trees,extra_trees,0.0,0.7021005506647676
last_quarter_by_subject,Q1,model_extra_trees,extra_trees,0.15,0.69398033468902
last_quarter_by_subject,Q1,model_extra_trees,extra_trees,0.25,0.6890402881648474
last_quarter_by_subject,Q1,model_extra_trees,extra_trees,0.35,0.6844697702681333
last_quarter_by_subject,Q1,model_extra_trees,extra_trees,0.5,0.6782964820007128
last_quarter_by_subject,Q1,model_extra_trees,extra_trees,0.75,0.6698199295346333
last_quarter_by_subject,Q1,model_extra_trees,extra_trees,1.0,0.6636689246858288
last_quarter_by_subject,Q1,blend_extra_trees_rule_0.25,extra_trees,0.0,0.7021005506647676
last_quarter_by_subject,Q1,blend_extra_trees_rule_0.25,extra_trees,0.15,0.723488589431168
last_quarter_by_subject,Q1,blend_extra_trees_rule_0.25,extra_trees,0.25,0.7455454515429384
last_quarter_by_subject,Q1,blend_extra_trees_rule_0.25,extra_trees,0.35,0.774400938362648
last_quarter_by_subject,Q1,blend_extra_trees_rule_0.25,extra_trees,0.5,0.832353591924764
last_quarter_by_subject,Q1,blend_extra_trees_rule_0.25,extra_trees,0.75,0.9822587416427253
last_quarter_by_subject,Q1,blend_extra_trees_rule_0.25,extra_trees,1.0,1.2589843379869095
last_quarter_by_subject,Q1,blend_extra_trees_rule_0.5,extra_trees,0.0,0.7021005506647676
last_quarter_by_subject,Q1,blend_extra_trees_rule_0.5,extra_trees,0.15,0.7122004018698586
last_quarter_by_subject,Q1,blend_extra_trees_rule_0.5,extra_trees,0.25,0.7225302485191163
last_quarter_by_subject,Q1,blend_extra_trees_rule_0.5,extra_trees,0.35,0.735830225070272
last_quarter_by_subject,Q1,blend_extra_trees_rule_0.5,extra_trees,0.5,0.7616996609890844
last_quarter_by_subject,Q1,blend_extra_trees_rule_0.5,extra_trees,0.75,0.8229963898146987
last_quarter_by_subject,Q1,blend_extra_trees_rule_0.5,extra_trees,1.0,0.9145689740825849
last_quarter_by_subject,Q1,blend_extra_trees_rule_0.75,extra_trees,0.0,0.7021005506647676
last_quarter_by_subject,Q1,blend_extra_trees_rule_0.75,extra_trees,0.15,0.7023808994366383
last_quarter_by_subject,Q1,blend_extra_trees_rule_0.75,extra_trees,0.25,0.7037916028167076
last_quarter_by_subject,Q1,blend_extra_trees_rule_0.75,extra_trees,0.35,0.7061778173960068
last_quarter_by_subject,Q1,blend_extra_trees_rule_0.75,extra_trees,0.5,0.7116113372311561
last_quarter_by_subject,Q1,blend_extra_trees_rule_0.75,extra_trees,0.75,0.7258700258121921
last_quarter_by_subject,Q1,blend_extra_trees_rule_0.75,extra_trees,1.0,0.7474970116547927
last_quarter_by_subject,Q1,model_hist_gradient_boosting,hist_gradient_boosting,0.0,0.7021005506647676
last_quarter_by_subject,Q1,model_hist_gradient_boosting,hist_gradient_boosting,0.15,0.7007164842929396
last_quarter_by_subject,Q1,model_hist_gradient_boosting,hist_gradient_boosting,0.25,0.7018875918927606
last_quarter_by_subject,Q1,model_hist_gradient_boosting,hist_gradient_boosting,0.35,0.7048110523390664
last_quarter_by_subject,Q1,model_hist_gradient_boosting,hist_gradient_boosting,0.5,0.7127563873352774
last_quarter_by_subject,Q1,model_hist_gradient_boosting,hist_gradient_boosting,0.75,0.7374796793233208
last_quarter_by_subject,Q1,model_hist_gradient_boosting,hist_gradient_boosting,1.0,0.7843229600483296
last_quarter_by_subject,Q1,blend_hist_gradient_boosting_rule_0.25,hist_gradient_boosting,0.0,0.7021005506647676
last_quarter_by_subject,Q1,blend_hist_gradient_boosting_rule_0.25,hist_gradient_boosting,0.15,0.7252600015624056
last_quarter_by_subject,Q1,blend_hist_gradient_boosting_rule_0.25,hist_gradient_boosting,0.25,0.7490689960865355
last_quarter_by_subject,Q1,blend_hist_gradient_boosting_rule_0.25,hist_gradient_boosting,0.35,0.7802796388662806
last_quarter_by_subject,Q1,blend_hist_gradient_boosting_rule_0.25,hist_gradient_boosting,0.5,0.8434161375832439
last_quarter_by_subject,Q1,blend_hist_gradient_boosting_rule_0.25,hist_gradient_boosting,0.75,1.0114046321027872
last_quarter_by_subject,Q1,blend_hist_gradient_boosting_rule_0.25,hist_gradient_boosting,1.0,1.3682676369038755
last_quarter_by_subject,Q1,blend_hist_gradient_boosting_rule_0.5,hist_gradient_boosting,0.0,0.7021005506647676
last_quarter_by_subject,Q1,blend_hist_gradient_boosting_rule_0.5,hist_gradient_boosting,0.15,0.7156732863801869
last_quarter_by_subject,Q1,blend_hist_gradient_boosting_rule_0.5,hist_gradient_boosting,0.25,0.729309315734343
last_quarter_by_subject,Q1,blend_hist_gradient_boosting_rule_0.5,hist_gradient_boosting,0.35,0.7468683241697862
last_quarter_by_subject,Q1,blend_hist_gradient_boosting_rule_0.5,hist_gradient_boosting,0.5,0.7814508054779354
last_quarter_by_subject,Q1,blend_hist_gradient_boosting_rule_0.5,hist_gradient_boosting,0.75,0.8677726876064744
last_quarter_by_subject,Q1,blend_hist_gradient_boosting_rule_0.5,hist_gradient_boosting,1.0,1.021900082995029
last_quarter_by_subject,Q1,blend_hist_gradient_boosting_rule_0.75,hist_gradient_boosting,0.0,0.7021005506647676
last_quarter_by_subject,Q1,blend_hist_gradient_boosting_rule_0.75,hist_gradient_boosting,0.15,0.7075018911758743
last_quarter_by_subject,Q1,blend_hist_gradient_boosting_rule_0.75,hist_gradient_boosting,0.25,0.7136420112715997
last_quarter_by_subject,Q1,blend_hist_gradient_boosting_rule_0.75,hist_gradient_boosting,0.35,0.7219212265510088
last_quarter_by_subject,Q1,blend_hist_gradient_boosting_rule_0.75,hist_gradient_boosting,0.5,0.7387482428249039
last_quarter_by_subject,Q1,blend_hist_gradient_boosting_rule_0.75,hist_gradient_boosting,0.75,0.7815529324540561
last_quarter_by_subject,Q1,blend_hist_gradient_boosting_rule_0.75,hist_gradient_boosting,1.0,0.8559688017046677
last_quarter_by_subject,Q1,model_mlp,mlp,0.0,0.7021005506647676
last_quarter_by_subject,Q1,model_mlp,mlp,0.15,0.7148634189788234
last_quarter_by_subject,Q1,model_mlp,mlp,0.25,0.7321190296761403
last_quarter_by_subject,Q1,model_mlp,mlp,0.35,0.7572701418078525
last_quarter_by_subject,Q1,model_mlp,mlp,0.5,0.8131618106347605
last_quarter_by_subject,Q1,model_mlp,mlp,0.75,0.9860461658374
last_quarter_by_subject,Q1,model_mlp,mlp,1.0,1.797743894893322
last_quarter_by_subject,Q1,blend_mlp_rule_0.25,mlp,0.0,0.7021005506647676
last_quarter_by_subject,Q1,blend_mlp_rule_0.25,mlp,0.15,0.7279428417320709
last_quarter_by_subject,Q1,blend_mlp_rule_0.25,mlp,0.25,0.7542940844867918
last_quarter_by_subject,Q1,blend_mlp_rule_0.25,mlp,0.35,0.7889253562937488
last_quarter_by_subject,Q1,blend_mlp_rule_0.25,mlp,0.5,0.859932509526534
last_quarter_by_subject,Q1,blend_mlp_rule_0.25,mlp,0.75,1.0610056055338084
last_quarter_by_subject,Q1,blend_mlp_rule_0.25,mlp,1.0,1.942880768439456
last_quarter_by_subject,Q1,blend_mlp_rule_0.5,mlp,0.0,0.7021005506647676
last_quarter_by_subject,Q1,blend_mlp_rule_0.5,mlp,0.15,0.7215947489170014
last_quarter_by_subject,Q1,blend_mlp_rule_0.5,mlp,0.25,0.7412455339631462
last_quarter_by_subject,Q1,blend_mlp_rule_0.5,mlp,0.35,0.7669182082344881
last_quarter_by_subject,Q1,blend_mlp_rule_0.5,mlp,0.5,0.8192985795375693
last_quarter_by_subject,Q1,blend_mlp_rule_0.5,mlp,0.75,0.9672257763607831
last_quarter_by_subject,Q1,blend_mlp_rule_0.5,mlp,1.0,1.6220091363636977
last_quarter_by_subject,Q1,blend_mlp_rule_0.75,mlp,0.0,0.7021005506647676
last_quarter_by_subject,Q1,blend_mlp_rule_0.75,mlp,0.15,0.7172287933841615
last_quarter_by_subject,Q1,blend_mlp_rule_0.75,mlp,0.25,0.7338067740000151
last_quarter_by_subject,Q1,blend_mlp_rule_0.75,mlp,0.35,0.7561786944560436
last_quarter_by_subject,Q1,blend_mlp_rule_0.75,mlp,0.5,0.8028336134961918
last_quarter_by_subject,Q1,blend_mlp_rule_0.75,mlp,0.75,0.9358765163273522
last_quarter_by_subject,Q1,blend_mlp_rule_0.75,mlp,1.0,1.5038711117591952
last_quarter_by_subject,Q1,model_lightgbm,lightgbm,0.0,0.7021005506647676
last_quarter_by_subject,Q1,model_lightgbm,lightgbm,0.15,0.7011471142775533
last_quarter_by_subject,Q1,model_lightgbm,lightgbm,0.25,0.7015144343978793
last_quarter_by_subject,Q1,model_lightgbm,lightgbm,0.35,0.7027052628800875
last_quarter_by_subject,Q1,model_lightgbm,lightgbm,0.5,0.7061036397794098
last_quarter_by_subject,Q1,model_lightgbm,lightgbm,0.75,0.7164889278744285
last_quarter_by_subject,Q1,model_lightgbm,lightgbm,1.0,0.73394769754932
last_quarter_by_subject,Q1,blend_lightgbm_rule_0.25,lightgbm,0.0,0.7021005506647676
last_quarter_by_subject,Q1,blend_lightgbm_rule_0.25,lightgbm,0.15,0.7254116603908688
last_quarter_by_subject,Q1,blend_lightgbm_rule_0.25,lightgbm,0.25,0.7490955774457552
last_quarter_by_subject,Q1,blend_lightgbm_rule_0.25,lightgbm,0.35,0.7799647017848989
last_quarter_by_subject,Q1,blend_lightgbm_rule_0.25,lightgbm,0.5,0.8420084627003519
last_quarter_by_subject,Q1,blend_lightgbm_rule_0.25,lightgbm,0.75,1.0045489978032682
last_quarter_by_subject,Q1,blend_lightgbm_rule_0.25,lightgbm,1.0,1.3225485747884416
last_quarter_by_subject,Q1,blend_lightgbm_rule_0.5,lightgbm,0.0,0.7021005506647676
last_quarter_by_subject,Q1,blend_lightgbm_rule_0.5,lightgbm,0.15,0.7159469140450251
last_quarter_by_subject,Q1,blend_lightgbm_rule_0.5,lightgbm,0.25,0.7292810710300748
last_quarter_by_subject,Q1,blend_lightgbm_rule_0.5,lightgbm,0.35,0.7460949851057009
last_quarter_by_subject,Q1,blend_lightgbm_rule_0.5,lightgbm,0.5,0.7784824010232876
last_quarter_by_subject,Q1,blend_lightgbm_rule_0.5,lightgbm,0.75,0.8559261025223024
last_quarter_by_subject,Q1,blend_lightgbm_rule_0.5,lightgbm,1.0,0.9780653947947326
last_quarter_by_subject,Q1,blend_lightgbm_rule_0.75,lightgbm,0.0,0.7021005506647676
last_quarter_by_subject,Q1,blend_lightgbm_rule_0.75,lightgbm,0.15,0.7078692121185002
last_quarter_by_subject,Q1,blend_lightgbm_rule_0.75,lightgbm,0.25,0.7134866600263948
last_quarter_by_subject,Q1,blend_lightgbm_rule_0.75,lightgbm,0.35,0.720576465161807
last_quarter_by_subject,Q1,blend_lightgbm_rule_0.75,lightgbm,0.5,0.7341514591474942
last_quarter_by_subject,Q1,blend_lightgbm_rule_0.75,lightgbm,0.75,0.7657861030016007
last_quarter_by_subject,Q1,blend_lightgbm_rule_0.75,lightgbm,1.0,0.8123043478917075
last_quarter_by_subject,Q1,model_catboost,catboost,0.0,0.7021005506647676
last_quarter_by_subject,Q1,model_catboost,catboost,0.15,0.6973921036294208
last_quarter_by_subject,Q1,model_catboost,catboost,0.25,0.6946454895649691
last_quarter_by_subject,Q1,model_catboost,catboost,0.35,0.6922101162866082
last_quarter_by_subject,Q1,model_catboost,catboost,0.5,0.6891395335312671
last_quarter_by_subject,Q1,model_catboost,catboost,0.75,0.6855891586747485
last_quarter_by_subject,Q1,model_catboost,catboost,1.0,0.6840614988761431
last_quarter_by_subject,Q1,blend_catboost_rule_0.25,catboost,0.0,0.7021005506647676
last_quarter_by_subject,Q1,blend_catboost_rule_0.25,catboost,0.15,0.724367721586628
last_quarter_by_subject,Q1,blend_catboost_rule_0.25,catboost,0.25,0.7470462378386906
last_quarter_by_subject,Q1,blend_catboost_rule_0.25,catboost,0.35,0.7765857554639214
last_quarter_by_subject,Q1,blend_catboost_rule_0.25,catboost,0.5,0.8357628354702011
last_quarter_by_subject,Q1,blend_catboost_rule_0.25,catboost,0.75,0.9887761199362545
last_quarter_by_subject,Q1,blend_catboost_rule_0.25,catboost,1.0,1.2722810063696266
last_quarter_by_subject,Q1,blend_catboost_rule_0.5,catboost,0.0,0.7021005506647676
last_quarter_by_subject,Q1,blend_catboost_rule_0.5,catboost,0.15,0.713934933270464
last_quarter_by_subject,Q1,blend_catboost_rule_0.5,catboost,0.25,0.725435444099995
last_quarter_by_subject,Q1,blend_catboost_rule_0.5,catboost,0.35,0.7399456442588108
last_quarter_by_subject,Q1,blend_catboost_rule_0.5,catboost,0.5,0.7677572170066376
last_quarter_by_subject,Q1,blend_catboost_rule_0.5,catboost,0.75,0.832851770600125
last_quarter_by_subject,Q1,blend_catboost_rule_0.5,catboost,1.0,0.9293314759030399
last_quarter_by_subject,Q1,blend_catboost_rule_0.75,catboost,0.0,0.7021005506647676
last_quarter_by_subject,Q1,blend_catboost_rule_0.75,catboost,0.15,0.7049565959713905
last_quarter_by_subject,Q1,blend_catboost_rule_0.75,catboost,0.25,0.708051083198232
last_quarter_by_subject,Q1,blend_catboost_rule_0.75,catboost,0.35,0.7121077386126843
last_quarter_by_subject,Q1,blend_catboost_rule_0.75,catboost,0.5,0.7200416358051408
last_quarter_by_subject,Q1,blend_catboost_rule_0.75,catboost,0.75,0.7385049472658809
last_quarter_by_subject,Q1,blend_catboost_rule_0.75,catboost,1.0,0.7643927400648804
last_quarter_by_subject,Q1,meta_rule_extra_trees,extra_trees,0.0,0.7021005506647676
last_quarter_by_subject,Q1,meta_rule_extra_trees,extra_trees,0.15,0.69619355967357
last_quarter_by_subject,Q1,meta_rule_extra_trees,extra_trees,0.25,0.6927050262266877
last_quarter_by_subject,Q1,meta_rule_extra_trees,extra_trees,0.35,0.6895688585583551
last_quarter_by_subject,Q1,meta_rule_extra_trees,extra_trees,0.5,0.6855192387206329
last_quarter_by_subject,Q1,meta_rule_extra_trees,extra_trees,0.75,0.6805274591195208
last_quarter_by_subject,Q1,meta_rule_extra_trees,extra_trees,1.0,0.6778350755333398
last_quarter_by_subject,Q1,meta_rule_lightgbm,lightgbm,0.0,0.7021005506647676
last_quarter_by_subject,Q1,meta_rule_lightgbm,lightgbm,0.15,0.7022705171078878
last_quarter_by_subject,Q1,meta_rule_lightgbm,lightgbm,0.25,0.7033790867205886
last_quarter_by_subject,Q1,meta_rule_lightgbm,lightgbm,0.35,0.7053042845399446
last_quarter_by_subject,Q1,meta_rule_lightgbm,lightgbm,0.5,0.7097892813287092
last_quarter_by_subject,Q1,meta_rule_lightgbm,lightgbm,0.75,0.7219341197499577
last_quarter_by_subject,Q1,meta_rule_lightgbm,lightgbm,1.0,0.7410589114474623
last_quarter_by_subject,Q1,meta_rule_catboost,catboost,0.0,0.7021005506647676
last_quarter_by_subject,Q1,meta_rule_catboost,catboost,0.15,0.6962946233692533
last_quarter_by_subject,Q1,meta_rule_catboost,catboost,0.25,0.6927928220263831
last_quarter_by_subject,Q1,meta_rule_catboost,catboost,0.35,0.6895780294936906
last_quarter_by_subject,Q1,meta_rule_catboost,catboost,0.5,0.685282723168355
last_quarter_by_subject,Q1,meta_rule_catboost,catboost,0.75,0.6795020685807773
last_quarter_by_subject,Q1,meta_rule_catboost,catboost,1.0,0.6754318455070267
last_quarter_by_subject,Q1,meta_rule_hist_gradient_boosting,hist_gradient_boosting,0.0,0.7021005506647676
last_quarter_by_subject,Q1,meta_rule_hist_gradient_boosting,hist_gradient_boosting,0.15,0.7007164842929396
last_quarter_by_subject,Q1,meta_rule_hist_gradient_boosting,hist_gradient_boosting,0.25,0.7018875918927606
last_quarter_by_subject,Q1,meta_rule_hist_gradient_boosting,hist_gradient_boosting,0.35,0.7048110523390664
last_quarter_by_subject,Q1,meta_rule_hist_gradient_boosting,hist_gradient_boosting,0.5,0.7127563873352774
last_quarter_by_subject,Q1,meta_rule_hist_gradient_boosting,hist_gradient_boosting,0.75,0.7374796793233208
last_quarter_by_subject,Q1,meta_rule_hist_gradient_boosting,hist_gradient_boosting,1.0,0.7843229600483296
last_quarter_by_subject,Q2,history_blend,history,1.0,0.6208706544241732
last_quarter_by_subject,Q2,rule_subject_strategy_tuned,rule,0.0,0.6760441007838464
last_quarter_by_subject,Q2,rule_subject_strategy_tuned,rule,0.15,0.6429108887423741
last_quarter_by_subject,Q2,rule_subject_strategy_tuned,rule,0.25,0.6322733599097691
last_quarter_by_subject,Q2,rule_subject_strategy_tuned,rule,0.35,0.6314720876728149
last_quarter_by_subject,Q2,rule_subject_strategy_tuned,rule,0.5,0.6522655614682644
last_quarter_by_subject,Q2,rule_subject_strategy_tuned,rule,0.75,0.7852675697402408
last_quarter_by_subject,Q2,rule_subject_strategy_tuned,rule,1.0,3.0701801273256395
last_quarter_by_subject,Q2,model_logistic_regression,logistic_regression,0.0,0.6760441007838464
last_quarter_by_subject,Q2,model_logistic_regression,logistic_regression,0.15,0.6675296552068167
last_quarter_by_subject,Q2,model_logistic_regression,logistic_regression,0.25,0.6696510520010538
last_quarter_by_subject,Q2,model_logistic_regression,logistic_regression,0.35,0.6785670435555728
last_quarter_by_subject,Q2,model_logistic_regression,logistic_regression,0.5,0.707114606021616
last_quarter_by_subject,Q2,model_logistic_regression,logistic_regression,0.75,0.819437344415988
last_quarter_by_subject,Q2,model_logistic_regression,logistic_regression,1.0,1.458740097401852
last_quarter_by_subject,Q2,blend_logistic_regression_rule_0.25,logistic_regression,0.0,0.6760441007838464
last_quarter_by_subject,Q2,blend_logistic_regression_rule_0.25,logistic_regression,0.15,0.6459112448282532
last_quarter_by_subject,Q2,blend_logistic_regression_rule_0.25,logistic_regression,0.25,0.6327038728554233
last_quarter_by_subject,Q2,blend_logistic_regression_rule_0.25,logistic_regression,0.35,0.6251877759584792
last_quarter_by_subject,Q2,blend_logistic_regression_rule_0.25,logistic_regression,0.5,0.6258542040955107
last_quarter_by_subject,Q2,blend_logistic_regression_rule_0.25,logistic_regression,0.75,0.6728960780502131
last_quarter_by_subject,Q2,blend_logistic_regression_rule_0.25,logistic_regression,1.0,1.1018229504308321
last_quarter_by_subject,Q2,blend_logistic_regression_rule_0.5,logistic_regression,0.0,0.6760441007838464
last_quarter_by_subject,Q2,blend_logistic_regression_rule_0.5,logistic_regression,0.15,0.6510158367854226
last_quarter_by_subject,Q2,blend_logistic_regression_rule_0.5,logistic_regression,0.25,0.6391305213243159
last_quarter_by_subject,Q2,blend_logistic_regression_rule_0.5,logistic_regression,0.35,0.6312349737489296
last_quarter_by_subject,Q2,blend_logistic_regression_rule_0.5,logistic_regression,0.5,0.6278619413218712
last_quarter_by_subject,Q2,blend_logistic_regression_rule_0.5,logistic_regression,0.75,0.6560012062159236
last_quarter_by_subject,Q2,blend_logistic_regression_rule_0.5,logistic_regression,1.0,0.9775487042538181
last_quarter_by_subject,Q2,blend_logistic_regression_rule_0.75,logistic_regression,0.0,0.6760441007838464
last_quarter_by_subject,Q2,blend_logistic_regression_rule_0.75,logistic_regression,0.15,0.6582079474193667
last_quarter_by_subject,Q2,blend_logistic_regression_rule_0.75,logistic_regression,0.25,0.6513566556890502
last_quarter_by_subject,Q2,blend_logistic_regression_rule_0.75,logistic_regression,0.35,0.6487060274488436
last_quarter_by_subject,Q2,blend_logistic_regression_rule_0.75,logistic_regression,0.5,0.6535906168635904
last_quarter_by_subject,Q2,blend_logistic_regression_rule_0.75,logistic_regression,0.75,0.6959398603350915
last_quarter_by_subject,Q2,blend_logistic_regression_rule_0.75,logistic_regression,1.0,0.9959428102246441
last_quarter_by_subject,Q2,model_linear_svc,linear_svc,0.0,0.6760441007838464
last_quarter_by_subject,Q2,model_linear_svc,linear_svc,0.15,0.6705386588476574
last_quarter_by_subject,Q2,model_linear_svc,linear_svc,0.25,0.672350158345732
last_quarter_by_subject,Q2,model_linear_svc,linear_svc,0.35,0.6788615138100655
last_quarter_by_subject,Q2,model_linear_svc,linear_svc,0.5,0.6987680632053539
last_quarter_by_subject,Q2,model_linear_svc,linear_svc,0.75,0.7710245664721126
last_quarter_by_subject,Q2,model_linear_svc,linear_svc,1.0,0.9918507627715395
last_quarter_by_subject,Q2,blend_linear_svc_rule_0.25,linear_svc,0.0,0.6760441007838464
last_quarter_by_subject,Q2,blend_linear_svc_rule_0.25,linear_svc,0.15,0.6469939653941416
last_quarter_by_subject,Q2,blend_linear_svc_rule_0.25,linear_svc,0.25,0.6343323238820803
last_quarter_by_subject,Q2,blend_linear_svc_rule_0.25,linear_svc,0.35,0.6272118143974247
last_quarter_by_subject,Q2,blend_linear_svc_rule_0.25,linear_svc,0.5,0.6280511476395944
last_quarter_by_subject,Q2,blend_linear_svc_rule_0.25,linear_svc,0.75,0.6718721053474944
last_quarter_by_subject,Q2,blend_linear_svc_rule_0.25,linear_svc,1.0,0.9014895435480488
last_quarter_by_subject,Q2,blend_linear_svc_rule_0.5,linear_svc,0.0,0.6760441007838464
last_quarter_by_subject,Q2,blend_linear_svc_rule_0.5,linear_svc,0.15,0.652956624644434
last_quarter_by_subject,Q2,blend_linear_svc_rule_0.5,linear_svc,0.25,0.6417356222759494
last_quarter_by_subject,Q2,blend_linear_svc_rule_0.5,linear_svc,0.35,0.6339507177407929
last_quarter_by_subject,Q2,blend_linear_svc_rule_0.5,linear_svc,0.5,0.6293763629046609
last_quarter_by_subject,Q2,blend_linear_svc_rule_0.5,linear_svc,0.75,0.6475928191098509
last_quarter_by_subject,Q2,blend_linear_svc_rule_0.5,linear_svc,1.0,0.7724901863812462
last_quarter_by_subject,Q2,blend_linear_svc_rule_0.75,linear_svc,0.0,0.6760441007838464
last_quarter_by_subject,Q2,blend_linear_svc_rule_0.75,linear_svc,0.15,0.6607919150027393
last_quarter_by_subject,Q2,blend_linear_svc_rule_0.75,linear_svc,0.25,0.6543368333654959
last_quarter_by_subject,Q2,blend_linear_svc_rule_0.75,linear_svc,0.35,0.6509360613385043
last_quarter_by_subject,Q2,blend_linear_svc_rule_0.75,linear_svc,0.5,0.6520843732383059
last_quarter_by_subject,Q2,blend_linear_svc_rule_0.75,linear_svc,0.75,0.6759399346652338
last_quarter_by_subject,Q2,blend_linear_svc_rule_0.75,linear_svc,1.0,0.7799145845453288
last_quarter_by_subject,Q2,model_svc_rbf,svc_rbf,0.0,0.6760441007838464
last_quarter_by_subject,Q2,model_svc_rbf,svc_rbf,0.15,0.6662810051984257
last_quarter_by_subject,Q2,model_svc_rbf,svc_rbf,0.25,0.6606154704343616
last_quarter_by_subject,Q2,model_svc_rbf,svc_rbf,0.35,0.6556072178489876
last_quarter_by_subject,Q2,model_svc_rbf,svc_rbf,0.5,0.6493109742037059
last_quarter_by_subject,Q2,model_svc_rbf,svc_rbf,0.75,0.6420728451725923
last_quarter_by_subject,Q2,model_svc_rbf,svc_rbf,1.0,0.6390997239615253
last_quarter_by_subject,Q2,blend_svc_rbf_rule_0.25,svc_rbf,0.0,0.6760441007838464
last_quarter_by_subject,Q2,blend_svc_rbf_rule_0.25,svc_rbf,0.15,0.6469390449783865
last_quarter_by_subject,Q2,blend_svc_rbf_rule_0.25,svc_rbf,0.25,0.6342093209836953
last_quarter_by_subject,Q2,blend_svc_rbf_rule_0.25,svc_rbf,0.35,0.6269343634611719
last_quarter_by_subject,Q2,blend_svc_rbf_rule_0.25,svc_rbf,0.5,0.6270907159664572
last_quarter_by_subject,Q2,blend_svc_rbf_rule_0.25,svc_rbf,0.75,0.6647313335776286
last_quarter_by_subject,Q2,blend_svc_rbf_rule_0.25,svc_rbf,1.0,0.7876633425385692
last_quarter_by_subject,Q2,blend_svc_rbf_rule_0.5,svc_rbf,0.0,0.6760441007838464
last_quarter_by_subject,Q2,blend_svc_rbf_rule_0.5,svc_rbf,0.15,0.6521838714491801
last_quarter_by_subject,Q2,blend_svc_rbf_rule_0.5,svc_rbf,0.25,0.6396594704404046
last_quarter_by_subject,Q2,blend_svc_rbf_rule_0.5,svc_rbf,0.35,0.6298209558391742
last_quarter_by_subject,Q2,blend_svc_rbf_rule_0.5,svc_rbf,0.5,0.6202205356040353
last_quarter_by_subject,Q2,blend_svc_rbf_rule_0.5,svc_rbf,0.75,0.6193666111964976
last_quarter_by_subject,Q2,blend_svc_rbf_rule_0.5,svc_rbf,1.0,0.6429716621390248
last_quarter_by_subject,Q2,blend_svc_rbf_rule_0.75,svc_rbf,0.0,0.6760441007838464
last_quarter_by_subject,Q2,blend_svc_rbf_rule_0.75,svc_rbf,0.15,0.6586315564954709
last_quarter_by_subject,Q2,blend_svc_rbf_rule_0.75,svc_rbf,0.25,0.6484760796816085
last_quarter_by_subject,Q2,blend_svc_rbf_rule_0.75,svc_rbf,0.35,0.6394560606343637
last_quarter_by_subject,Q2,blend_svc_rbf_rule_0.75,svc_rbf,0.5,0.6280425491369204
last_quarter_by_subject,Q2,blend_svc_rbf_rule_0.75,svc_rbf,0.75,0.6148058801483017
last_quarter_by_subject,Q2,blend_svc_rbf_rule_0.75,svc_rbf,1.0,0.6095359118035001
last_quarter_by_subject,Q2,model_random_forest,random_forest,0.0,0.6760441007838464
last_quarter_by_subject,Q2,model_random_forest,random_forest,0.15,0.666481474964474
last_quarter_by_subject,Q2,model_random_forest,random_forest,0.25,0.6607211097878639
last_quarter_by_subject,Q2,model_random_forest,random_forest,0.35,0.6554403468422769
last_quarter_by_subject,Q2,model_random_forest,random_forest,0.5,0.6484067264057356
last_quarter_by_subject,Q2,model_random_forest,random_forest,0.75,0.6390591682604709
last_quarter_by_subject,Q2,model_random_forest,random_forest,1.0,0.6328249159842241
last_quarter_by_subject,Q2,blend_random_forest_rule_0.25,random_forest,0.0,0.6760441007838464
last_quarter_by_subject,Q2,blend_random_forest_rule_0.25,random_forest,0.15,0.6469544107254078
last_quarter_by_subject,Q2,blend_random_forest_rule_0.25,random_forest,0.25,0.634125674556997
last_quarter_by_subject,Q2,blend_random_forest_rule_0.25,random_forest,0.35,0.6266442829722201
last_quarter_by_subject,Q2,blend_random_forest_rule_0.25,random_forest,0.5,0.626222050088866
last_quarter_by_subject,Q2,blend_random_forest_rule_0.25,random_forest,0.75,0.6615859941243589
last_quarter_by_subject,Q2,blend_random_forest_rule_0.25,random_forest,1.0,0.7767044618774797
last_quarter_by_subject,Q2,blend_random_forest_rule_0.5,random_forest,0.0,0.6760441007838464
last_quarter_by_subject,Q2,blend_random_forest_rule_0.5,random_forest,0.15,0.6522414154212129
last_quarter_by_subject,Q2,blend_random_forest_rule_0.5,random_forest,0.25,0.6395832677700035
last_quarter_by_subject,Q2,blend_random_forest_rule_0.5,random_forest,0.35,0.6294593144639934
last_quarter_by_subject,Q2,blend_random_forest_rule_0.5,random_forest,0.5,0.6190998745254161
last_quarter_by_subject,Q2,blend_random_forest_rule_0.5,random_forest,0.75,0.6157708082423727
last_quarter_by_subject,Q2,blend_random_forest_rule_0.5,random_forest,1.0,0.6342152561811395
last_quarter_by_subject,Q2,blend_random_forest_rule_0.75,random_forest,0.0,0.6760441007838464
last_quarter_by_subject,Q2,blend_random_forest_rule_0.75,random_forest,0.15,0.6587527614198941
last_quarter_by_subject,Q2,blend_random_forest_rule_0.75,random_forest,0.25,0.6484725361876774
last_quarter_by_subject,Q2,blend_random_forest_rule_0.75,random_forest,0.35,0.6391631826670772
last_quarter_by_subject,Q2,blend_random_forest_rule_0.75,random_forest,0.5,0.6269975247486025
last_quarter_by_subject,Q2,blend_random_forest_rule_0.75,random_forest,0.75,0.6115762544152215
last_quarter_by_subject,Q2,blend_random_forest_rule_0.75,random_forest,1.0,0.6027079805979368
last_quarter_by_subject,Q2,model_extra_trees,extra_trees,0.0,0.6760441007838464
last_quarter_by_subject,Q2,model_extra_trees,extra_trees,0.15,0.6648334719880203
last_quarter_by_subject,Q2,model_extra_trees,extra_trees,0.25,0.6579824532341758
last_quarter_by_subject,Q2,model_extra_trees,extra_trees,0.35,0.6516157322122316
last_quarter_by_subject,Q2,model_extra_trees,extra_trees,0.5,0.6429566028403333
last_quarter_by_subject,Q2,model_extra_trees,extra_trees,0.75,0.6308756453913789
last_quarter_by_subject,Q2,model_extra_trees,extra_trees,1.0,0.621781422468539
last_quarter_by_subject,Q2,blend_extra_trees_rule_0.25,extra_trees,0.0,0.6760441007838464
last_quarter_by_subject,Q2,blend_extra_trees_rule_0.25,extra_trees,0.15,0.6465457538107362
last_quarter_by_subject,Q2,blend_extra_trees_rule_0.25,extra_trees,0.25,0.6334415474616034
last_quarter_by_subject,Q2,blend_extra_trees_rule_0.25,extra_trees,0.35,0.6256711500632433
last_quarter_by_subject,Q2,blend_extra_trees_rule_0.25,extra_trees,0.5,0.6247624738267997
last_quarter_by_subject,Q2,blend_extra_trees_rule_0.25,extra_trees,0.75,0.6589839766054305
last_quarter_by_subject,Q2,blend_extra_trees_rule_0.25,extra_trees,1.0,0.7714709521936695
last_quarter_by_subject,Q2,blend_extra_trees_rule_0.5,extra_trees,0.0,0.6760441007838464
last_quarter_by_subject,Q2,blend_extra_trees_rule_0.5,extra_trees,0.15,0.6514236791626526
last_quarter_by_subject,Q2,blend_extra_trees_rule_0.5,extra_trees,0.25,0.6382234603041799
last_quarter_by_subject,Q2,blend_extra_trees_rule_0.5,extra_trees,0.35,0.6275503850955114
last_quarter_by_subject,Q2,blend_extra_trees_rule_0.5,extra_trees,0.5,0.6163340579285378
last_quarter_by_subject,Q2,blend_extra_trees_rule_0.5,extra_trees,0.75,0.6113850946029011
last_quarter_by_subject,Q2,blend_extra_trees_rule_0.5,extra_trees,1.0,0.6276289368301257
last_quarter_by_subject,Q2,blend_extra_trees_rule_0.75,extra_trees,0.0,0.6760441007838464
last_quarter_by_subject,Q2,blend_extra_trees_rule_0.75,extra_trees,0.15,0.6575227984241411
last_quarter_by_subject,Q2,blend_extra_trees_rule_0.75,extra_trees,0.25,0.6464320475552473
last_quarter_by_subject,Q2,blend_extra_trees_rule_0.75,extra_trees,0.35,0.6363152930606909
last_quarter_by_subject,Q2,blend_extra_trees_rule_0.75,extra_trees,0.5,0.6229353815214488
last_quarter_by_subject,Q2,blend_extra_trees_rule_0.75,extra_trees,0.75,0.6054383249153973
last_quarter_by_subject,Q2,blend_extra_trees_rule_0.75,extra_trees,1.0,0.594307790023866
last_quarter_by_subject,Q2,model_hist_gradient_boosting,hist_gradient_boosting,0.0,0.6760441007838464
last_quarter_by_subject,Q2,model_hist_gradient_boosting,hist_gradient_boosting,0.15,0.6596997661516448
last_quarter_by_subject,Q2,model_hist_gradient_boosting,hist_gradient_boosting,0.25,0.6505289105130047
last_quarter_by_subject,Q2,model_hist_gradient_boosting,hist_gradient_boosting,0.35,0.6427110760291003
last_quarter_by_subject,Q2,model_hist_gradient_boosting,hist_gradient_boosting,0.5,0.6335448915806011
last_quarter_by_subject,Q2,model_hist_gradient_boosting,hist_gradient_boosting,0.75,0.6256484655468528
last_quarter_by_subject,Q2,model_hist_gradient_boosting,hist_gradient_boosting,1.0,0.6299354452330828
last_quarter_by_subject,Q2,blend_hist_gradient_boosting_rule_0.25,hist_gradient_boosting,0.0,0.6760441007838464
last_quarter_by_subject,Q2,blend_hist_gradient_boosting_rule_0.25,hist_gradient_boosting,0.15,0.6451733140052258
last_quarter_by_subject,Q2,blend_hist_gradient_boosting_rule_0.25,hist_gradient_boosting,0.25,0.631323747819132
last_quarter_by_subject,Q2,blend_hist_gradient_boosting_rule_0.25,hist_gradient_boosting,0.35,0.6229428160528746
last_quarter_by_subject,Q2,blend_hist_gradient_boosting_rule_0.25,hist_gradient_boosting,0.5,0.6214312471505983
last_quarter_by_subject,Q2,blend_hist_gradient_boosting_rule_0.25,hist_gradient_boosting,0.75,0.6564887616570495
last_quarter_by_subject,Q2,blend_hist_gradient_boosting_rule_0.25,hist_gradient_boosting,1.0,0.7872515760175829
last_quarter_by_subject,Q2,blend_hist_gradient_boosting_rule_0.5,hist_gradient_boosting,0.0,0.6760441007838464
last_quarter_by_subject,Q2,blend_hist_gradient_boosting_rule_0.5,hist_gradient_boosting,0.15,0.6487431166508291
last_quarter_by_subject,Q2,blend_hist_gradient_boosting_rule_0.5,hist_gradient_boosting,0.25,0.6341815303550117
last_quarter_by_subject,Q2,blend_hist_gradient_boosting_rule_0.5,hist_gradient_boosting,0.35,0.6224970708394773
last_quarter_by_subject,Q2,blend_hist_gradient_boosting_rule_0.5,hist_gradient_boosting,0.5,0.6105273681818864
last_quarter_by_subject,Q2,blend_hist_gradient_boosting_rule_0.5,hist_gradient_boosting,0.75,0.60756806402499
last_quarter_by_subject,Q2,blend_hist_gradient_boosting_rule_0.5,hist_gradient_boosting,1.0,0.6384144975757332
last_quarter_by_subject,Q2,blend_hist_gradient_boosting_rule_0.75,hist_gradient_boosting,0.0,0.6760441007838464
last_quarter_by_subject,Q2,blend_hist_gradient_boosting_rule_0.75,hist_gradient_boosting,0.15,0.6535897246561498
last_quarter_by_subject,Q2,blend_hist_gradient_boosting_rule_0.75,hist_gradient_boosting,0.25,0.6406139957781608
last_quarter_by_subject,Q2,blend_hist_gradient_boosting_rule_0.75,hist_gradient_boosting,0.35,0.6292006766539655
last_quarter_by_subject,Q2,blend_hist_gradient_boosting_rule_0.75,hist_gradient_boosting,0.5,0.6150501793252173
last_quarter_by_subject,Q2,blend_hist_gradient_boosting_rule_0.75,hist_gradient_boosting,0.75,0.6002167617924016
last_quarter_by_subject,Q2,blend_hist_gradient_boosting_rule_0.75,hist_gradient_boosting,1.0,0.6012996931317931
last_quarter_by_subject,Q2,model_mlp,mlp,0.0,0.6760441007838464
last_quarter_by_subject,Q2,model_mlp,mlp,0.15,0.6486308565510398
last_quarter_by_subject,Q2,model_mlp,mlp,0.25,0.6387116258147082
last_quarter_by_subject,Q2,model_mlp,mlp,0.35,0.6358982892889017
last_quarter_by_subject,Q2,model_mlp,mlp,0.5,0.647222170768488
last_quarter_by_subject,Q2,model_mlp,mlp,0.75,0.7312437406137838
last_quarter_by_subject,Q2,model_mlp,mlp,1.0,1.4774288383448984
last_quarter_by_subject,Q2,blend_mlp_rule_0.25,mlp,0.0,0.6760441007838464
last_quarter_by_subject,Q2,blend_mlp_rule_0.25,mlp,0.15,0.6416837572637385
last_quarter_by_subject,Q2,blend_mlp_rule_0.25,mlp,0.25,0.6263304779798737
last_quarter_by_subject,Q2,blend_mlp_rule_0.25,mlp,0.35,0.6171859648607196
last_quarter_by_subject,Q2,blend_mlp_rule_0.25,mlp,0.5,0.6164775888566618
last_quarter_by_subject,Q2,blend_mlp_rule_0.25,mlp,0.75,0.6659565990529024
last_quarter_by_subject,Q2,blend_mlp_rule_0.25,mlp,1.0,1.2175107713768991
last_quarter_by_subject,Q2,blend_mlp_rule_0.5,mlp,0.0,0.6760441007838464
last_quarter_by_subject,Q2,blend_mlp_rule_0.5,mlp,0.15,0.6422502096457173
last_quarter_by_subject,Q2,blend_mlp_rule_0.5,mlp,0.25,0.6255671824739505
last_quarter_by_subject,Q2,blend_mlp_rule_0.5,mlp,0.35,0.6136917548495439
last_quarter_by_subject,Q2,blend_mlp_rule_0.5,mlp,0.5,0.6060187745474791
last_quarter_by_subject,Q2,blend_mlp_rule_0.5,mlp,0.75,0.6337704885495132
last_quarter_by_subject,Q2,blend_mlp_rule_0.5,mlp,1.0,1.0785409080112538
last_quarter_by_subject,Q2,blend_mlp_rule_0.75,mlp,0.0,0.6760441007838464
last_quarter_by_subject,Q2,blend_mlp_rule_0.75,mlp,0.15,0.6445639393236721
last_quarter_by_subject,Q2,blend_mlp_rule_0.75,mlp,0.25,0.6296631079075907
last_quarter_by_subject,Q2,blend_mlp_rule_0.75,mlp,0.35,0.6197774169604099
last_quarter_by_subject,Q2,blend_mlp_rule_0.75,mlp,0.5,0.6154677521399597
last_quarter_by_subject,Q2,blend_mlp_rule_0.75,mlp,0.75,0.6492293099211713
last_quarter_by_subject,Q2,blend_mlp_rule_0.75,mlp,1.0,1.0639321265557504
last_quarter_by_subject,Q2,model_lightgbm,lightgbm,0.0,0.6760441007838464
last_quarter_by_subject,Q2,model_lightgbm,lightgbm,0.15,0.6647503294723973
last_quarter_by_subject,Q2,model_lightgbm,lightgbm,0.25,0.6580717986386675
last_quarter_by_subject,Q2,model_lightgbm,lightgbm,0.35,0.6520504169231001
last_quarter_by_subject,Q2,model_lightgbm,lightgbm,0.5,0.6442233212641937
last_quarter_by_subject,Q2,model_lightgbm,lightgbm,0.75,0.6343623993558732
last_quarter_by_subject,Q2,model_lightgbm,lightgbm,1.0,0.6286027115213223
last_quarter_by_subject,Q2,blend_lightgbm_rule_0.25,lightgbm,0.0,0.6760441007838464
last_quarter_by_subject,Q2,blend_lightgbm_rule_0.25,lightgbm,0.15,0.6466096352039412
last_quarter_by_subject,Q2,blend_lightgbm_rule_0.25,lightgbm,0.25,0.6337102420540778
last_quarter_by_subject,Q2,blend_lightgbm_rule_0.25,lightgbm,0.35,0.6262946381753887
last_quarter_by_subject,Q2,blend_lightgbm_rule_0.25,lightgbm,0.5,0.6262781014084957
last_quarter_by_subject,Q2,blend_lightgbm_rule_0.25,lightgbm,0.75,0.663654370076708
last_quarter_by_subject,Q2,blend_lightgbm_rule_0.25,lightgbm,1.0,0.7859236211539867
last_quarter_by_subject,Q2,blend_lightgbm_rule_0.5,lightgbm,0.0,0.6760441007838464
last_quarter_by_subject,Q2,blend_lightgbm_rule_0.5,lightgbm,0.15,0.6514909155945209
last_quarter_by_subject,Q2,blend_lightgbm_rule_0.5,lightgbm,0.25,0.638574990765642
last_quarter_by_subject,Q2,blend_lightgbm_rule_0.5,lightgbm,0.35,0.628385461050356
last_quarter_by_subject,Q2,blend_lightgbm_rule_0.5,lightgbm,0.5,0.6183087036302838
last_quarter_by_subject,Q2,blend_lightgbm_rule_0.5,lightgbm,0.75,0.6166951431023002
last_quarter_by_subject,Q2,blend_lightgbm_rule_0.5,lightgbm,1.0,0.6393878462664124
last_quarter_by_subject,Q2,blend_lightgbm_rule_0.75,lightgbm,0.0,0.6760441007838464
last_quarter_by_subject,Q2,blend_lightgbm_rule_0.75,lightgbm,0.15,0.6575390689847466
last_quarter_by_subject,Q2,blend_lightgbm_rule_0.75,lightgbm,0.25,0.6467139958443393
last_quarter_by_subject,Q2,blend_lightgbm_rule_0.75,lightgbm,0.35,0.6370587046806628
last_quarter_by_subject,Q2,blend_lightgbm_rule_0.75,lightgbm,0.5,0.6247364612613351
last_quarter_by_subject,Q2,blend_lightgbm_rule_0.75,lightgbm,0.75,0.6100384873428814
last_quarter_by_subject,Q2,blend_lightgbm_rule_0.75,lightgbm,1.0,0.6033026506090006
last_quarter_by_subject,Q2,model_catboost,catboost,0.0,0.6760441007838464
last_quarter_by_subject,Q2,model_catboost,catboost,0.15,0.6637430782619795
last_quarter_by_subject,Q2,model_catboost,catboost,0.25,0.6561717590142436
last_quarter_by_subject,Q2,model_catboost,catboost,0.35,0.6490815465078678
last_quarter_by_subject,Q2,model_catboost,catboost,0.5,0.6393166441144964
last_quarter_by_subject,Q2,model_catboost,catboost,0.75,0.6252842571431974
last_quarter_by_subject,Q2,model_catboost,catboost,1.0,0.6140086153591929
last_quarter_by_subject,Q2,blend_catboost_rule_0.25,catboost,0.0,0.6760441007838464
last_quarter_by_subject,Q2,blend_catboost_rule_0.25,catboost,0.15,0.6463771675339042
last_quarter_by_subject,Q2,blend_catboost_rule_0.25,catboost,0.25,0.6332825541393918
last_quarter_by_subject,Q2,blend_catboost_rule_0.25,catboost,0.35,0.6256286077050809
last_quarter_by_subject,Q2,blend_catboost_rule_0.25,catboost,0.5,0.6251342751934973
last_quarter_by_subject,Q2,blend_catboost_rule_0.25,catboost,0.75,0.6610215120195087
last_quarter_by_subject,Q2,blend_catboost_rule_0.25,catboost,1.0,0.7779184116600854
last_quarter_by_subject,Q2,blend_catboost_rule_0.5,catboost,0.0,0.6760441007838464
last_quarter_by_subject,Q2,blend_catboost_rule_0.5,catboost,0.15,0.6510154665255579
last_quarter_by_subject,Q2,blend_catboost_rule_0.5,catboost,0.25,0.6376992128019766
last_quarter_by_subject,Q2,blend_catboost_rule_0.5,catboost,0.35,0.6270342921994662
last_quarter_by_subject,Q2,blend_catboost_rule_0.5,catboost,0.5,0.6160699228718096
last_quarter_by_subject,Q2,blend_catboost_rule_0.5,catboost,0.75,0.6122408182303017
last_quarter_by_subject,Q2,blend_catboost_rule_0.5,catboost,1.0,0.6306063583865202
last_quarter_by_subject,Q2,blend_catboost_rule_0.75,catboost,0.0,0.6760441007838464
last_quarter_by_subject,Q2,blend_catboost_rule_0.75,catboost,0.15,0.6568067216484338
last_quarter_by_subject,Q2,blend_catboost_rule_0.75,catboost,0.25,0.64535420507384
last_quarter_by_subject,Q2,blend_catboost_rule_0.75,catboost,0.35,0.6349598212548229
last_quarter_by_subject,Q2,blend_catboost_rule_0.75,catboost,0.5,0.6213077430638239
last_quarter_by_subject,Q2,blend_catboost_rule_0.75,catboost,0.75,0.6036920324832254
last_quarter_by_subject,Q2,blend_catboost_rule_0.75,catboost,1.0,0.5927534422213445
last_quarter_by_subject,Q2,meta_rule_extra_trees,extra_trees,0.0,0.6760441007838464
last_quarter_by_subject,Q2,meta_rule_extra_trees,extra_trees,0.15,0.6648888644415291
last_quarter_by_subject,Q2,meta_rule_extra_trees,extra_trees,0.25,0.658017312476902
last_quarter_by_subject,Q2,meta_rule_extra_trees,extra_trees,0.35,0.651582792996428
last_quarter_by_subject,Q2,meta_rule_extra_trees,extra_trees,0.5,0.6427299952536963
last_quarter_by_subject,Q2,meta_rule_extra_trees,extra_trees,0.75,0.630063000079457
last_quarter_by_subject,Q2,meta_rule_extra_trees,extra_trees,1.0,0.6200103763120436
last_quarter_by_subject,Q2,meta_rule_lightgbm,lightgbm,0.0,0.6760441007838464
last_quarter_by_subject,Q2,meta_rule_lightgbm,lightgbm,0.15,0.6641641185311797
last_quarter_by_subject,Q2,meta_rule_lightgbm,lightgbm,0.25,0.6571215744635233
last_quarter_by_subject,Q2,meta_rule_lightgbm,lightgbm,0.35,0.6507556804453799
last_quarter_by_subject,Q2,meta_rule_lightgbm,lightgbm,0.5,0.6424461036808207
last_quarter_by_subject,Q2,meta_rule_lightgbm,lightgbm,0.75,0.6318698624720333
last_quarter_by_subject,Q2,meta_rule_lightgbm,lightgbm,1.0,0.625516586355856
last_quarter_by_subject,Q2,meta_rule_catboost,catboost,0.0,0.6760441007838464
last_quarter_by_subject,Q2,meta_rule_catboost,catboost,0.15,0.6642506376028913
last_quarter_by_subject,Q2,meta_rule_catboost,catboost,0.25,0.6569708596904354
last_quarter_by_subject,Q2,meta_rule_catboost,catboost,0.35,0.6501434115191937
last_quarter_by_subject,Q2,meta_rule_catboost,catboost,0.5,0.6407326587772366
last_quarter_by_subject,Q2,meta_rule_catboost,catboost,0.75,0.6272304569308885
last_quarter_by_subject,Q2,meta_rule_catboost,catboost,1.0,0.6164801808260147
last_quarter_by_subject,Q2,meta_rule_hist_gradient_boosting,hist_gradient_boosting,0.0,0.6760441007838464
last_quarter_by_subject,Q2,meta_rule_hist_gradient_boosting,hist_gradient_boosting,0.15,0.6596997661516448
last_quarter_by_subject,Q2,meta_rule_hist_gradient_boosting,hist_gradient_boosting,0.25,0.6505289105130047
last_quarter_by_subject,Q2,meta_rule_hist_gradient_boosting,hist_gradient_boosting,0.35,0.6427110760291003
last_quarter_by_subject,Q2,meta_rule_hist_gradient_boosting,hist_gradient_boosting,0.5,0.6335448915806011
last_quarter_by_subject,Q2,meta_rule_hist_gradient_boosting,hist_gradient_boosting,0.75,0.6256484655468528
last_quarter_by_subject,Q2,meta_rule_hist_gradient_boosting,hist_gradient_boosting,1.0,0.6299354452330828
last_quarter_by_subject,Q3,history_blend,history,1.0,0.6633206469835381
last_quarter_by_subject,Q3,rule_subject_strategy_tuned,rule,0.0,0.6552122211766116
last_quarter_by_subject,Q3,rule_subject_strategy_tuned,rule,0.15,0.6297729597158603
last_quarter_by_subject,Q3,rule_subject_strategy_tuned,rule,0.25,0.623966921534517
last_quarter_by_subject,Q3,rule_subject_strategy_tuned,rule,0.35,0.6278239699956417
last_quarter_by_subject,Q3,rule_subject_strategy_tuned,rule,0.5,0.6554687710354975
last_quarter_by_subject,Q3,rule_subject_strategy_tuned,rule,0.75,0.8008749105051693
last_quarter_by_subject,Q3,rule_subject_strategy_tuned,rule,1.0,3.148900130462184
last_quarter_by_subject,Q3,model_logistic_regression,logistic_regression,0.0,0.6552122211766116
last_quarter_by_subject,Q3,model_logistic_regression,logistic_regression,0.15,0.6465307530826047
last_quarter_by_subject,Q3,model_logistic_regression,logistic_regression,0.25,0.6482416207125787
last_quarter_by_subject,Q3,model_logistic_regression,logistic_regression,0.35,0.6563086333359589
last_quarter_by_subject,Q3,model_logistic_regression,logistic_regression,0.5,0.6821841077452351
last_quarter_by_subject,Q3,model_logistic_regression,logistic_regression,0.75,0.7808589076836475
last_quarter_by_subject,Q3,model_logistic_regression,logistic_regression,1.0,1.3063097172972737
last_quarter_by_subject,Q3,blend_logistic_regression_rule_0.25,logistic_regression,0.0,0.6552122211766116
last_quarter_by_subject,Q3,blend_logistic_regression_rule_0.25,logistic_regression,0.15,0.6307085222981452
last_quarter_by_subject,Q3,blend_logistic_regression_rule_0.25,logistic_regression,0.25,0.620814505160292
last_quarter_by_subject,Q3,blend_logistic_regression_rule_0.25,logistic_regression,0.35,0.6162049111663791
last_quarter_by_subject,Q3,blend_logistic_regression_rule_0.25,logistic_regression,0.5,0.620282122338081
last_quarter_by_subject,Q3,blend_logistic_regression_rule_0.25,logistic_regression,0.75,0.6682128023890368
last_quarter_by_subject,Q3,blend_logistic_regression_rule_0.25,logistic_regression,1.0,1.0024965333894102
last_quarter_by_subject,Q3,blend_logistic_regression_rule_0.5,logistic_regression,0.0,0.6552122211766116
last_quarter_by_subject,Q3,blend_logistic_regression_rule_0.5,logistic_regression,0.15,0.6338155308110481
last_quarter_by_subject,Q3,blend_logistic_regression_rule_0.5,logistic_regression,0.25,0.6238756972644744
last_quarter_by_subject,Q3,blend_logistic_regression_rule_0.5,logistic_regression,0.35,0.6174317728515579
last_quarter_by_subject,Q3,blend_logistic_regression_rule_0.5,logistic_regression,0.5,0.6149819993900816
last_quarter_by_subject,Q3,blend_logistic_regression_rule_0.5,logistic_regression,0.75,0.6381010017260756
last_quarter_by_subject,Q3,blend_logistic_regression_rule_0.5,logistic_regression,1.0,0.8742516552991748
last_quarter_by_subject,Q3,blend_logistic_regression_rule_0.75,logistic_regression,0.0,0.6552122211766116
last_quarter_by_subject,Q3,blend_logistic_regression_rule_0.75,logistic_regression,0.15,0.6390749478968434
last_quarter_by_subject,Q3,blend_logistic_regression_rule_0.75,logistic_regression,0.25,0.6329281304987928
last_quarter_by_subject,Q3,blend_logistic_regression_rule_0.75,logistic_regression,0.35,0.6304861271712301
last_quarter_by_subject,Q3,blend_logistic_regression_rule_0.75,logistic_regression,0.5,0.6343428286203701
last_quarter_by_subject,Q3,blend_logistic_regression_rule_0.75,logistic_regression,0.75,0.6677843008516261
last_quarter_by_subject,Q3,blend_logistic_regression_rule_0.75,logistic_regression,1.0,0.8916333574836482
last_quarter_by_subject,Q3,model_linear_svc,linear_svc,0.0,0.6552122211766116
last_quarter_by_subject,Q3,model_linear_svc,linear_svc,0.15,0.6515619628891713
last_quarter_by_subject,Q3,model_linear_svc,linear_svc,0.25,0.6542195463882333
last_quarter_by_subject,Q3,model_linear_svc,linear_svc,0.35,0.661245343150417
last_quarter_by_subject,Q3,model_linear_svc,linear_svc,0.5,0.6812355963353623
last_quarter_by_subject,Q3,model_linear_svc,linear_svc,0.75,0.7514117587237024
last_quarter_by_subject,Q3,model_linear_svc,linear_svc,1.0,1.002038124690158
last_quarter_by_subject,Q3,blend_linear_svc_rule_0.25,linear_svc,0.0,0.6552122211766116
last_quarter_by_subject,Q3,blend_linear_svc_rule_0.25,linear_svc,0.15,0.6322712352784899
last_quarter_by_subject,Q3,blend_linear_svc_rule_0.25,linear_svc,0.25,0.6231604394517262
last_quarter_by_subject,Q3,blend_linear_svc_rule_0.25,linear_svc,0.35,0.6191179019480488
last_quarter_by_subject,Q3,blend_linear_svc_rule_0.25,linear_svc,0.5,0.62349282768313
last_quarter_by_subject,Q3,blend_linear_svc_rule_0.25,linear_svc,0.75,0.6682089233843294
last_quarter_by_subject,Q3,blend_linear_svc_rule_0.25,linear_svc,1.0,0.878609069076793
last_quarter_by_subject,Q3,blend_linear_svc_rule_0.5,linear_svc,0.0,0.6552122211766116
last_quarter_by_subject,Q3,blend_linear_svc_rule_0.5,linear_svc,0.15,0.6367270944843173
last_quarter_by_subject,Q3,blend_linear_svc_rule_0.5,linear_svc,0.25,0.6279565139301636
last_quarter_by_subject,Q3,blend_linear_svc_rule_0.5,linear_svc,0.35,0.6220363268283923
last_quarter_by_subject,Q3,blend_linear_svc_rule_0.5,linear_svc,0.5,0.6189073193065582
last_quarter_by_subject,Q3,blend_linear_svc_rule_0.5,linear_svc,0.75,0.6339790125029175
last_quarter_by_subject,Q3,blend_linear_svc_rule_0.5,linear_svc,1.0,0.7465387324389389
last_quarter_by_subject,Q3,blend_linear_svc_rule_0.75,linear_svc,0.0,0.6552122211766116
last_quarter_by_subject,Q3,blend_linear_svc_rule_0.75,linear_svc,0.15,0.6431409800653052
last_quarter_by_subject,Q3,blend_linear_svc_rule_0.75,linear_svc,0.25,0.6382254815110774
last_quarter_by_subject,Q3,blend_linear_svc_rule_0.75,linear_svc,0.35,0.6358211007555173
last_quarter_by_subject,Q3,blend_linear_svc_rule_0.75,linear_svc,0.5,0.6372488877138085
last_quarter_by_subject,Q3,blend_linear_svc_rule_0.75,linear_svc,0.75,0.6570426356701067
last_quarter_by_subject,Q3,blend_linear_svc_rule_0.75,linear_svc,1.0,0.7544896956569765
last_quarter_by_subject,Q3,model_svc_rbf,svc_rbf,0.0,0.6552122211766116
last_quarter_by_subject,Q3,model_svc_rbf,svc_rbf,0.15,0.6429901623971687
last_quarter_by_subject,Q3,model_svc_rbf,svc_rbf,0.25,0.635688603960803
last_quarter_by_subject,Q3,model_svc_rbf,svc_rbf,0.35,0.6290468309547443
last_quarter_by_subject,Q3,model_svc_rbf,svc_rbf,0.5,0.6203056920509731
last_quarter_by_subject,Q3,model_svc_rbf,svc_rbf,0.75,0.60902149824116
last_quarter_by_subject,Q3,model_svc_rbf,svc_rbf,1.0,0.6021273105551076
last_quarter_by_subject,Q3,blend_svc_rbf_rule_0.25,svc_rbf,0.0,0.6552122211766116
last_quarter_by_subject,Q3,blend_svc_rbf_rule_0.25,svc_rbf,0.15,0.6315898578675085
last_quarter_by_subject,Q3,blend_svc_rbf_rule_0.25,svc_rbf,0.25,0.622629937751566
last_quarter_by_subject,Q3,blend_svc_rbf_rule_0.25,svc_rbf,0.35,0.619246651786162
last_quarter_by_subject,Q3,blend_svc_rbf_rule_0.25,svc_rbf,0.5,0.6256113361887671
last_quarter_by_subject,Q3,blend_svc_rbf_rule_0.25,svc_rbf,0.75,0.675758578991332
last_quarter_by_subject,Q3,blend_svc_rbf_rule_0.25,svc_rbf,1.0,0.8206349604540848
last_quarter_by_subject,Q3,blend_svc_rbf_rule_0.5,svc_rbf,0.0,0.6552122211766116
last_quarter_by_subject,Q3,blend_svc_rbf_rule_0.5,svc_rbf,0.15,0.6344082139254529
last_quarter_by_subject,Q3,blend_svc_rbf_rule_0.5,svc_rbf,0.25,0.6242256593410933
last_quarter_by_subject,Q3,blend_svc_rbf_rule_0.5,svc_rbf,0.35,0.6169680853527482
last_quarter_by_subject,Q3,blend_svc_rbf_rule_0.5,svc_rbf,0.5,0.6117251982528896
last_quarter_by_subject,Q3,blend_svc_rbf_rule_0.5,svc_rbf,0.75,0.6198363791529647
last_quarter_by_subject,Q3,blend_svc_rbf_rule_0.5,svc_rbf,1.0,0.6564264014047024
last_quarter_by_subject,Q3,blend_svc_rbf_rule_0.75,svc_rbf,0.0,0.6552122211766116
last_quarter_by_subject,Q3,blend_svc_rbf_rule_0.75,svc_rbf,0.15,0.6382110385308107
last_quarter_by_subject,Q3,blend_svc_rbf_rule_0.75,svc_rbf,0.25,0.6286039992408724
last_quarter_by_subject,Q3,blend_svc_rbf_rule_0.75,svc_rbf,0.35,0.6203420257944247
last_quarter_by_subject,Q3,blend_svc_rbf_rule_0.75,svc_rbf,0.5,0.610459574792376
last_quarter_by_subject,Q3,blend_svc_rbf_rule_0.75,svc_rbf,0.75,0.6009363969277165
last_quarter_by_subject,Q3,blend_svc_rbf_rule_0.75,svc_rbf,1.0,0.6014193393359633
last_quarter_by_subject,Q3,model_random_forest,random_forest,0.0,0.6552122211766116
last_quarter_by_subject,Q3,model_random_forest,random_forest,0.15,0.6481877573571557
last_quarter_by_subject,Q3,model_random_forest,random_forest,0.25,0.64409904827987
last_quarter_by_subject,Q3,model_random_forest,random_forest,0.35,0.6404718261254174
last_quarter_by_subject,Q3,model_random_forest,random_forest,0.5,0.6358798288810414
last_quarter_by_subject,Q3,model_random_forest,random_forest,0.75,0.6304698066095652
last_quarter_by_subject,Q3,model_random_forest,random_forest,1.0,0.6279243693695133
last_quarter_by_subject,Q3,blend_random_forest_rule_0.25,random_forest,0.0,0.6552122211766116
last_quarter_by_subject,Q3,blend_random_forest_rule_0.25,random_forest,0.15,0.6327007099887486
last_quarter_by_subject,Q3,blend_random_forest_rule_0.25,random_forest,0.25,0.6242056387123993
last_quarter_by_subject,Q3,blend_random_forest_rule_0.25,random_forest,0.35,0.6210493974373466
last_quarter_by_subject,Q3,blend_random_forest_rule_0.25,random_forest,0.5,0.6272187679800088
last_quarter_by_subject,Q3,blend_random_forest_rule_0.25,random_forest,0.75,0.6746677225552901
last_quarter_by_subject,Q3,blend_random_forest_rule_0.25,random_forest,1.0,0.8065066295367589
last_quarter_by_subject,Q3,blend_random_forest_rule_0.5,random_forest,0.0,0.6552122211766116
last_quarter_by_subject,Q3,blend_random_forest_rule_0.5,random_forest,0.15,0.6367547904194993
last_quarter_by_subject,Q3,blend_random_forest_rule_0.5,random_forest,0.25,0.6277285942893363
last_quarter_by_subject,Q3,blend_random_forest_rule_0.5,random_forest,0.35,0.6212895543800367
last_quarter_by_subject,Q3,blend_random_forest_rule_0.5,random_forest,0.5,0.6165778232716584
last_quarter_by_subject,Q3,blend_random_forest_rule_0.5,random_forest,0.75,0.6231513559587646
last_quarter_by_subject,Q3,blend_random_forest_rule_0.5,random_forest,1.0,0.6525577339799232
last_quarter_by_subject,Q3,blend_random_forest_rule_0.75,random_forest,0.0,0.6552122211766116
last_quarter_by_subject,Q3,blend_random_forest_rule_0.75,random_forest,0.15,0.6419191688448167
last_quarter_by_subject,Q3,blend_random_forest_rule_0.75,random_forest,0.25,0.6343829719408968
last_quarter_by_subject,Q3,blend_random_forest_rule_0.75,random_forest,0.35,0.627867668244994
last_quarter_by_subject,Q3,blend_random_forest_rule_0.75,random_forest,0.5,0.6199709880259291
last_quarter_by_subject,Q3,blend_random_forest_rule_0.75,random_forest,0.75,0.6118335759085218
last_quarter_by_subject,Q3,blend_random_forest_rule_0.75,random_forest,1.0,0.6104114768690727
last_quarter_by_subject,Q3,model_extra_trees,extra_trees,0.0,0.6552122211766116
last_quarter_by_subject,Q3,model_extra_trees,extra_trees,0.15,0.6476040359087871
last_quarter_by_subject,Q3,model_extra_trees,extra_trees,0.25,0.6431307618650022
last_quarter_by_subject,Q3,model_extra_trees,extra_trees,0.35,0.6391228730237424
last_quarter_by_subject,Q3,model_extra_trees,extra_trees,0.5,0.6339693945310069
last_quarter_by_subject,Q3,model_extra_trees,extra_trees,0.75,0.6276662910915423
last_quarter_by_subject,Q3,model_extra_trees,extra_trees,1.0,0.6243342611462114
last_quarter_by_subject,Q3,blend_extra_trees_rule_0.25,extra_trees,0.0,0.6552122211766116
last_quarter_by_subject,Q3,blend_extra_trees_rule_0.25,extra_trees,0.15,0.6324883588799101
last_quarter_by_subject,Q3,blend_extra_trees_rule_0.25,extra_trees,0.25,0.623771693470861
last_quarter_by_subject,Q3,blend_extra_trees_rule_0.25,extra_trees,0.35,0.6203163068836661
last_quarter_by_subject,Q3,blend_extra_trees_rule_0.25,extra_trees,0.5,0.6258462619120548
last_quarter_by_subject,Q3,blend_extra_trees_rule_0.25,extra_trees,0.75,0.6713536502752233
last_quarter_by_subject,Q3,blend_extra_trees_rule_0.25,extra_trees,1.0,0.798108528366401
last_quarter_by_subject,Q3,blend_extra_trees_rule_0.5,extra_trees,0.0,0.6552122211766116
last_quarter_by_subject,Q3,blend_extra_trees_rule_0.5,extra_trees,0.15,0.6363766211956128
last_quarter_by_subject,Q3,blend_extra_trees_rule_0.5,extra_trees,0.25,0.6270010494220154
last_quarter_by_subject,Q3,blend_extra_trees_rule_0.5,extra_trees,0.35,0.6201277964499315
last_quarter_by_subject,Q3,blend_extra_trees_rule_0.5,extra_trees,0.5,0.6145837327217147
last_quarter_by_subject,Q3,blend_extra_trees_rule_0.5,extra_trees,0.75,0.6191419842688253
last_quarter_by_subject,Q3,blend_extra_trees_rule_0.5,extra_trees,1.0,0.645244337209838
last_quarter_by_subject,Q3,blend_extra_trees_rule_0.75,extra_trees,0.0,0.6552122211766116
last_quarter_by_subject,Q3,blend_extra_trees_rule_0.75,extra_trees,0.15,0.6414180824272571
last_quarter_by_subject,Q3,blend_extra_trees_rule_0.75,extra_trees,0.25,0.6334814155718017
last_quarter_by_subject,Q3,blend_extra_trees_rule_0.75,extra_trees,0.35,0.6265119240560341
last_quarter_by_subject,Q3,blend_extra_trees_rule_0.75,extra_trees,0.5,0.6178296697159048
last_quarter_by_subject,Q3,blend_extra_trees_rule_0.75,extra_trees,0.75,0.6080756856540525
last_quarter_by_subject,Q3,blend_extra_trees_rule_0.75,extra_trees,1.0,0.6045500729021819
last_quarter_by_subject,Q3,model_hist_gradient_boosting,hist_gradient_boosting,0.0,0.6552122211766116
last_quarter_by_subject,Q3,model_hist_gradient_boosting,hist_gradient_boosting,0.15,0.6454406779098002
last_quarter_by_subject,Q3,model_hist_gradient_boosting,hist_gradient_boosting,0.25,0.6410292213293594
last_quarter_by_subject,Q3,model_hist_gradient_boosting,hist_gradient_boosting,0.35,0.6383388281128424
last_quarter_by_subject,Q3,model_hist_gradient_boosting,hist_gradient_boosting,0.5,0.6377197762844641
last_quarter_by_subject,Q3,model_hist_gradient_boosting,hist_gradient_boosting,0.75,0.6473112058810976
last_quarter_by_subject,Q3,model_hist_gradient_boosting,hist_gradient_boosting,1.0,0.6761731765253474
last_quarter_by_subject,Q3,blend_hist_gradient_boosting_rule_0.25,hist_gradient_boosting,0.0,0.6552122211766116
last_quarter_by_subject,Q3,blend_hist_gradient_boosting_rule_0.25,hist_gradient_boosting,0.15,0.6319816192411849
last_quarter_by_subject,Q3,blend_hist_gradient_boosting_rule_0.25,hist_gradient_boosting,0.25,0.6233690280875418
last_quarter_by_subject,Q3,blend_hist_gradient_boosting_rule_0.25,hist_gradient_boosting,0.35,0.6204446353825542
last_quarter_by_subject,Q3,blend_hist_gradient_boosting_rule_0.25,hist_gradient_boosting,0.5,0.6278688417940526
last_quarter_by_subject,Q3,blend_hist_gradient_boosting_rule_0.25,hist_gradient_boosting,0.75,0.6825692207817751
last_quarter_by_subject,Q3,blend_hist_gradient_boosting_rule_0.25,hist_gradient_boosting,1.0,0.8580470490722416
last_quarter_by_subject,Q3,blend_hist_gradient_boosting_rule_0.5,hist_gradient_boosting,0.0,0.6552122211766116
last_quarter_by_subject,Q3,blend_hist_gradient_boosting_rule_0.5,hist_gradient_boosting,0.15,0.6353350280092838
last_quarter_by_subject,Q3,blend_hist_gradient_boosting_rule_0.5,hist_gradient_boosting,0.25,0.6260863766039038
last_quarter_by_subject,Q3,blend_hist_gradient_boosting_rule_0.5,hist_gradient_boosting,0.35,0.6200801987128067
last_quarter_by_subject,Q3,blend_hist_gradient_boosting_rule_0.5,hist_gradient_boosting,0.5,0.6175463510016297
last_quarter_by_subject,Q3,blend_hist_gradient_boosting_rule_0.5,hist_gradient_boosting,0.75,0.6344269612715178
last_quarter_by_subject,Q3,blend_hist_gradient_boosting_rule_0.5,hist_gradient_boosting,1.0,0.6973520243153791
last_quarter_by_subject,Q3,blend_hist_gradient_boosting_rule_0.75,hist_gradient_boosting,0.0,0.6552122211766116
last_quarter_by_subject,Q3,blend_hist_gradient_boosting_rule_0.75,hist_gradient_boosting,0.15,0.6398204272312576
last_quarter_by_subject,Q3,blend_hist_gradient_boosting_rule_0.75,hist_gradient_boosting,0.25,0.631978190275885
last_quarter_by_subject,Q3,blend_hist_gradient_boosting_rule_0.75,hist_gradient_boosting,0.35,0.6260857165381156
last_quarter_by_subject,Q3,blend_hist_gradient_boosting_rule_0.75,hist_gradient_boosting,0.5,0.6210819330575997
last_quarter_by_subject,Q3,blend_hist_gradient_boosting_rule_0.75,hist_gradient_boosting,0.75,0.6246842091579708
last_quarter_by_subject,Q3,blend_hist_gradient_boosting_rule_0.75,hist_gradient_boosting,1.0,0.6509626861309856
last_quarter_by_subject,Q3,model_mlp,mlp,0.0,0.6552122211766116
last_quarter_by_subject,Q3,model_mlp,mlp,0.15,0.6295878261707986
last_quarter_by_subject,Q3,model_mlp,mlp,0.25,0.620057931989284
last_quarter_by_subject,Q3,model_mlp,mlp,0.35,0.6168969549271426
last_quarter_by_subject,Q3,model_mlp,mlp,0.5,0.6259301214487715
last_quarter_by_subject,Q3,model_mlp,mlp,0.75,0.6972316993137766
last_quarter_by_subject,Q3,model_mlp,mlp,1.0,1.2416144583477424
last_quarter_by_subject,Q3,blend_mlp_rule_0.25,mlp,0.0,0.6552122211766116
last_quarter_by_subject,Q3,blend_mlp_rule_0.25,mlp,0.15,0.6273354569227297
last_quarter_by_subject,Q3,blend_mlp_rule_0.25,mlp,0.25,0.6162037438572869
last_quarter_by_subject,Q3,blend_mlp_rule_0.25,mlp,0.35,0.6112659000026753
last_quarter_by_subject,Q3,blend_mlp_rule_0.25,mlp,0.5,0.6170217828340073
last_quarter_by_subject,Q3,blend_mlp_rule_0.25,mlp,0.75,0.6789858850543875
last_quarter_by_subject,Q3,blend_mlp_rule_0.25,mlp,1.0,1.2729783386804119
last_quarter_by_subject,Q3,blend_mlp_rule_0.5,mlp,0.0,0.6552122211766116
last_quarter_by_subject,Q3,blend_mlp_rule_0.5,mlp,0.15,0.6265137077602942
last_quarter_by_subject,Q3,blend_mlp_rule_0.5,mlp,0.25,0.6131137842096884
last_quarter_by_subject,Q3,blend_mlp_rule_0.5,mlp,0.35,0.6044863645234081
last_quarter_by_subject,Q3,blend_mlp_rule_0.5,mlp,0.5,0.6017671519189575
last_quarter_by_subject,Q3,blend_mlp_rule_0.5,mlp,0.75,0.639055501471785
last_quarter_by_subject,Q3,blend_mlp_rule_0.5,mlp,1.0,1.1171583667257432
last_quarter_by_subject,Q3,blend_mlp_rule_0.75,mlp,0.0,0.6552122211766116
last_quarter_by_subject,Q3,blend_mlp_rule_0.75,mlp,0.15,0.6272636740200359
last_quarter_by_subject,Q3,blend_mlp_rule_0.75,mlp,0.25,0.6143823970757789
last_quarter_by_subject,Q3,blend_mlp_rule_0.75,mlp,0.35,0.6062826471069596
last_quarter_by_subject,Q3,blend_mlp_rule_0.75,mlp,0.5,0.6043092833767854
last_quarter_by_subject,Q3,blend_mlp_rule_0.75,mlp,0.75,0.6418580838279153
last_quarter_by_subject,Q3,blend_mlp_rule_0.75,mlp,1.0,1.0804610458564192
last_quarter_by_subject,Q3,model_lightgbm,lightgbm,0.0,0.6552122211766116
last_quarter_by_subject,Q3,model_lightgbm,lightgbm,0.15,0.6483220585060184
last_quarter_by_subject,Q3,model_lightgbm,lightgbm,0.25,0.6449074784421531
last_quarter_by_subject,Q3,model_lightgbm,lightgbm,0.35,0.6424372192557448
last_quarter_by_subject,Q3,model_lightgbm,lightgbm,0.5,0.6405402504023694
last_quarter_by_subject,Q3,model_lightgbm,lightgbm,0.75,0.6425352463091202
last_quarter_by_subject,Q3,model_lightgbm,lightgbm,1.0,0.6520735920899154
last_quarter_by_subject,Q3,blend_lightgbm_rule_0.25,lightgbm,0.0,0.6552122211766116
last_quarter_by_subject,Q3,blend_lightgbm_rule_0.25,lightgbm,0.15,0.6326616335385754
last_quarter_by_subject,Q3,blend_lightgbm_rule_0.25,lightgbm,0.25,0.624236331740351
last_quarter_by_subject,Q3,blend_lightgbm_rule_0.25,lightgbm,0.35,0.62126808212229
last_quarter_by_subject,Q3,blend_lightgbm_rule_0.25,lightgbm,0.5,0.6280630452425258
last_quarter_by_subject,Q3,blend_lightgbm_rule_0.25,lightgbm,0.75,0.6785857610534707
last_quarter_by_subject,Q3,blend_lightgbm_rule_0.25,lightgbm,1.0,0.8257086246822973
last_quarter_by_subject,Q3,blend_lightgbm_rule_0.5,lightgbm,0.0,0.6552122211766116
last_quarter_by_subject,Q3,blend_lightgbm_rule_0.5,lightgbm,0.15,0.6367189552204834
last_quarter_by_subject,Q3,blend_lightgbm_rule_0.5,lightgbm,0.25,0.6278784906418711
last_quarter_by_subject,Q3,blend_lightgbm_rule_0.5,lightgbm,0.35,0.6218410012825487
last_quarter_by_subject,Q3,blend_lightgbm_rule_0.5,lightgbm,0.5,0.6182699528592935
last_quarter_by_subject,Q3,blend_lightgbm_rule_0.5,lightgbm,0.75,0.6291218492112258
last_quarter_by_subject,Q3,blend_lightgbm_rule_0.5,lightgbm,1.0,0.6698911729475078
last_quarter_by_subject,Q3,blend_lightgbm_rule_0.75,lightgbm,0.0,0.6552122211766116
last_quarter_by_subject,Q3,blend_lightgbm_rule_0.75,lightgbm,0.15,0.6419371185858435
last_quarter_by_subject,Q3,blend_lightgbm_rule_0.75,lightgbm,0.25,0.6347726111204068
last_quarter_by_subject,Q3,blend_lightgbm_rule_0.75,lightgbm,0.35,0.6289444580032592
last_quarter_by_subject,Q3,blend_lightgbm_rule_0.75,lightgbm,0.5,0.6227494919470687
last_quarter_by_subject,Q3,blend_lightgbm_rule_0.75,lightgbm,0.75,0.6197377214599726
last_quarter_by_subject,Q3,blend_lightgbm_rule_0.75,lightgbm,1.0,0.6279152102480898
last_quarter_by_subject,Q3,model_catboost,catboost,0.0,0.6552122211766116
last_quarter_by_subject,Q3,model_catboost,catboost,0.15,0.6458954704653739
last_quarter_by_subject,Q3,model_catboost,catboost,0.25,0.6402105360286529
last_quarter_by_subject,Q3,model_catboost,catboost,0.35,0.6349353640862749
last_quarter_by_subject,Q3,model_catboost,catboost,0.5,0.627777038784062
last_quarter_by_subject,Q3,model_catboost,catboost,0.75,0.6178369217961905
last_quarter_by_subject,Q3,model_catboost,catboost,1.0,0.6104172252793945
last_quarter_by_subject,Q3,blend_catboost_rule_0.25,catboost,0.0,0.6552122211766116
last_quarter_by_subject,Q3,blend_catboost_rule_0.25,catboost,0.15,0.632082001918971
last_quarter_by_subject,Q3,blend_catboost_rule_0.25,catboost,0.25,0.6231139388870134
last_quarter_by_subject,Q3,blend_catboost_rule_0.25,catboost,0.35,0.6194358624054128
last_quarter_by_subject,Q3,blend_catboost_rule_0.25,catboost,0.5,0.6247067273160232
last_quarter_by_subject,Q3,blend_catboost_rule_0.25,catboost,0.75,0.6700977795301916
last_quarter_by_subject,Q3,blend_catboost_rule_0.25,catboost,1.0,0.797682161510799
last_quarter_by_subject,Q3,blend_catboost_rule_0.5,catboost,0.0,0.6552122211766116
last_quarter_by_subject,Q3,blend_catboost_rule_0.5,catboost,0.15,0.6355475229382568
last_quarter_by_subject,Q3,blend_catboost_rule_0.5,catboost,0.25,0.625627470869993
last_quarter_by_subject,Q3,blend_catboost_rule_0.5,catboost,0.35,0.6182320313309047
last_quarter_by_subject,Q3,blend_catboost_rule_0.5,catboost,0.5,0.6119680024198707
last_quarter_by_subject,Q3,blend_catboost_rule_0.5,catboost,0.75,0.6155664303269046
last_quarter_by_subject,Q3,blend_catboost_rule_0.5,catboost,1.0,0.641151475678222
last_quarter_by_subject,Q3,blend_catboost_rule_0.75,catboost,0.0,0.6552122211766116
last_quarter_by_subject,Q3,blend_catboost_rule_0.75,catboost,0.15,0.6401535314705059
last_quarter_by_subject,Q3,blend_catboost_rule_0.75,catboost,0.25,0.6313482505924548
last_quarter_by_subject,Q3,blend_catboost_rule_0.75,catboost,0.35,0.6235012774643001
last_quarter_by_subject,Q3,blend_catboost_rule_0.75,catboost,0.5,0.6135023237871985
last_quarter_by_subject,Q3,blend_catboost_rule_0.75,catboost,0.75,0.6015982999178253
last_quarter_by_subject,Q3,blend_catboost_rule_0.75,catboost,1.0,0.5960325369568159
last_quarter_by_subject,Q3,meta_rule_extra_trees,extra_trees,0.0,0.6552122211766116
last_quarter_by_subject,Q3,meta_rule_extra_trees,extra_trees,0.15,0.6457363648612999
last_quarter_by_subject,Q3,meta_rule_extra_trees,extra_trees,0.25,0.640012146773125
last_quarter_by_subject,Q3,meta_rule_extra_trees,extra_trees,0.35,0.6347451392456857
last_quarter_by_subject,Q3,meta_rule_extra_trees,extra_trees,0.5,0.6276798007841361
last_quarter_by_subject,Q3,meta_rule_extra_trees,extra_trees,0.75,0.6180895962658187
last_quarter_by_subject,Q3,meta_rule_extra_trees,extra_trees,1.0,0.6112497392066333
last_quarter_by_subject,Q3,meta_rule_lightgbm,lightgbm,0.0,0.6552122211766116
last_quarter_by_subject,Q3,meta_rule_lightgbm,lightgbm,0.15,0.648096900266753
last_quarter_by_subject,Q3,meta_rule_lightgbm,lightgbm,0.25,0.6445191153469915
last_quarter_by_subject,Q3,meta_rule_lightgbm,lightgbm,0.35,0.6418738999941164
last_quarter_by_subject,Q3,meta_rule_lightgbm,lightgbm,0.5,0.6396896606537466
last_quarter_by_subject,Q3,meta_rule_lightgbm,lightgbm,0.75,0.6411273216644351
last_quarter_by_subject,Q3,meta_rule_lightgbm,lightgbm,1.0,0.6499891971605354
last_quarter_by_subject,Q3,meta_rule_catboost,catboost,0.0,0.6552122211766116
last_quarter_by_subject,Q3,meta_rule_catboost,catboost,0.15,0.6458271282862675
last_quarter_by_subject,Q3,meta_rule_catboost,catboost,0.25,0.6401257992129632
last_quarter_by_subject,Q3,meta_rule_catboost,catboost,0.35,0.6348603798433197
last_quarter_by_subject,Q3,meta_rule_catboost,catboost,0.5,0.627771309138309
last_quarter_by_subject,Q3,meta_rule_catboost,catboost,0.75,0.6181163453884434
last_quarter_by_subject,Q3,meta_rule_catboost,catboost,1.0,0.6112425948286914
last_quarter_by_subject,Q3,meta_rule_hist_gradient_boosting,hist_gradient_boosting,0.0,0.6552122211766116
last_quarter_by_subject,Q3,meta_rule_hist_gradient_boosting,hist_gradient_boosting,0.15,0.6454406779098002
last_quarter_by_subject,Q3,meta_rule_hist_gradient_boosting,hist_gradient_boosting,0.25,0.6410292213293594
last_quarter_by_subject,Q3,meta_rule_hist_gradient_boosting,hist_gradient_boosting,0.35,0.6383388281128424
last_quarter_by_subject,Q3,meta_rule_hist_gradient_boosting,hist_gradient_boosting,0.5,0.6377197762844641
last_quarter_by_subject,Q3,meta_rule_hist_gradient_boosting,hist_gradient_boosting,0.75,0.6473112058810976
last_quarter_by_subject,Q3,meta_rule_hist_gradient_boosting,hist_gradient_boosting,1.0,0.6761731765253474
last_quarter_by_subject,S1,history_blend,history,1.0,0.5669928277253435
last_quarter_by_subject,S1,rule_subject_strategy_tuned,rule,0.0,0.6116055162188185
last_quarter_by_subject,S1,rule_subject_strategy_tuned,rule,0.15,0.5798483620785009
last_quarter_by_subject,S1,rule_subject_strategy_tuned,rule,0.25,0.5695458829383448
last_quarter_by_subject,S1,rule_subject_strategy_tuned,rule,0.35,0.5679618114429322
last_quarter_by_subject,S1,rule_subject_strategy_tuned,rule,0.5,0.5844774791275622
last_quarter_by_subject,S1,rule_subject_strategy_tuned,rule,0.75,0.6952210788056787
last_quarter_by_subject,S1,rule_subject_strategy_tuned,rule,1.0,2.59786010850636
last_quarter_by_subject,S1,model_logistic_regression,logistic_regression,0.0,0.6116055162188185
last_quarter_by_subject,S1,model_logistic_regression,logistic_regression,0.15,0.6194785389396624
last_quarter_by_subject,S1,model_logistic_regression,logistic_regression,0.25,0.633860464153242
last_quarter_by_subject,S1,model_logistic_regression,logistic_regression,0.35,0.6556515087028602
last_quarter_by_subject,S1,model_logistic_regression,logistic_regression,0.5,0.7041490781931208
last_quarter_by_subject,S1,model_logistic_regression,logistic_regression,0.75,0.8481245108929627
last_quarter_by_subject,S1,model_logistic_regression,logistic_regression,1.0,1.3843127640697814
last_quarter_by_subject,S1,blend_logistic_regression_rule_0.25,logistic_regression,0.0,0.6116055162188185
last_quarter_by_subject,S1,blend_logistic_regression_rule_0.25,logistic_regression,0.15,0.5870507300450498
last_quarter_by_subject,S1,blend_logistic_regression_rule_0.25,logistic_regression,0.25,0.5781747049034918
last_quarter_by_subject,S1,blend_logistic_regression_rule_0.25,logistic_regression,0.35,0.5751135512794335
last_quarter_by_subject,S1,blend_logistic_regression_rule_0.25,logistic_regression,0.5,0.5824987246711802
last_quarter_by_subject,S1,blend_logistic_regression_rule_0.25,logistic_regression,0.75,0.6416983912578426
last_quarter_by_subject,S1,blend_logistic_regression_rule_0.25,logistic_regression,1.0,1.0009503960998714
last_quarter_by_subject,S1,blend_logistic_regression_rule_0.5,logistic_regression,0.0,0.6116055162188185
last_quarter_by_subject,S1,blend_logistic_regression_rule_0.5,logistic_regression,0.15,0.5960700606796453
last_quarter_by_subject,S1,blend_logistic_regression_rule_0.5,logistic_regression,0.25,0.5918539514325702
last_quarter_by_subject,S1,blend_logistic_regression_rule_0.5,logistic_regression,0.35,0.5924004622451637
last_quarter_by_subject,S1,blend_logistic_regression_rule_0.5,logistic_regression,0.5,0.602944360159078
last_quarter_by_subject,S1,blend_logistic_regression_rule_0.5,logistic_regression,0.75,0.6575089326323134
last_quarter_by_subject,S1,blend_logistic_regression_rule_0.5,logistic_regression,1.0,0.9171303679485404
last_quarter_by_subject,S1,blend_logistic_regression_rule_0.75,logistic_regression,0.0,0.6116055162188185
last_quarter_by_subject,S1,blend_logistic_regression_rule_0.75,logistic_regression,0.15,0.606868635267269
last_quarter_by_subject,S1,blend_logistic_regression_rule_0.75,logistic_regression,0.25,0.6103355258694164
last_quarter_by_subject,S1,blend_logistic_regression_rule_0.75,logistic_regression,0.35,0.618946057212935
last_quarter_by_subject,S1,blend_logistic_regression_rule_0.75,logistic_regression,0.5,0.6422379289302668
last_quarter_by_subject,S1,blend_logistic_regression_rule_0.75,logistic_regression,0.75,0.7186198141289762
last_quarter_by_subject,S1,blend_logistic_regression_rule_0.75,logistic_regression,1.0,0.9663330461971473
last_quarter_by_subject,S1,model_linear_svc,linear_svc,0.0,0.6116055162188185
last_quarter_by_subject,S1,model_linear_svc,linear_svc,0.15,0.6158581760948421
last_quarter_by_subject,S1,model_linear_svc,linear_svc,0.25,0.6253756571634753
last_quarter_by_subject,S1,model_linear_svc,linear_svc,0.35,0.6401596506512879
last_quarter_by_subject,S1,model_linear_svc,linear_svc,0.5,0.6731226818132863
last_quarter_by_subject,S1,model_linear_svc,linear_svc,0.75,0.7676199341179031
last_quarter_by_subject,S1,model_linear_svc,linear_svc,1.0,1.0050034532364982
last_quarter_by_subject,S1,blend_linear_svc_rule_0.25,linear_svc,0.0,0.6116055162188185
last_quarter_by_subject,S1,blend_linear_svc_rule_0.25,linear_svc,0.15,0.5862243402027673
last_quarter_by_subject,S1,blend_linear_svc_rule_0.25,linear_svc,0.25,0.576264109595876
last_quarter_by_subject,S1,blend_linear_svc_rule_0.25,linear_svc,0.35,0.5716217390968004
last_quarter_by_subject,S1,blend_linear_svc_rule_0.25,linear_svc,0.5,0.5753367855006697
last_quarter_by_subject,S1,blend_linear_svc_rule_0.25,linear_svc,0.75,0.6207779022140264
last_quarter_by_subject,S1,blend_linear_svc_rule_0.25,linear_svc,1.0,0.8372291164330761
last_quarter_by_subject,S1,blend_linear_svc_rule_0.5,linear_svc,0.0,0.6116055162188185
last_quarter_by_subject,S1,blend_linear_svc_rule_0.5,linear_svc,0.15,0.5943793755644395
last_quarter_by_subject,S1,blend_linear_svc_rule_0.5,linear_svc,0.25,0.5879697181801619
last_quarter_by_subject,S1,blend_linear_svc_rule_0.5,linear_svc,0.35,0.5854073132296596
last_quarter_by_subject,S1,blend_linear_svc_rule_0.5,linear_svc,0.5,0.5891332881648046
last_quarter_by_subject,S1,blend_linear_svc_rule_0.5,linear_svc,0.75,0.6217543585900708
last_quarter_by_subject,S1,blend_linear_svc_rule_0.5,linear_svc,1.0,0.7518545342512996
last_quarter_by_subject,S1,blend_linear_svc_rule_0.75,linear_svc,0.0,0.6116055162188185
last_quarter_by_subject,S1,blend_linear_svc_rule_0.75,linear_svc,0.15,0.6042563973215442
last_quarter_by_subject,S1,blend_linear_svc_rule_0.75,linear_svc,0.25,0.6043157901756687
last_quarter_by_subject,S1,blend_linear_svc_rule_0.75,linear_svc,0.35,0.6081366850973842
last_quarter_by_subject,S1,blend_linear_svc_rule_0.75,linear_svc,0.5,0.6211718845989931
last_quarter_by_subject,S1,blend_linear_svc_rule_0.75,linear_svc,0.75,0.667150390109754
last_quarter_by_subject,S1,blend_linear_svc_rule_0.75,linear_svc,1.0,0.7878541580713109
last_quarter_by_subject,S1,model_svc_rbf,svc_rbf,0.0,0.6116055162188185
last_quarter_by_subject,S1,model_svc_rbf,svc_rbf,0.15,0.6038430511950647
last_quarter_by_subject,S1,model_svc_rbf,svc_rbf,0.25,0.5992076315880609
last_quarter_by_subject,S1,model_svc_rbf,svc_rbf,0.35,0.5949769954781332
last_quarter_by_subject,S1,model_svc_rbf,svc_rbf,0.5,0.589349340584956
last_quarter_by_subject,S1,model_svc_rbf,svc_rbf,0.75,0.5817658730597113
last_quarter_by_subject,S1,model_svc_rbf,svc_rbf,1.0,0.5762916249817133
last_quarter_by_subject,S1,blend_svc_rbf_rule_0.25,svc_rbf,0.0,0.6116055162188185
last_quarter_by_subject,S1,blend_svc_rbf_rule_0.25,svc_rbf,0.15,0.5842381805627551
last_quarter_by_subject,S1,blend_svc_rbf_rule_0.25,svc_rbf,0.25,0.572529015594105
last_quarter_by_subject,S1,blend_svc_rbf_rule_0.25,svc_rbf,0.35,0.5657730342881293
last_quarter_by_subject,S1,blend_svc_rbf_rule_0.25,svc_rbf,0.5,0.5652443433509817
last_quarter_by_subject,S1,blend_svc_rbf_rule_0.25,svc_rbf,0.75,0.5955972570831044
last_quarter_by_subject,S1,blend_svc_rbf_rule_0.25,svc_rbf,1.0,0.694278872848166
last_quarter_by_subject,S1,blend_svc_rbf_rule_0.5,svc_rbf,0.0,0.6116055162188185
last_quarter_by_subject,S1,blend_svc_rbf_rule_0.5,svc_rbf,0.15,0.5896984931060882
last_quarter_by_subject,S1,blend_svc_rbf_rule_0.5,svc_rbf,0.25,0.5785192170909305
last_quarter_by_subject,S1,blend_svc_rbf_rule_0.5,svc_rbf,0.35,0.56985436665217
last_quarter_by_subject,S1,blend_svc_rbf_rule_0.5,svc_rbf,0.5,0.5614107016820331
last_quarter_by_subject,S1,blend_svc_rbf_rule_0.5,svc_rbf,0.75,0.5598779729725544
last_quarter_by_subject,S1,blend_svc_rbf_rule_0.5,svc_rbf,1.0,0.577119124405008
last_quarter_by_subject,S1,blend_svc_rbf_rule_0.75,svc_rbf,0.0,0.6116055162188185
last_quarter_by_subject,S1,blend_svc_rbf_rule_0.75,svc_rbf,0.15,0.5962290280410953
last_quarter_by_subject,S1,blend_svc_rbf_rule_0.75,svc_rbf,0.25,0.587413934522482
last_quarter_by_subject,S1,blend_svc_rbf_rule_0.75,svc_rbf,0.35,0.5796475123532883
last_quarter_by_subject,S1,blend_svc_rbf_rule_0.75,svc_rbf,0.5,0.5698397252924354
last_quarter_by_subject,S1,blend_svc_rbf_rule_0.75,svc_rbf,0.75,0.5581515865440176
last_quarter_by_subject,S1,blend_svc_rbf_rule_0.75,svc_rbf,1.0,0.5522601140723573
last_quarter_by_subject,S1,model_random_forest,random_forest,0.0,0.6116055162188185
last_quarter_by_subject,S1,model_random_forest,random_forest,0.15,0.6016511630192085
last_quarter_by_subject,S1,model_random_forest,random_forest,0.25,0.5967102527933237
last_quarter_by_subject,S1,model_random_forest,random_forest,0.35,0.5930202999880887
last_quarter_by_subject,S1,model_random_forest,random_forest,0.5,0.5897034302869625
last_quarter_by_subject,S1,model_random_forest,random_forest,0.75,0.589862221678399
last_quarter_by_subject,S1,model_random_forest,random_forest,1.0,0.5972484620121671
last_quarter_by_subject,S1,blend_random_forest_rule_0.25,random_forest,0.0,0.6116055162188185
last_quarter_by_subject,S1,blend_random_forest_rule_0.25,random_forest,0.15,0.583567719006312
last_quarter_by_subject,S1,blend_random_forest_rule_0.25,random_forest,0.25,0.571471914527227
last_quarter_by_subject,S1,blend_random_forest_rule_0.25,random_forest,0.35,0.5642900990177621
last_quarter_by_subject,S1,blend_random_forest_rule_0.25,random_forest,0.5,0.5629459486160683
last_quarter_by_subject,S1,blend_random_forest_rule_0.25,random_forest,0.75,0.591302394705486
last_quarter_by_subject,S1,blend_random_forest_rule_0.25,random_forest,1.0,0.690414108779955
last_quarter_by_subject,S1,blend_random_forest_rule_0.5,random_forest,0.0,0.6116055162188185
last_quarter_by_subject,S1,blend_random_forest_rule_0.5,random_forest,0.15,0.5884634293364625
last_quarter_by_subject,S1,blend_random_forest_rule_0.5,random_forest,0.25,0.576795594339132
last_quarter_by_subject,S1,blend_random_forest_rule_0.5,random_forest,0.35,0.5678172084046524
last_quarter_by_subject,S1,blend_random_forest_rule_0.5,random_forest,0.5,0.5591683150953498
last_quarter_by_subject,S1,blend_random_forest_rule_0.5,random_forest,0.75,0.558213208029203
last_quarter_by_subject,S1,blend_random_forest_rule_0.5,random_forest,1.0,0.5793404727154292
last_quarter_by_subject,S1,blend_random_forest_rule_0.75,random_forest,0.0,0.6116055162188185
last_quarter_by_subject,S1,blend_random_forest_rule_0.75,random_forest,0.15,0.5944983590292838
last_quarter_by_subject,S1,blend_random_forest_rule_0.75,random_forest,0.25,0.5852543638818082
last_quarter_by_subject,S1,blend_random_forest_rule_0.75,random_forest,0.35,0.5775517727147522
last_quarter_by_subject,S1,blend_random_forest_rule_0.75,random_forest,0.5,0.5686864732780295
last_quarter_by_subject,S1,blend_random_forest_rule_0.75,random_forest,0.75,0.5608425119964775
last_quarter_by_subject,S1,blend_random_forest_rule_0.75,random_forest,1.0,0.5623845651435151
last_quarter_by_subject,S1,model_extra_trees,extra_trees,0.0,0.6116055162188185
last_quarter_by_subject,S1,model_extra_trees,extra_trees,0.15,0.6047721312378506
last_quarter_by_subject,S1,model_extra_trees,extra_trees,0.25,0.6019159871917964
last_quarter_by_subject,S1,model_extra_trees,extra_trees,0.35,0.6003145238962501
last_quarter_by_subject,S1,model_extra_trees,extra_trees,0.5,0.6001363834636924
last_quarter_by_subject,S1,model_extra_trees,extra_trees,0.75,0.60552735055156
last_quarter_by_subject,S1,model_extra_trees,extra_trees,1.0,0.6180868280077467
last_quarter_by_subject,S1,blend_extra_trees_rule_0.25,extra_trees,0.0,0.6116055162188185
last_quarter_by_subject,S1,blend_extra_trees_rule_0.25,extra_trees,0.15,0.5843292832375133
last_quarter_by_subject,S1,blend_extra_trees_rule_0.25,extra_trees,0.25,0.5727143536690097
last_quarter_by_subject,S1,blend_extra_trees_rule_0.25,extra_trees,0.35,0.5659874504186135
last_quarter_by_subject,S1,blend_extra_trees_rule_0.25,extra_trees,0.5,0.5652712295238737
last_quarter_by_subject,S1,blend_extra_trees_rule_0.25,extra_trees,0.75,0.5944919670985279
last_quarter_by_subject,S1,blend_extra_trees_rule_0.25,extra_trees,1.0,0.6940918015018674
last_quarter_by_subject,S1,blend_extra_trees_rule_0.5,extra_trees,0.0,0.6116055162188185
last_quarter_by_subject,S1,blend_extra_trees_rule_0.5,extra_trees,0.15,0.5899982116489425
last_quarter_by_subject,S1,blend_extra_trees_rule_0.5,extra_trees,0.25,0.579315388976559
last_quarter_by_subject,S1,blend_extra_trees_rule_0.5,extra_trees,0.35,0.5712832461892711
last_quarter_by_subject,S1,blend_extra_trees_rule_0.5,extra_trees,0.5,0.5639722506584653
last_quarter_by_subject,S1,blend_extra_trees_rule_0.5,extra_trees,0.75,0.5650121883296482
last_quarter_by_subject,S1,blend_extra_trees_rule_0.5,extra_trees,1.0,0.5878535608905624
last_quarter_by_subject,S1,blend_extra_trees_rule_0.75,extra_trees,0.0,0.6116055162188185
last_quarter_by_subject,S1,blend_extra_trees_rule_0.75,extra_trees,0.15,0.5968194192510249
last_quarter_by_subject,S1,blend_extra_trees_rule_0.75,extra_trees,0.25,0.5890943734965612
last_quarter_by_subject,S1,blend_extra_trees_rule_0.75,extra_trees,0.35,0.5828812769834093
last_quarter_by_subject,S1,blend_extra_trees_rule_0.75,extra_trees,0.5,0.5761886654372256
last_quarter_by_subject,S1,blend_extra_trees_rule_0.75,extra_trees,0.75,0.5717962485639188
last_quarter_by_subject,S1,blend_extra_trees_rule_0.75,extra_trees,1.0,0.5765976347616483
last_quarter_by_subject,S1,model_hist_gradient_boosting,hist_gradient_boosting,0.0,0.6116055162188185
last_quarter_by_subject,S1,model_hist_gradient_boosting,hist_gradient_boosting,0.15,0.5991468150211827
last_quarter_by_subject,S1,model_hist_gradient_boosting,hist_gradient_boosting,0.25,0.5929471607045177
last_quarter_by_subject,S1,model_hist_gradient_boosting,hist_gradient_boosting,0.35,0.5883619318439214
last_quarter_by_subject,S1,model_hist_gradient_boosting,hist_gradient_boosting,0.5,0.5845101780225523
last_quarter_by_subject,S1,model_hist_gradient_boosting,hist_gradient_boosting,0.75,0.5868066701125728
last_quarter_by_subject,S1,model_hist_gradient_boosting,hist_gradient_boosting,1.0,0.6033198345299302
last_quarter_by_subject,S1,blend_hist_gradient_boosting_rule_0.25,hist_gradient_boosting,0.0,0.6116055162188185
last_quarter_by_subject,S1,blend_hist_gradient_boosting_rule_0.25,hist_gradient_boosting,0.15,0.5832968162024481
last_quarter_by_subject,S1,blend_hist_gradient_boosting_rule_0.25,hist_gradient_boosting,0.25,0.5715836702453985
last_quarter_by_subject,S1,blend_hist_gradient_boosting_rule_0.25,hist_gradient_boosting,0.35,0.5653449580456882
last_quarter_by_subject,S1,blend_hist_gradient_boosting_rule_0.25,hist_gradient_boosting,0.5,0.5668205046831258
last_quarter_by_subject,S1,blend_hist_gradient_boosting_rule_0.25,hist_gradient_boosting,0.75,0.6066913544453421
last_quarter_by_subject,S1,blend_hist_gradient_boosting_rule_0.25,hist_gradient_boosting,1.0,0.7501640117854945
last_quarter_by_subject,S1,blend_hist_gradient_boosting_rule_0.5,hist_gradient_boosting,0.0,0.6116055162188185
last_quarter_by_subject,S1,blend_hist_gradient_boosting_rule_0.5,hist_gradient_boosting,0.15,0.5876657184878951
last_quarter_by_subject,S1,blend_hist_gradient_boosting_rule_0.5,hist_gradient_boosting,0.25,0.5762230469668354
last_quarter_by_subject,S1,blend_hist_gradient_boosting_rule_0.5,hist_gradient_boosting,0.35,0.5681621408279859
last_quarter_by_subject,S1,blend_hist_gradient_boosting_rule_0.5,hist_gradient_boosting,0.5,0.5624533870286934
last_quarter_by_subject,S1,blend_hist_gradient_boosting_rule_0.5,hist_gradient_boosting,0.75,0.5725324015159448
last_quarter_by_subject,S1,blend_hist_gradient_boosting_rule_0.5,hist_gradient_boosting,1.0,0.6223526978686303
last_quarter_by_subject,S1,blend_hist_gradient_boosting_rule_0.75,hist_gradient_boosting,0.0,0.6116055162188185
last_quarter_by_subject,S1,blend_hist_gradient_boosting_rule_0.75,hist_gradient_boosting,0.15,0.5929472036074384
last_quarter_by_subject,S1,blend_hist_gradient_boosting_rule_0.75,hist_gradient_boosting,0.25,0.5833495302252529
last_quarter_by_subject,S1,blend_hist_gradient_boosting_rule_0.75,hist_gradient_boosting,0.35,0.5758820985782382
last_quarter_by_subject,S1,blend_hist_gradient_boosting_rule_0.75,hist_gradient_boosting,0.5,0.568629851072009
last_quarter_by_subject,S1,blend_hist_gradient_boosting_rule_0.75,hist_gradient_boosting,0.75,0.5679546687058372
last_quarter_by_subject,S1,blend_hist_gradient_boosting_rule_0.75,hist_gradient_boosting,1.0,0.5869371642227585
last_quarter_by_subject,S1,model_mlp,mlp,0.0,0.6116055162188185
last_quarter_by_subject,S1,model_mlp,mlp,0.15,0.5961921886523129
last_quarter_by_subject,S1,model_mlp,mlp,0.25,0.5948277112827206
last_quarter_by_subject,S1,model_mlp,mlp,0.35,0.6004532536878894
last_quarter_by_subject,S1,model_mlp,mlp,0.5,0.6233643311578861
last_quarter_by_subject,S1,model_mlp,mlp,0.75,0.7179453965579492
last_quarter_by_subject,S1,model_mlp,mlp,1.0,1.1966507876864425
last_quarter_by_subject,S1,blend_mlp_rule_0.25,mlp,0.0,0.6116055162188185
last_quarter_by_subject,S1,blend_mlp_rule_0.25,mlp,0.15,0.5816951086396388
last_quarter_by_subject,S1,blend_mlp_rule_0.25,mlp,0.25,0.5696029048406129
last_quarter_by_subject,S1,blend_mlp_rule_0.25,mlp,0.35,0.5634799662758685
last_quarter_by_subject,S1,blend_mlp_rule_0.25,mlp,0.5,0.5663794500509346
last_quarter_by_subject,S1,blend_mlp_rule_0.25,mlp,0.75,0.6178518060083259
last_quarter_by_subject,S1,blend_mlp_rule_0.25,mlp,1.0,1.0772706409435868
last_quarter_by_subject,S1,blend_mlp_rule_0.5,mlp,0.0,0.6116055162188185
last_quarter_by_subject,S1,blend_mlp_rule_0.5,mlp,0.15,0.5850818122724982
last_quarter_by_subject,S1,blend_mlp_rule_0.5,mlp,0.25,0.5740703592059102
last_quarter_by_subject,S1,blend_mlp_rule_0.5,mlp,0.35,0.5681047033989326
last_quarter_by_subject,S1,blend_mlp_rule_0.5,mlp,0.5,0.5692796598458719
last_quarter_by_subject,S1,blend_mlp_rule_0.5,mlp,0.75,0.6098139079068129
last_quarter_by_subject,S1,blend_mlp_rule_0.5,mlp,1.0,0.9731841468878454
last_quarter_by_subject,S1,blend_mlp_rule_0.75,mlp,0.0,0.6116055162188185
last_quarter_by_subject,S1,blend_mlp_rule_0.75,mlp,0.15,0.5899249654664334
last_quarter_by_subject,S1,blend_mlp_rule_0.75,mlp,0.25,0.5825037404615501
last_quarter_by_subject,S1,blend_mlp_rule_0.75,mlp,0.35,0.5804359616807188
last_quarter_by_subject,S1,blend_mlp_rule_0.75,mlp,0.5,0.5880190167467472
last_quarter_by_subject,S1,blend_mlp_rule_0.75,mlp,0.75,0.6400632835517011
last_quarter_by_subject,S1,blend_mlp_rule_0.75,mlp,1.0,0.9762544961758484
last_quarter_by_subject,S1,model_lightgbm,lightgbm,0.0,0.6116055162188185
last_quarter_by_subject,S1,model_lightgbm,lightgbm,0.15,0.6019082705691379
last_quarter_by_subject,S1,model_lightgbm,lightgbm,0.25,0.5966517160564788
last_quarter_by_subject,S1,model_lightgbm,lightgbm,0.35,0.5923146849149029
last_quarter_by_subject,S1,model_lightgbm,lightgbm,0.5,0.5874858508065689
last_quarter_by_subject,S1,model_lightgbm,lightgbm,0.75,0.5838934866694468
last_quarter_by_subject,S1,model_lightgbm,lightgbm,1.0,0.5861992479621349
last_quarter_by_subject,S1,blend_lightgbm_rule_0.25,lightgbm,0.0,0.6116055162188185
last_quarter_by_subject,S1,blend_lightgbm_rule_0.25,lightgbm,0.15,0.5839803197468819
last_quarter_by_subject,S1,blend_lightgbm_rule_0.25,lightgbm,0.25,0.5725246024245886
last_quarter_by_subject,S1,blend_lightgbm_rule_0.25,lightgbm,0.35,0.5664032968283512
last_quarter_by_subject,S1,blend_lightgbm_rule_0.25,lightgbm,0.5,0.567745496285899
last_quarter_by_subject,S1,blend_lightgbm_rule_0.25,lightgbm,0.75,0.6056610303549237
last_quarter_by_subject,S1,blend_lightgbm_rule_0.25,lightgbm,1.0,0.7321580919633411
last_quarter_by_subject,S1,blend_lightgbm_rule_0.5,lightgbm,0.0,0.6116055162188185
last_quarter_by_subject,S1,blend_lightgbm_rule_0.5,lightgbm,0.15,0.5890277208320029
last_quarter_by_subject,S1,blend_lightgbm_rule_0.5,lightgbm,0.25,0.5780575543728497
last_quarter_by_subject,S1,blend_lightgbm_rule_0.5,lightgbm,0.35,0.5701432977159727
last_quarter_by_subject,S1,blend_lightgbm_rule_0.5,lightgbm,0.5,0.5639772494557489
last_quarter_by_subject,S1,blend_lightgbm_rule_0.5,lightgbm,0.75,0.5705015728141043
last_quarter_by_subject,S1,blend_lightgbm_rule_0.5,lightgbm,1.0,0.6062465235204217
last_quarter_by_subject,S1,blend_lightgbm_rule_0.75,lightgbm,0.0,0.6116055162188185
last_quarter_by_subject,S1,blend_lightgbm_rule_0.75,lightgbm,0.15,0.5949973176684916
last_quarter_by_subject,S1,blend_lightgbm_rule_0.75,lightgbm,0.25,0.5860893621405374
last_quarter_by_subject,S1,blend_lightgbm_rule_0.75,lightgbm,0.35,0.5787971078842039
last_quarter_by_subject,S1,blend_lightgbm_rule_0.75,lightgbm,0.5,0.5707996472096437
last_quarter_by_subject,S1,blend_lightgbm_rule_0.75,lightgbm,0.75,0.5654982043111986
last_quarter_by_subject,S1,blend_lightgbm_rule_0.75,lightgbm,1.0,0.5718298908785566
last_quarter_by_subject,S1,model_catboost,catboost,0.0,0.6116055162188185
last_quarter_by_subject,S1,model_catboost,catboost,0.15,0.6037641758620096
last_quarter_by_subject,S1,model_catboost,catboost,0.25,0.5990751881431601
last_quarter_by_subject,S1,model_catboost,catboost,0.35,0.5947968490784672
last_quarter_by_subject,S1,model_catboost,catboost,0.5,0.589120640903951
last_quarter_by_subject,S1,model_catboost,catboost,0.75,0.5815624618503359
last_quarter_by_subject,S1,model_catboost,catboost,1.0,0.5763212235758844
last_quarter_by_subject,S1,blend_catboost_rule_0.25,catboost,0.0,0.6116055162188185
last_quarter_by_subject,S1,blend_catboost_rule_0.25,catboost,0.15,0.5842792885696881
last_quarter_by_subject,S1,blend_catboost_rule_0.25,catboost,0.25,0.5726943412691349
last_quarter_by_subject,S1,blend_catboost_rule_0.25,catboost,0.35,0.5661748810162529
last_quarter_by_subject,S1,blend_catboost_rule_0.25,catboost,0.5,0.5662967970678688
last_quarter_by_subject,S1,blend_catboost_rule_0.25,catboost,0.75,0.5991404205451764
last_quarter_by_subject,S1,blend_catboost_rule_0.25,catboost,1.0,0.7054250481318118
last_quarter_by_subject,S1,blend_catboost_rule_0.5,catboost,0.0,0.6116055162188185
last_quarter_by_subject,S1,blend_catboost_rule_0.5,catboost,0.15,0.5897324777378541
last_quarter_by_subject,S1,blend_catboost_rule_0.5,catboost,0.25,0.5786830613146774
last_quarter_by_subject,S1,blend_catboost_rule_0.5,catboost,0.35,0.5702637121879641
last_quarter_by_subject,S1,blend_catboost_rule_0.5,catboost,0.5,0.562463328476669
last_quarter_by_subject,S1,blend_catboost_rule_0.5,catboost,0.75,0.5630307217501284
last_quarter_by_subject,S1,blend_catboost_rule_0.5,catboost,1.0,0.5845194721843843
last_quarter_by_subject,S1,blend_catboost_rule_0.75,catboost,0.0,0.6116055162188185
last_quarter_by_subject,S1,blend_catboost_rule_0.75,catboost,0.15,0.5962190966957877
last_quarter_by_subject,S1,blend_catboost_rule_0.75,catboost,0.25,0.5874616509025904
last_quarter_by_subject,S1,blend_catboost_rule_0.75,catboost,0.35,0.5798194666143202
last_quarter_by_subject,S1,blend_catboost_rule_0.75,catboost,0.5,0.5703494321122444
last_quarter_by_subject,S1,blend_catboost_rule_0.75,catboost,0.75,0.5597330503084066
last_quarter_by_subject,S1,blend_catboost_rule_0.75,catboost,1.0,0.5557580321568646
last_quarter_by_subject,S1,meta_rule_extra_trees,extra_trees,0.0,0.6116055162188185
last_quarter_by_subject,S1,meta_rule_extra_trees,extra_trees,0.15,0.6050053792713621
last_quarter_by_subject,S1,meta_rule_extra_trees,extra_trees,0.25,0.6023102033290332
last_quarter_by_subject,S1,meta_rule_extra_trees,extra_trees,0.35,0.6008803836706184
last_quarter_by_subject,S1,meta_rule_extra_trees,extra_trees,0.5,0.6009902232894292
last_quarter_by_subject,S1,meta_rule_extra_trees,extra_trees,0.75,0.6069810551673906
last_quarter_by_subject,S1,meta_rule_extra_trees,extra_trees,1.0,0.6203557925590699
last_quarter_by_subject,S1,meta_rule_lightgbm,lightgbm,0.0,0.6116055162188185
last_quarter_by_subject,S1,meta_rule_lightgbm,lightgbm,0.15,0.6004966405477965
last_quarter_by_subject,S1,meta_rule_lightgbm,lightgbm,0.25,0.5943386574227313
last_quarter_by_subject,S1,meta_rule_lightgbm,lightgbm,0.35,0.5891278209365178
last_quarter_by_subject,S1,meta_rule_lightgbm,lightgbm,0.5,0.5830346050269359
last_quarter_by_subject,S1,meta_rule_lightgbm,lightgbm,0.75,0.5774490442971747
last_quarter_by_subject,S1,meta_rule_lightgbm,lightgbm,1.0,0.5779221477626255
last_quarter_by_subject,S1,meta_rule_catboost,catboost,0.0,0.6116055162188185
last_quarter_by_subject,S1,meta_rule_catboost,catboost,0.15,0.6024183292097982
last_quarter_by_subject,S1,meta_rule_catboost,catboost,0.25,0.5969857130058667
last_quarter_by_subject,S1,meta_rule_catboost,catboost,0.35,0.592075389028899
last_quarter_by_subject,S1,meta_rule_catboost,catboost,0.5,0.5856443384943238
last_quarter_by_subject,S1,meta_rule_catboost,catboost,0.75,0.5772997786191856
last_quarter_by_subject,S1,meta_rule_catboost,catboost,1.0,0.5718238116888472
last_quarter_by_subject,S1,meta_rule_hist_gradient_boosting,hist_gradient_boosting,0.0,0.6116055162188185
last_quarter_by_subject,S1,meta_rule_hist_gradient_boosting,hist_gradient_boosting,0.15,0.5991468150211827
last_quarter_by_subject,S1,meta_rule_hist_gradient_boosting,hist_gradient_boosting,0.25,0.5929471607045177
last_quarter_by_subject,S1,meta_rule_hist_gradient_boosting,hist_gradient_boosting,0.35,0.5883619318439214
last_quarter_by_subject,S1,meta_rule_hist_gradient_boosting,hist_gradient_boosting,0.5,0.5845101780225523
last_quarter_by_subject,S1,meta_rule_hist_gradient_boosting,hist_gradient_boosting,0.75,0.5868066701125728
last_quarter_by_subject,S1,meta_rule_hist_gradient_boosting,hist_gradient_boosting,1.0,0.6033198345299302
last_quarter_by_subject,S2,history_blend,history,1.0,0.6234677401022166
last_quarter_by_subject,S2,rule_subject_strategy_tuned,rule,0.0,0.684855300284274
last_quarter_by_subject,S2,rule_subject_strategy_tuned,rule,0.15,0.6798668718927917
last_quarter_by_subject,S2,rule_subject_strategy_tuned,rule,0.25,0.6878534098691806
last_quarter_by_subject,S2,rule_subject_strategy_tuned,rule,0.35,0.7056052134190209
last_quarter_by_subject,S2,rule_subject_strategy_tuned,rule,0.5,0.754703731932141
last_quarter_by_subject,S2,rule_subject_strategy_tuned,rule,0.75,0.9420566769893043
last_quarter_by_subject,S2,rule_subject_strategy_tuned,rule,1.0,3.463780143008378
last_quarter_by_subject,S2,model_logistic_regression,logistic_regression,0.0,0.684855300284274
last_quarter_by_subject,S2,model_logistic_regression,logistic_regression,0.15,0.655540388694792
last_quarter_by_subject,S2,model_logistic_regression,logistic_regression,0.25,0.6457629588935484
last_quarter_by_subject,S2,model_logistic_regression,logistic_regression,0.35,0.6435215947993433
last_quarter_by_subject,S2,model_logistic_regression,logistic_regression,0.5,0.6556773646697247
last_quarter_by_subject,S2,model_logistic_regression,logistic_regression,0.75,0.7377757612363213
last_quarter_by_subject,S2,model_logistic_regression,logistic_regression,1.0,1.4564783734508764
last_quarter_by_subject,S2,blend_logistic_regression_rule_0.25,logistic_regression,0.0,0.684855300284274
last_quarter_by_subject,S2,blend_logistic_regression_rule_0.25,logistic_regression,0.15,0.6699011819971449
last_quarter_by_subject,S2,blend_logistic_regression_rule_0.25,logistic_regression,0.25,0.6665560784395513
last_quarter_by_subject,S2,blend_logistic_regression_rule_0.25,logistic_regression,0.35,0.6685508226740686
last_quarter_by_subject,S2,blend_logistic_regression_rule_0.25,logistic_regression,0.5,0.6828032042668984
last_quarter_by_subject,S2,blend_logistic_regression_rule_0.25,logistic_regression,0.75,0.7515536814966469
last_quarter_by_subject,S2,blend_logistic_regression_rule_0.25,logistic_regression,1.0,1.2608516109329686
last_quarter_by_subject,S2,blend_logistic_regression_rule_0.5,logistic_regression,0.0,0.684855300284274
last_quarter_by_subject,S2,blend_logistic_regression_rule_0.5,logistic_regression,0.15,0.6626632950617657
last_quarter_by_subject,S2,blend_logistic_regression_rule_0.5,logistic_regression,0.25,0.6531114133511154
last_quarter_by_subject,S2,blend_logistic_regression_rule_0.5,logistic_regression,0.35,0.6478013112314511
last_quarter_by_subject,S2,blend_logistic_regression_rule_0.5,logistic_regression,0.5,0.6487963696795926
last_quarter_by_subject,S2,blend_logistic_regression_rule_0.5,logistic_regression,0.75,0.6865119228790713
last_quarter_by_subject,S2,blend_logistic_regression_rule_0.5,logistic_regression,1.0,1.0759012351014483
last_quarter_by_subject,S2,blend_logistic_regression_rule_0.75,logistic_regression,0.0,0.684855300284274
last_quarter_by_subject,S2,blend_logistic_regression_rule_0.75,logistic_regression,0.15,0.657914391178363
last_quarter_by_subject,S2,blend_logistic_regression_rule_0.75,logistic_regression,0.25,0.6462953012731052
last_quarter_by_subject,S2,blend_logistic_regression_rule_0.75,logistic_regression,0.35,0.639633228913255
last_quarter_by_subject,S2,blend_logistic_regression_rule_0.75,logistic_regression,0.5,0.6397035387055658
last_quarter_by_subject,S2,blend_logistic_regression_rule_0.75,logistic_regression,0.75,0.6776773462294438
last_quarter_by_subject,S2,blend_logistic_regression_rule_0.75,logistic_regression,1.0,1.029824063509079
last_quarter_by_subject,S2,model_linear_svc,linear_svc,0.0,0.684855300284274
last_quarter_by_subject,S2,model_linear_svc,linear_svc,0.15,0.6622935368113406
last_quarter_by_subject,S2,model_linear_svc,linear_svc,0.25,0.6541528861478207
last_quarter_by_subject,S2,model_linear_svc,linear_svc,0.35,0.6512409721354451
last_quarter_by_subject,S2,model_linear_svc,linear_svc,0.5,0.657253517183583
last_quarter_by_subject,S2,model_linear_svc,linear_svc,0.75,0.7050513415535886
last_quarter_by_subject,S2,model_linear_svc,linear_svc,1.0,0.9636802841220895
last_quarter_by_subject,S2,blend_linear_svc_rule_0.25,linear_svc,0.0,0.684855300284274
last_quarter_by_subject,S2,blend_linear_svc_rule_0.25,linear_svc,0.15,0.6719047336208724
last_quarter_by_subject,S2,blend_linear_svc_rule_0.25,linear_svc,0.25,0.6694835942955619
last_quarter_by_subject,S2,blend_linear_svc_rule_0.25,linear_svc,0.35,0.6720296104580503
last_quarter_by_subject,S2,blend_linear_svc_rule_0.25,linear_svc,0.5,0.6861152597581193
last_quarter_by_subject,S2,blend_linear_svc_rule_0.25,linear_svc,0.75,0.7480187271494664
last_quarter_by_subject,S2,blend_linear_svc_rule_0.25,linear_svc,1.0,0.9875011126889149
last_quarter_by_subject,S2,blend_linear_svc_rule_0.5,linear_svc,0.0,0.684855300284274
last_quarter_by_subject,S2,blend_linear_svc_rule_0.5,linear_svc,0.15,0.6664360337206564
last_quarter_by_subject,S2,blend_linear_svc_rule_0.5,linear_svc,0.25,0.6583200220159594
last_quarter_by_subject,S2,blend_linear_svc_rule_0.5,linear_svc,0.35,0.6535160617550387
last_quarter_by_subject,S2,blend_linear_svc_rule_0.5,linear_svc,0.5,0.653060490458367
last_quarter_by_subject,S2,blend_linear_svc_rule_0.5,linear_svc,0.75,0.676928809421439
last_quarter_by_subject,S2,blend_linear_svc_rule_0.5,linear_svc,1.0,0.8049168917219118
last_quarter_by_subject,S2,blend_linear_svc_rule_0.75,linear_svc,0.0,0.684855300284274
last_quarter_by_subject,S2,blend_linear_svc_rule_0.75,linear_svc,0.15,0.6632647071084754
last_quarter_by_subject,S2,blend_linear_svc_rule_0.75,linear_svc,0.25,0.6533218439711188
last_quarter_by_subject,S2,blend_linear_svc_rule_0.75,linear_svc,0.35,0.6468080459054588
last_quarter_by_subject,S2,blend_linear_svc_rule_0.75,linear_svc,0.5,0.6437571412561998
last_quarter_by_subject,S2,blend_linear_svc_rule_0.75,linear_svc,0.75,0.6615654753004239
last_quarter_by_subject,S2,blend_linear_svc_rule_0.75,linear_svc,1.0,0.7599475068493305
last_quarter_by_subject,S2,model_svc_rbf,svc_rbf,0.0,0.684855300284274
last_quarter_by_subject,S2,model_svc_rbf,svc_rbf,0.15,0.6704684617493111
last_quarter_by_subject,S2,model_svc_rbf,svc_rbf,0.25,0.6622378708025647
last_quarter_by_subject,S2,model_svc_rbf,svc_rbf,0.35,0.6550285564002112
last_quarter_by_subject,S2,model_svc_rbf,svc_rbf,0.5,0.6460572352608237
last_quarter_by_subject,S2,model_svc_rbf,svc_rbf,0.75,0.6359674777978762
last_quarter_by_subject,S2,model_svc_rbf,svc_rbf,1.0,0.6324098916216304
last_quarter_by_subject,S2,blend_svc_rbf_rule_0.25,svc_rbf,0.0,0.684855300284274
last_quarter_by_subject,S2,blend_svc_rbf_rule_0.25,svc_rbf,0.15,0.6753878368032932
last_quarter_by_subject,S2,blend_svc_rbf_rule_0.25,svc_rbf,0.25,0.6753851973099586
last_quarter_by_subject,S2,blend_svc_rbf_rule_0.25,svc_rbf,0.35,0.6804140372957138
last_quarter_by_subject,S2,blend_svc_rbf_rule_0.25,svc_rbf,0.5,0.6981398575764209
last_quarter_by_subject,S2,blend_svc_rbf_rule_0.25,svc_rbf,0.75,0.7624576113107003
last_quarter_by_subject,S2,blend_svc_rbf_rule_0.25,svc_rbf,1.0,0.9082106812698956
last_quarter_by_subject,S2,blend_svc_rbf_rule_0.5,svc_rbf,0.0,0.684855300284274
last_quarter_by_subject,S2,blend_svc_rbf_rule_0.5,svc_rbf,0.15,0.6723508690924018
last_quarter_by_subject,S2,blend_svc_rbf_rule_0.5,svc_rbf,0.25,0.6671429732365708
last_quarter_by_subject,S2,blend_svc_rbf_rule_0.5,svc_rbf,0.35,0.6643183516885596
last_quarter_by_subject,S2,blend_svc_rbf_rule_0.5,svc_rbf,0.5,0.6645677348512403
last_quarter_by_subject,S2,blend_svc_rbf_rule_0.5,svc_rbf,0.75,0.6781480639688128
last_quarter_by_subject,S2,blend_svc_rbf_rule_0.5,svc_rbf,1.0,0.7141724731018927
last_quarter_by_subject,S2,blend_svc_rbf_rule_0.75,svc_rbf,0.0,0.684855300284274
last_quarter_by_subject,S2,blend_svc_rbf_rule_0.75,svc_rbf,0.15,0.670715605736995
last_quarter_by_subject,S2,blend_svc_rbf_rule_0.75,svc_rbf,0.25,0.662801714637206
last_quarter_by_subject,S2,blend_svc_rbf_rule_0.75,svc_rbf,0.35,0.6560210970509613
last_quarter_by_subject,S2,blend_svc_rbf_rule_0.75,svc_rbf,0.5,0.6479154001389117
last_quarter_by_subject,S2,blend_svc_rbf_rule_0.75,svc_rbf,0.75,0.6400437073923396
last_quarter_by_subject,S2,blend_svc_rbf_rule_0.75,svc_rbf,1.0,0.6404723096040755
last_quarter_by_subject,S2,model_random_forest,random_forest,0.0,0.684855300284274
last_quarter_by_subject,S2,model_random_forest,random_forest,0.15,0.663041655873626
last_quarter_by_subject,S2,model_random_forest,random_forest,0.25,0.650440944666642
last_quarter_by_subject,S2,model_random_forest,random_forest,0.35,0.639252877353467
last_quarter_by_subject,S2,model_random_forest,random_forest,0.5,0.6249394812252932
last_quarter_by_subject,S2,model_random_forest,random_forest,0.75,0.6072774531778852
last_quarter_by_subject,S2,model_random_forest,random_forest,1.0,0.5972694773174614
last_quarter_by_subject,S2,blend_random_forest_rule_0.25,random_forest,0.0,0.684855300284274
last_quarter_by_subject,S2,blend_random_forest_rule_0.25,random_forest,0.15,0.673249774624372
last_quarter_by_subject,S2,blend_random_forest_rule_0.25,random_forest,0.25,0.6715593156737275
last_quarter_by_subject,S2,blend_random_forest_rule_0.25,random_forest,0.35,0.6745644513167273
last_quarter_by_subject,S2,blend_random_forest_rule_0.25,random_forest,0.5,0.6883380617094738
last_quarter_by_subject,S2,blend_random_forest_rule_0.25,random_forest,0.75,0.7417518316516415
last_quarter_by_subject,S2,blend_random_forest_rule_0.25,random_forest,1.0,0.8617448080818955
last_quarter_by_subject,S2,blend_random_forest_rule_0.5,random_forest,0.0,0.684855300284274
last_quarter_by_subject,S2,blend_random_forest_rule_0.5,random_forest,0.15,0.6683043009796591
last_quarter_by_subject,S2,blend_random_forest_rule_0.5,random_forest,0.25,0.6602644621741871
last_quarter_by_subject,S2,blend_random_forest_rule_0.5,random_forest,0.35,0.6544082023275307
last_quarter_by_subject,S2,blend_random_forest_rule_0.5,random_forest,0.5,0.6495714203655313
last_quarter_by_subject,S2,blend_random_forest_rule_0.5,random_forest,0.75,0.6524706021243263
last_quarter_by_subject,S2,blend_random_forest_rule_0.5,random_forest,1.0,0.6725184369660724
last_quarter_by_subject,S2,blend_random_forest_rule_0.75,random_forest,0.0,0.684855300284274
last_quarter_by_subject,S2,blend_random_forest_rule_0.75,random_forest,0.15,0.6649264843354137
last_quarter_by_subject,S2,blend_random_forest_rule_0.75,random_forest,0.25,0.6533521943397035
last_quarter_by_subject,S2,blend_random_forest_rule_0.75,random_forest,0.35,0.6430175139553015
last_quarter_by_subject,S2,blend_random_forest_rule_0.75,random_forest,0.5,0.629689790613412
last_quarter_by_subject,S2,blend_random_forest_rule_0.75,random_forest,0.75,0.6130295156970831
last_quarter_by_subject,S2,blend_random_forest_rule_0.75,random_forest,1.0,0.6035473426709211
last_quarter_by_subject,S2,model_extra_trees,extra_trees,0.0,0.684855300284274
last_quarter_by_subject,S2,model_extra_trees,extra_trees,0.15,0.6662195367812519
last_quarter_by_subject,S2,model_extra_trees,extra_trees,0.25,0.6556428146801018
last_quarter_by_subject,S2,model_extra_trees,extra_trees,0.35,0.6464158855614476
last_quarter_by_subject,S2,model_extra_trees,extra_trees,0.5,0.6349436892725492
last_quarter_by_subject,S2,model_extra_trees,extra_trees,0.75,0.6217994334793857
last_quarter_by_subject,S2,model_extra_trees,extra_trees,1.0,0.6161222596409085
last_quarter_by_subject,S2,blend_extra_trees_rule_0.25,extra_trees,0.0,0.684855300284274
last_quarter_by_subject,S2,blend_extra_trees_rule_0.25,extra_trees,0.15,0.673933371219773
last_quarter_by_subject,S2,blend_extra_trees_rule_0.25,extra_trees,0.25,0.6725519440848591
last_quarter_by_subject,S2,blend_extra_trees_rule_0.25,extra_trees,0.35,0.6757424675769501
last_quarter_by_subject,S2,blend_extra_trees_rule_0.25,extra_trees,0.5,0.6895191623819785
last_quarter_by_subject,S2,blend_extra_trees_rule_0.25,extra_trees,0.75,0.7417652197731119
last_quarter_by_subject,S2,blend_extra_trees_rule_0.25,extra_trees,1.0,0.8560684465043665
last_quarter_by_subject,S2,blend_extra_trees_rule_0.5,extra_trees,0.0,0.684855300284274
last_quarter_by_subject,S2,blend_extra_trees_rule_0.5,extra_trees,0.15,0.6697443474685035
last_quarter_by_subject,S2,blend_extra_trees_rule_0.5,extra_trees,0.25,0.6624539569696967
last_quarter_by_subject,S2,blend_extra_trees_rule_0.5,extra_trees,0.35,0.6571804685410879
last_quarter_by_subject,S2,blend_extra_trees_rule_0.5,extra_trees,0.5,0.652886576007989
last_quarter_by_subject,S2,blend_extra_trees_rule_0.5,extra_trees,0.75,0.6556029572706079
last_quarter_by_subject,S2,blend_extra_trees_rule_0.5,extra_trees,1.0,0.6731677417491074
last_quarter_by_subject,S2,blend_extra_trees_rule_0.75,extra_trees,0.0,0.684855300284274
last_quarter_by_subject,S2,blend_extra_trees_rule_0.75,extra_trees,0.15,0.6671972399871074
last_quarter_by_subject,S2,blend_extra_trees_rule_0.75,extra_trees,0.25,0.6569427472571536
last_quarter_by_subject,S2,blend_extra_trees_rule_0.75,extra_trees,0.35,0.6477820120118902
last_quarter_by_subject,S2,blend_extra_trees_rule_0.75,extra_trees,0.5,0.6359465564915991
last_quarter_by_subject,S2,blend_extra_trees_rule_0.75,extra_trees,0.75,0.6210143603611604
last_quarter_by_subject,S2,blend_extra_trees_rule_0.75,extra_trees,1.0,0.6120600579933861
last_quarter_by_subject,S2,model_hist_gradient_boosting,hist_gradient_boosting,0.0,0.684855300284274
last_quarter_by_subject,S2,model_hist_gradient_boosting,hist_gradient_boosting,0.15,0.677073055303151
last_quarter_by_subject,S2,model_hist_gradient_boosting,hist_gradient_boosting,0.25,0.6741365032435203
last_quarter_by_subject,S2,model_hist_gradient_boosting,hist_gradient_boosting,0.35,0.6730187211844406
last_quarter_by_subject,S2,model_hist_gradient_boosting,hist_gradient_boosting,0.5,0.674939130278632
last_quarter_by_subject,S2,model_hist_gradient_boosting,hist_gradient_boosting,0.75,0.6894675447758188
last_quarter_by_subject,S2,model_hist_gradient_boosting,hist_gradient_boosting,1.0,0.7261021362522145
last_quarter_by_subject,S2,blend_hist_gradient_boosting_rule_0.25,hist_gradient_boosting,0.0,0.684855300284274
last_quarter_by_subject,S2,blend_hist_gradient_boosting_rule_0.25,hist_gradient_boosting,0.15,0.6771530697472615
last_quarter_by_subject,S2,blend_hist_gradient_boosting_rule_0.25,hist_gradient_boosting,0.25,0.6787686111720447
last_quarter_by_subject,S2,blend_hist_gradient_boosting_rule_0.25,hist_gradient_boosting,0.35,0.685914094874055
last_quarter_by_subject,S2,blend_hist_gradient_boosting_rule_0.25,hist_gradient_boosting,0.5,0.7081796924649322
last_quarter_by_subject,S2,blend_hist_gradient_boosting_rule_0.25,hist_gradient_boosting,0.75,0.7873283977448019
last_quarter_by_subject,S2,blend_hist_gradient_boosting_rule_0.25,hist_gradient_boosting,1.0,0.9846533367902393
last_quarter_by_subject,S2,blend_hist_gradient_boosting_rule_0.5,hist_gradient_boosting,0.0,0.684855300284274
last_quarter_by_subject,S2,blend_hist_gradient_boosting_rule_0.5,hist_gradient_boosting,0.15,0.6757818258695734
last_quarter_by_subject,S2,blend_hist_gradient_boosting_rule_0.5,hist_gradient_boosting,0.25,0.6735241042150889
last_quarter_by_subject,S2,blend_hist_gradient_boosting_rule_0.5,hist_gradient_boosting,0.35,0.6743142427016514
last_quarter_by_subject,S2,blend_hist_gradient_boosting_rule_0.5,hist_gradient_boosting,0.5,0.6815912358040508
last_quarter_by_subject,S2,blend_hist_gradient_boosting_rule_0.5,hist_gradient_boosting,0.75,0.713606448922045
last_quarter_by_subject,S2,blend_hist_gradient_boosting_rule_0.5,hist_gradient_boosting,1.0,0.7874286962555699
last_quarter_by_subject,S2,blend_hist_gradient_boosting_rule_0.75,hist_gradient_boosting,0.0,0.684855300284274
last_quarter_by_subject,S2,blend_hist_gradient_boosting_rule_0.75,hist_gradient_boosting,0.15,0.6757465159985703
last_quarter_by_subject,S2,blend_hist_gradient_boosting_rule_0.75,hist_gradient_boosting,0.25,0.6719564792502628
last_quarter_by_subject,S2,blend_hist_gradient_boosting_rule_0.75,hist_gradient_boosting,0.35,0.669991539332575
last_quarter_by_subject,S2,blend_hist_gradient_boosting_rule_0.75,hist_gradient_boosting,0.5,0.6706142967071663
last_quarter_by_subject,S2,blend_hist_gradient_boosting_rule_0.75,hist_gradient_boosting,0.75,0.6826240422270191
last_quarter_by_subject,S2,blend_hist_gradient_boosting_rule_0.75,hist_gradient_boosting,1.0,0.7143267898121256
last_quarter_by_subject,S2,model_mlp,mlp,0.0,0.684855300284274
last_quarter_by_subject,S2,model_mlp,mlp,0.15,0.6623580154417964
last_quarter_by_subject,S2,model_mlp,mlp,0.25,0.656996934639275
last_quarter_by_subject,S2,model_mlp,mlp,0.35,0.6592265843944595
last_quarter_by_subject,S2,model_mlp,mlp,0.5,0.6784638596138872
last_quarter_by_subject,S2,model_mlp,mlp,0.75,0.7748373204028925
last_quarter_by_subject,S2,model_mlp,mlp,1.0,1.5064968017250404
last_quarter_by_subject,S2,blend_mlp_rule_0.25,mlp,0.0,0.684855300284274
last_quarter_by_subject,S2,blend_mlp_rule_0.25,mlp,0.15,0.6718153875093528
last_quarter_by_subject,S2,blend_mlp_rule_0.25,mlp,0.25,0.6699689217735428
last_quarter_by_subject,S2,blend_mlp_rule_0.25,mlp,0.35,0.6737187479481853
last_quarter_by_subject,S2,blend_mlp_rule_0.25,mlp,0.5,0.6912810160804796
last_quarter_by_subject,S2,blend_mlp_rule_0.25,mlp,0.75,0.7687622316847561
last_quarter_by_subject,S2,blend_mlp_rule_0.25,mlp,1.0,1.2750234707843275
last_quarter_by_subject,S2,blend_mlp_rule_0.5,mlp,0.0,0.684855300284274
last_quarter_by_subject,S2,blend_mlp_rule_0.5,mlp,0.15,0.6663120510041611
last_quarter_by_subject,S2,blend_mlp_rule_0.5,mlp,0.25,0.6593588890437803
last_quarter_by_subject,S2,blend_mlp_rule_0.5,mlp,0.35,0.6568379851126314
last_quarter_by_subject,S2,blend_mlp_rule_0.5,mlp,0.5,0.6624956294480144
last_quarter_by_subject,S2,blend_mlp_rule_0.5,mlp,0.75,0.7100086502142084
last_quarter_by_subject,S2,blend_mlp_rule_0.5,mlp,1.0,1.097097887402624
last_quarter_by_subject,S2,blend_mlp_rule_0.75,mlp,0.0,0.684855300284274
last_quarter_by_subject,S2,blend_mlp_rule_0.75,mlp,0.15,0.6631797908491532
last_quarter_by_subject,S2,blend_mlp_rule_0.75,mlp,0.25,0.6550764238991799
last_quarter_by_subject,S2,blend_mlp_rule_0.75,mlp,0.35,0.6519978410633799
last_quarter_by_subject,S2,blend_mlp_rule_0.75,mlp,0.5,0.6576806583446142
last_quarter_by_subject,S2,blend_mlp_rule_0.75,mlp,0.75,0.7062546154985329
last_quarter_by_subject,S2,blend_mlp_rule_0.75,mlp,1.0,1.060922976518298
last_quarter_by_subject,S2,model_lightgbm,lightgbm,0.0,0.684855300284274
last_quarter_by_subject,S2,model_lightgbm,lightgbm,0.15,0.6726999777053507
last_quarter_by_subject,S2,model_lightgbm,lightgbm,0.25,0.6658866174989222
last_quarter_by_subject,S2,model_lightgbm,lightgbm,0.35,0.6600537509267524
last_quarter_by_subject,S2,model_lightgbm,lightgbm,0.5,0.6530982515397779
last_quarter_by_subject,S2,model_lightgbm,lightgbm,0.75,0.6463451244553485
last_quarter_by_subject,S2,model_lightgbm,lightgbm,1.0,0.6462997478147582
last_quarter_by_subject,S2,blend_lightgbm_rule_0.25,lightgbm,0.0,0.684855300284274
last_quarter_by_subject,S2,blend_lightgbm_rule_0.25,lightgbm,0.15,0.6760582124488996
last_quarter_by_subject,S2,blend_lightgbm_rule_0.25,lightgbm,0.25,0.6766472444035728
last_quarter_by_subject,S2,blend_lightgbm_rule_0.25,lightgbm,0.35,0.6824320344342081
last_quarter_by_subject,S2,blend_lightgbm_rule_0.25,lightgbm,0.5,0.7017209666169382
last_quarter_by_subject,S2,blend_lightgbm_rule_0.25,lightgbm,0.75,0.7706235073737332
last_quarter_by_subject,S2,blend_lightgbm_rule_0.25,lightgbm,1.0,0.9270735901225009
last_quarter_by_subject,S2,blend_lightgbm_rule_0.5,lightgbm,0.0,0.684855300284274
last_quarter_by_subject,S2,blend_lightgbm_rule_0.5,lightgbm,0.15,0.6736068503999912
last_quarter_by_subject,S2,blend_lightgbm_rule_0.5,lightgbm,0.25,0.6693855556765158
last_quarter_by_subject,S2,blend_lightgbm_rule_0.5,lightgbm,0.35,0.6677014184899372
last_quarter_by_subject,S2,blend_lightgbm_rule_0.5,lightgbm,0.5,0.6700110261517078
last_quarter_by_subject,S2,blend_lightgbm_rule_0.5,lightgbm,0.75,0.688224495023175
last_quarter_by_subject,S2,blend_lightgbm_rule_0.5,lightgbm,1.0,0.7308943355260079
last_quarter_by_subject,S2,blend_lightgbm_rule_0.75,lightgbm,0.0,0.684855300284274
last_quarter_by_subject,S2,blend_lightgbm_rule_0.75,lightgbm,0.15,0.6724874778239369
last_quarter_by_subject,S2,blend_lightgbm_rule_0.75,lightgbm,0.25,0.6658197315023391
last_quarter_by_subject,S2,blend_lightgbm_rule_0.75,lightgbm,0.35,0.6603529804740734
last_quarter_by_subject,S2,blend_lightgbm_rule_0.75,lightgbm,0.5,0.6543641431893495
last_quarter_by_subject,S2,blend_lightgbm_rule_0.75,lightgbm,0.75,0.6504517185596239
last_quarter_by_subject,S2,blend_lightgbm_rule_0.75,lightgbm,1.0,0.655340202973754
last_quarter_by_subject,S2,model_catboost,catboost,0.0,0.684855300284274
last_quarter_by_subject,S2,model_catboost,catboost,0.15,0.6725432056508756
last_quarter_by_subject,S2,model_catboost,catboost,0.25,0.6651632963129545
last_quarter_by_subject,S2,model_catboost,catboost,0.35,0.6584043803964958
last_quarter_by_subject,S2,model_catboost,catboost,0.5,0.6493756060666225
last_quarter_by_subject,S2,model_catboost,catboost,0.75,0.6371656734560168
last_quarter_by_subject,S2,model_catboost,catboost,1.0,0.628473483211523
last_quarter_by_subject,S2,blend_catboost_rule_0.25,catboost,0.0,0.684855300284274
last_quarter_by_subject,S2,blend_catboost_rule_0.25,catboost,0.15,0.675974053374187
last_quarter_by_subject,S2,blend_catboost_rule_0.25,catboost,0.25,0.6763308839158437
last_quarter_by_subject,S2,blend_catboost_rule_0.25,catboost,0.35,0.6817197887253669
last_quarter_by_subject,S2,blend_catboost_rule_0.25,catboost,0.5,0.7000109838873984
last_quarter_by_subject,S2,blend_catboost_rule_0.25,catboost,0.75,0.7652666602247669
last_quarter_by_subject,S2,blend_catboost_rule_0.25,catboost,1.0,0.9088965350714143
last_quarter_by_subject,S2,blend_catboost_rule_0.5,catboost,0.0,0.684855300284274
last_quarter_by_subject,S2,blend_catboost_rule_0.5,catboost,0.15,0.673473713131605
last_quarter_by_subject,S2,blend_catboost_rule_0.5,catboost,0.25,0.6688702376422715
last_quarter_by_subject,S2,blend_catboost_rule_0.5,catboost,0.35,0.6665609379100449
last_quarter_by_subject,S2,blend_catboost_rule_0.5,catboost,0.5,0.6674168164777243
last_quarter_by_subject,S2,blend_catboost_rule_0.5,catboost,0.75,0.6813081087033679
last_quarter_by_subject,S2,blend_catboost_rule_0.5,catboost,1.0,0.7148852497915771
last_quarter_by_subject,S2,blend_catboost_rule_0.75,catboost,0.0,0.684855300284274
last_quarter_by_subject,S2,blend_catboost_rule_0.75,catboost,0.15,0.6723332044706688
last_quarter_by_subject,S2,blend_catboost_rule_0.75,catboost,0.25,0.6651850684661671
last_quarter_by_subject,S2,blend_catboost_rule_0.75,catboost,0.35,0.6589496640788919
last_quarter_by_subject,S2,blend_catboost_rule_0.75,catboost,0.5,0.6512611083350213
last_quarter_by_subject,S2,blend_catboost_rule_0.75,catboost,0.75,0.6428783470208415
last_quarter_by_subject,S2,blend_catboost_rule_0.75,catboost,1.0,0.6404158720901333
last_quarter_by_subject,S2,meta_rule_extra_trees,extra_trees,0.0,0.684855300284274
last_quarter_by_subject,S2,meta_rule_extra_trees,extra_trees,0.15,0.6651846856841107
last_quarter_by_subject,S2,meta_rule_extra_trees,extra_trees,0.25,0.6538297292260136
last_quarter_by_subject,S2,meta_rule_extra_trees,extra_trees,0.35,0.6437543464700374
last_quarter_by_subject,S2,meta_rule_extra_trees,extra_trees,0.5,0.6308709151078968
last_quarter_by_subject,S2,meta_rule_extra_trees,extra_trees,0.75,0.6149385291459218
last_quarter_by_subject,S2,meta_rule_extra_trees,extra_trees,1.0,0.6056901972276285
last_quarter_by_subject,S2,meta_rule_lightgbm,lightgbm,0.0,0.684855300284274
last_quarter_by_subject,S2,meta_rule_lightgbm,lightgbm,0.15,0.6724825248874615
last_quarter_by_subject,S2,meta_rule_lightgbm,lightgbm,0.25,0.665569085137261
last_quarter_by_subject,S2,meta_rule_lightgbm,lightgbm,0.35,0.6596586662095449
last_quarter_by_subject,S2,meta_rule_lightgbm,lightgbm,0.5,0.6526041666882958
last_quarter_by_subject,S2,meta_rule_lightgbm,lightgbm,0.75,0.6456205423563793
last_quarter_by_subject,S2,meta_rule_lightgbm,lightgbm,1.0,0.6449760501357601
last_quarter_by_subject,S2,meta_rule_catboost,catboost,0.0,0.684855300284274
last_quarter_by_subject,S2,meta_rule_catboost,catboost,0.15,0.6691035856883178
last_quarter_by_subject,S2,meta_rule_catboost,catboost,0.25,0.6595867574388399
last_quarter_by_subject,S2,meta_rule_catboost,catboost,0.35,0.6507891869280267
last_quarter_by_subject,S2,meta_rule_catboost,catboost,0.5,0.6388467688878388
last_quarter_by_subject,S2,meta_rule_catboost,catboost,0.75,0.6220398552205824
last_quarter_by_subject,S2,meta_rule_catboost,catboost,1.0,0.6088909017229766
last_quarter_by_subject,S2,meta_rule_hist_gradient_boosting,hist_gradient_boosting,0.0,0.684855300284274
last_quarter_by_subject,S2,meta_rule_hist_gradient_boosting,hist_gradient_boosting,0.15,0.677073055303151
last_quarter_by_subject,S2,meta_rule_hist_gradient_boosting,hist_gradient_boosting,0.25,0.6741365032435203
last_quarter_by_subject,S2,meta_rule_hist_gradient_boosting,hist_gradient_boosting,0.35,0.6730187211844406
last_quarter_by_subject,S2,meta_rule_hist_gradient_boosting,hist_gradient_boosting,0.5,0.674939130278632
last_quarter_by_subject,S2,meta_rule_hist_gradient_boosting,hist_gradient_boosting,0.75,0.6894675447758188
last_quarter_by_subject,S2,meta_rule_hist_gradient_boosting,hist_gradient_boosting,1.0,0.7261021362522145
last_quarter_by_subject,S3,history_blend,history,1.0,0.6664886370758559
last_quarter_by_subject,S3,rule_subject_strategy_tuned,rule,0.0,0.6680646835326802
last_quarter_by_subject,S3,rule_subject_strategy_tuned,rule,0.15,0.6702335848065115
last_quarter_by_subject,S3,rule_subject_strategy_tuned,rule,0.25,0.6820104053793953
last_quarter_by_subject,S3,rule_subject_strategy_tuned,rule,0.35,0.7029958573282644
last_quarter_by_subject,S3,rule_subject_strategy_tuned,rule,0.5,0.7561625419881415
last_quarter_by_subject,S3,rule_subject_strategy_tuned,rule,0.75,0.948826059645714
last_quarter_by_subject,S3,rule_subject_strategy_tuned,rule,1.0,3.4637801430083788
last_quarter_by_subject,S3,model_logistic_regression,logistic_regression,0.0,0.6680646835326802
last_quarter_by_subject,S3,model_logistic_regression,logistic_regression,0.15,0.6533297408646818
last_quarter_by_subject,S3,model_logistic_regression,logistic_regression,0.25,0.6551303147361981
last_quarter_by_subject,S3,model_logistic_regression,logistic_regression,0.35,0.6659160417097583
last_quarter_by_subject,S3,model_logistic_regression,logistic_regression,0.5,0.7007253598904659
last_quarter_by_subject,S3,model_logistic_regression,logistic_regression,0.75,0.8332965577543211
last_quarter_by_subject,S3,model_logistic_regression,logistic_regression,1.0,1.5437552773873031
last_quarter_by_subject,S3,blend_logistic_regression_rule_0.25,logistic_regression,0.0,0.6680646835326802
last_quarter_by_subject,S3,blend_logistic_regression_rule_0.25,logistic_regression,0.15,0.662334155490368
last_quarter_by_subject,S3,blend_logistic_regression_rule_0.25,logistic_regression,0.25,0.6649370580013715
last_quarter_by_subject,S3,blend_logistic_regression_rule_0.25,logistic_regression,0.35,0.6727838793021883
last_quarter_by_subject,S3,blend_logistic_regression_rule_0.25,logistic_regression,0.5,0.6958921407556343
last_quarter_by_subject,S3,blend_logistic_regression_rule_0.25,logistic_regression,0.75,0.7818610974249466
last_quarter_by_subject,S3,blend_logistic_regression_rule_0.25,logistic_regression,1.0,1.3461824279656074
last_quarter_by_subject,S3,blend_logistic_regression_rule_0.5,logistic_regression,0.0,0.6680646835326802
last_quarter_by_subject,S3,blend_logistic_regression_rule_0.5,logistic_regression,0.15,0.6570539844811516
last_quarter_by_subject,S3,blend_logistic_regression_rule_0.5,logistic_regression,0.25,0.6555381641560889
last_quarter_by_subject,S3,blend_logistic_regression_rule_0.5,logistic_regression,0.35,0.6586652245433077
last_quarter_by_subject,S3,blend_logistic_regression_rule_0.5,logistic_regression,0.5,0.6731873384005587
last_quarter_by_subject,S3,blend_logistic_regression_rule_0.5,logistic_regression,0.75,0.7376716824174628
last_quarter_by_subject,S3,blend_logistic_regression_rule_0.5,logistic_regression,1.0,1.1829058277449669
last_quarter_by_subject,S3,blend_logistic_regression_rule_0.75,logistic_regression,0.0,0.6680646835326802
last_quarter_by_subject,S3,blend_logistic_regression_rule_0.75,logistic_regression,0.15,0.6541106971686842
last_quarter_by_subject,S3,blend_logistic_regression_rule_0.75,logistic_regression,0.25,0.6524630720273394
last_quarter_by_subject,S3,blend_logistic_regression_rule_0.75,logistic_regression,0.35,0.6567335268045948
last_quarter_by_subject,S3,blend_logistic_regression_rule_0.75,logistic_regression,0.5,0.675143494152563
last_quarter_by_subject,S3,blend_logistic_regression_rule_0.75,logistic_regression,0.75,0.7510345902218541
last_quarter_by_subject,S3,blend_logistic_regression_rule_0.75,logistic_regression,1.0,1.1693006408195235
last_quarter_by_subject,S3,model_linear_svc,linear_svc,0.0,0.6680646835326802
last_quarter_by_subject,S3,model_linear_svc,linear_svc,0.15,0.6527929953339211
last_quarter_by_subject,S3,model_linear_svc,linear_svc,0.25,0.6512514751999354
last_quarter_by_subject,S3,model_linear_svc,linear_svc,0.35,0.6561523586855164
last_quarter_by_subject,S3,model_linear_svc,linear_svc,0.5,0.6761245243629214
last_quarter_by_subject,S3,model_linear_svc,linear_svc,0.75,0.753888566901367
last_quarter_by_subject,S3,model_linear_svc,linear_svc,1.0,0.9919637054009312
last_quarter_by_subject,S3,blend_linear_svc_rule_0.25,linear_svc,0.0,0.6680646835326802
last_quarter_by_subject,S3,blend_linear_svc_rule_0.25,linear_svc,0.15,0.6625511743225186
last_quarter_by_subject,S3,blend_linear_svc_rule_0.25,linear_svc,0.25,0.6648590182502817
last_quarter_by_subject,S3,blend_linear_svc_rule_0.25,linear_svc,0.35,0.671956030032858
last_quarter_by_subject,S3,blend_linear_svc_rule_0.25,linear_svc,0.5,0.6926632389883851
last_quarter_by_subject,S3,blend_linear_svc_rule_0.25,linear_svc,0.75,0.7664612845910688
last_quarter_by_subject,S3,blend_linear_svc_rule_0.25,linear_svc,1.0,1.0547456965393185
last_quarter_by_subject,S3,blend_linear_svc_rule_0.5,linear_svc,0.0,0.6680646835326802
last_quarter_by_subject,S3,blend_linear_svc_rule_0.5,linear_svc,0.15,0.6572265583255085
last_quarter_by_subject,S3,blend_linear_svc_rule_0.5,linear_svc,0.25,0.6546959568477794
last_quarter_by_subject,S3,blend_linear_svc_rule_0.5,linear_svc,0.35,0.6557701135597269
last_quarter_by_subject,S3,blend_linear_svc_rule_0.5,linear_svc,0.5,0.6646977635605736
last_quarter_by_subject,S3,blend_linear_svc_rule_0.5,linear_svc,0.75,0.7071307250556877
last_quarter_by_subject,S3,blend_linear_svc_rule_0.5,linear_svc,1.0,0.8849199621642008
last_quarter_by_subject,S3,blend_linear_svc_rule_0.75,linear_svc,0.0,0.6680646835326802
last_quarter_by_subject,S3,blend_linear_svc_rule_0.75,linear_svc,0.15,0.6540250848111618
last_quarter_by_subject,S3,blend_linear_svc_rule_0.75,linear_svc,0.25,0.6503517991132065
last_quarter_by_subject,S3,blend_linear_svc_rule_0.75,linear_svc,0.35,0.6509245234874883
last_quarter_by_subject,S3,blend_linear_svc_rule_0.75,linear_svc,0.5,0.6600235801975408
last_quarter_by_subject,S3,blend_linear_svc_rule_0.75,linear_svc,0.75,0.7034974024899894
last_quarter_by_subject,S3,blend_linear_svc_rule_0.75,linear_svc,1.0,0.8568978869842
last_quarter_by_subject,S3,model_svc_rbf,svc_rbf,0.0,0.6680646835326802
last_quarter_by_subject,S3,model_svc_rbf,svc_rbf,0.15,0.6551525607568869
last_quarter_by_subject,S3,model_svc_rbf,svc_rbf,0.25,0.6484231083025568
last_quarter_by_subject,S3,model_svc_rbf,svc_rbf,0.35,0.643085136691234
last_quarter_by_subject,S3,model_svc_rbf,svc_rbf,0.5,0.6375726550682097
last_quarter_by_subject,S3,model_svc_rbf,svc_rbf,0.75,0.6349729886667194
last_quarter_by_subject,S3,model_svc_rbf,svc_rbf,1.0,0.6414005452463669
last_quarter_by_subject,S3,blend_svc_rbf_rule_0.25,svc_rbf,0.0,0.6680646835326802
last_quarter_by_subject,S3,blend_svc_rbf_rule_0.25,svc_rbf,0.15,0.664430760952531
last_quarter_by_subject,S3,blend_svc_rbf_rule_0.25,svc_rbf,0.25,0.6677296457881519
last_quarter_by_subject,S3,blend_svc_rbf_rule_0.25,svc_rbf,0.35,0.6757020703420115
last_quarter_by_subject,S3,blend_svc_rbf_rule_0.25,svc_rbf,0.5,0.6973565865694985
last_quarter_by_subject,S3,blend_svc_rbf_rule_0.25,svc_rbf,0.75,0.767886173582789
last_quarter_by_subject,S3,blend_svc_rbf_rule_0.25,svc_rbf,1.0,0.9260528425125505
last_quarter_by_subject,S3,blend_svc_rbf_rule_0.5,svc_rbf,0.0,0.6680646835326802
last_quarter_by_subject,S3,blend_svc_rbf_rule_0.5,svc_rbf,0.15,0.6600355634759827
last_quarter_by_subject,S3,blend_svc_rbf_rule_0.5,svc_rbf,0.25,0.6576754040595472
last_quarter_by_subject,S3,blend_svc_rbf_rule_0.5,svc_rbf,0.35,0.6576430871568699
last_quarter_by_subject,S3,blend_svc_rbf_rule_0.5,svc_rbf,0.5,0.6621070791107079
last_quarter_by_subject,S3,blend_svc_rbf_rule_0.5,svc_rbf,0.75,0.6835572967165235
last_quarter_by_subject,S3,blend_svc_rbf_rule_0.5,svc_rbf,1.0,0.7315200766848426
last_quarter_by_subject,S3,blend_svc_rbf_rule_0.75,svc_rbf,0.0,0.6680646835326802
last_quarter_by_subject,S3,blend_svc_rbf_rule_0.75,svc_rbf,0.15,0.6569629931891946
last_quarter_by_subject,S3,blend_svc_rbf_rule_0.75,svc_rbf,0.25,0.6513429782544904
last_quarter_by_subject,S3,blend_svc_rbf_rule_0.75,svc_rbf,0.35,0.6470801925228392
last_quarter_by_subject,S3,blend_svc_rbf_rule_0.75,svc_rbf,0.5,0.6432143924677777
last_quarter_by_subject,S3,blend_svc_rbf_rule_0.75,svc_rbf,0.75,0.6439554248241616
last_quarter_by_subject,S3,blend_svc_rbf_rule_0.75,svc_rbf,1.0,0.6560319987029594
last_quarter_by_subject,S3,model_random_forest,random_forest,0.0,0.6680646835326802
last_quarter_by_subject,S3,model_random_forest,random_forest,0.15,0.6594823925847287
last_quarter_by_subject,S3,model_random_forest,random_forest,0.25,0.6554889883759578
last_quarter_by_subject,S3,model_random_forest,random_forest,0.35,0.6527976996179932
last_quarter_by_subject,S3,model_random_forest,random_forest,0.5,0.6511319484348268
last_quarter_by_subject,S3,model_random_forest,random_forest,0.75,0.6547476731404401
last_quarter_by_subject,S3,model_random_forest,random_forest,1.0,0.6673016659314247
last_quarter_by_subject,S3,blend_random_forest_rule_0.25,random_forest,0.0,0.6680646835326802
last_quarter_by_subject,S3,blend_random_forest_rule_0.25,random_forest,0.15,0.6658570811575728
last_quarter_by_subject,S3,blend_random_forest_rule_0.25,random_forest,0.25,0.6704228247918483
last_quarter_by_subject,S3,blend_random_forest_rule_0.25,random_forest,0.35,0.6799286860193546
last_quarter_by_subject,S3,blend_random_forest_rule_0.25,random_forest,0.5,0.704494934220497
last_quarter_by_subject,S3,blend_random_forest_rule_0.25,random_forest,0.75,0.7825335896769898
last_quarter_by_subject,S3,blend_random_forest_rule_0.25,random_forest,1.0,0.9576825177416586
last_quarter_by_subject,S3,blend_random_forest_rule_0.5,random_forest,0.0,0.6680646835326802
last_quarter_by_subject,S3,blend_random_forest_rule_0.5,random_forest,0.15,0.6626489399907377
last_quarter_by_subject,S3,blend_random_forest_rule_0.5,random_forest,0.25,0.6623849416130555
last_quarter_by_subject,S3,blend_random_forest_rule_0.5,random_forest,0.35,0.6647045795538606
last_quarter_by_subject,S3,blend_random_forest_rule_0.5,random_forest,0.5,0.6731868426296006
last_quarter_by_subject,S3,blend_random_forest_rule_0.5,random_forest,0.75,0.7029651634030724
last_quarter_by_subject,S3,blend_random_forest_rule_0.5,random_forest,1.0,0.7629758230730709
last_quarter_by_subject,S3,blend_random_forest_rule_0.75,random_forest,0.0,0.6680646835326802
last_quarter_by_subject,S3,blend_random_forest_rule_0.75,random_forest,0.15,0.660541509231857
last_quarter_by_subject,S3,blend_random_forest_rule_0.75,random_forest,0.25,0.657497109208869
last_quarter_by_subject,S3,blend_random_forest_rule_0.75,random_forest,0.35,0.6559350661585651
last_quarter_by_subject,S3,blend_random_forest_rule_0.75,random_forest,0.5,0.6563405622145752
last_quarter_by_subject,S3,blend_random_forest_rule_0.75,random_forest,0.75,0.6648781421382207
last_quarter_by_subject,S3,blend_random_forest_rule_0.75,random_forest,1.0,0.686127350839137
last_quarter_by_subject,S3,model_extra_trees,extra_trees,0.0,0.6680646835326802
last_quarter_by_subject,S3,model_extra_trees,extra_trees,0.15,0.6529896560530312
last_quarter_by_subject,S3,model_extra_trees,extra_trees,0.25,0.6451897710634893
last_quarter_by_subject,S3,model_extra_trees,extra_trees,0.35,0.6390112447377001
last_quarter_by_subject,S3,model_extra_trees,extra_trees,0.5,0.6325711673507577
last_quarter_by_subject,S3,model_extra_trees,extra_trees,0.75,0.628999433677673
last_quarter_by_subject,S3,model_extra_trees,extra_trees,1.0,0.6346030124422049
last_quarter_by_subject,S3,blend_extra_trees_rule_0.25,extra_trees,0.0,0.6680646835326802
last_quarter_by_subject,S3,blend_extra_trees_rule_0.25,extra_trees,0.15,0.6638865210632847
last_quarter_by_subject,S3,blend_extra_trees_rule_0.25,extra_trees,0.25,0.6668039947961028
last_quarter_by_subject,S3,blend_extra_trees_rule_0.25,extra_trees,0.35,0.6742684820989846
last_quarter_by_subject,S3,blend_extra_trees_rule_0.25,extra_trees,0.5,0.694719205417248
last_quarter_by_subject,S3,blend_extra_trees_rule_0.25,extra_trees,0.75,0.7608120907396395
last_quarter_by_subject,S3,blend_extra_trees_rule_0.25,extra_trees,1.0,0.9049785596552193
last_quarter_by_subject,S3,blend_extra_trees_rule_0.5,extra_trees,0.0,0.6680646835326802
last_quarter_by_subject,S3,blend_extra_trees_rule_0.5,extra_trees,0.15,0.6589627792452183
last_quarter_by_subject,S3,blend_extra_trees_rule_0.5,extra_trees,0.25,0.6559580153451784
last_quarter_by_subject,S3,blend_extra_trees_rule_0.5,extra_trees,0.35,0.6552020026320389
last_quarter_by_subject,S3,blend_extra_trees_rule_0.5,extra_trees,0.5,0.6582364434512985
last_quarter_by_subject,S3,blend_extra_trees_rule_0.5,extra_trees,0.75,0.6756388621027353
last_quarter_by_subject,S3,blend_extra_trees_rule_0.5,extra_trees,1.0,0.7155671337787068
last_quarter_by_subject,S3,blend_extra_trees_rule_0.75,extra_trees,0.0,0.6680646835326802
last_quarter_by_subject,S3,blend_extra_trees_rule_0.75,extra_trees,0.15,0.6553580768024541
last_quarter_by_subject,S3,blend_extra_trees_rule_0.75,extra_trees,0.25,0.6488872450154642
last_quarter_by_subject,S3,blend_extra_trees_rule_0.75,extra_trees,0.35,0.6438369854242629
last_quarter_by_subject,S3,blend_extra_trees_rule_0.75,extra_trees,0.5,0.6387623207387633
last_quarter_by_subject,S3,blend_extra_trees_rule_0.75,extra_trees,0.75,0.6369879670340323
last_quarter_by_subject,S3,blend_extra_trees_rule_0.75,extra_trees,1.0,0.6452145505500616
last_quarter_by_subject,S3,model_hist_gradient_boosting,hist_gradient_boosting,0.0,0.6680646835326802
last_quarter_by_subject,S3,model_hist_gradient_boosting,hist_gradient_boosting,0.15,0.6510584718282207
last_quarter_by_subject,S3,model_hist_gradient_boosting,hist_gradient_boosting,0.25,0.6431488046753663
last_quarter_by_subject,S3,model_hist_gradient_boosting,hist_gradient_boosting,0.35,0.6378624363977918
last_quarter_by_subject,S3,model_hist_gradient_boosting,hist_gradient_boosting,0.5,0.6349781116828368
last_quarter_by_subject,S3,model_hist_gradient_boosting,hist_gradient_boosting,0.75,0.646153495250691
last_quarter_by_subject,S3,model_hist_gradient_boosting,hist_gradient_boosting,1.0,0.693445568021946
last_quarter_by_subject,S3,blend_hist_gradient_boosting_rule_0.25,hist_gradient_boosting,0.0,0.6680646835326802
last_quarter_by_subject,S3,blend_hist_gradient_boosting_rule_0.25,hist_gradient_boosting,0.15,0.6641695383190549
last_quarter_by_subject,S3,blend_hist_gradient_boosting_rule_0.25,hist_gradient_boosting,0.25,0.668529344526871
last_quarter_by_subject,S3,blend_hist_gradient_boosting_rule_0.25,hist_gradient_boosting,0.35,0.678657711190913
last_quarter_by_subject,S3,blend_hist_gradient_boosting_rule_0.25,hist_gradient_boosting,0.5,0.7062011303334719
last_quarter_by_subject,S3,blend_hist_gradient_boosting_rule_0.25,hist_gradient_boosting,0.75,0.7999693111990861
last_quarter_by_subject,S3,blend_hist_gradient_boosting_rule_0.25,hist_gradient_boosting,1.0,1.0722142183634267
last_quarter_by_subject,S3,blend_hist_gradient_boosting_rule_0.5,hist_gradient_boosting,0.0,0.6680646835326802
last_quarter_by_subject,S3,blend_hist_gradient_boosting_rule_0.5,hist_gradient_boosting,0.15,0.658997075090189
last_quarter_by_subject,S3,blend_hist_gradient_boosting_rule_0.5,hist_gradient_boosting,0.25,0.6577995962145773
last_quarter_by_subject,S3,blend_hist_gradient_boosting_rule_0.5,hist_gradient_boosting,0.35,0.66046797833343
last_quarter_by_subject,S3,blend_hist_gradient_boosting_rule_0.5,hist_gradient_boosting,0.5,0.6723769052097635
last_quarter_by_subject,S3,blend_hist_gradient_boosting_rule_0.5,hist_gradient_boosting,0.75,0.7204890733872861
last_quarter_by_subject,S3,blend_hist_gradient_boosting_rule_0.5,hist_gradient_boosting,1.0,0.8533299314528584
last_quarter_by_subject,S3,blend_hist_gradient_boosting_rule_0.75,hist_gradient_boosting,0.0,0.6680646835326802
last_quarter_by_subject,S3,blend_hist_gradient_boosting_rule_0.75,hist_gradient_boosting,0.15,0.6546455013763457
last_quarter_by_subject,S3,blend_hist_gradient_boosting_rule_0.75,hist_gradient_boosting,0.25,0.6494299285105019
last_quarter_by_subject,S3,blend_hist_gradient_boosting_rule_0.75,hist_gradient_boosting,0.35,0.647130631624408
last_quarter_by_subject,S3,blend_hist_gradient_boosting_rule_0.75,hist_gradient_boosting,0.5,0.649478386832273
last_quarter_by_subject,S3,blend_hist_gradient_boosting_rule_0.75,hist_gradient_boosting,0.75,0.6730050899859954
last_quarter_by_subject,S3,blend_hist_gradient_boosting_rule_0.75,hist_gradient_boosting,1.0,0.7476949332593588
last_quarter_by_subject,S3,model_mlp,mlp,0.0,0.6680646835326802
last_quarter_by_subject,S3,model_mlp,mlp,0.15,0.6476395907381738
last_quarter_by_subject,S3,model_mlp,mlp,0.25,0.6448469063202856
last_quarter_by_subject,S3,model_mlp,mlp,0.35,0.6503950481418629
last_quarter_by_subject,S3,model_mlp,mlp,0.5,0.6759382209988936
last_quarter_by_subject,S3,model_mlp,mlp,0.75,0.7873773534636495
last_quarter_by_subject,S3,model_mlp,mlp,1.0,1.558559001355465
last_quarter_by_subject,S3,blend_mlp_rule_0.25,mlp,0.0,0.6680646835326802
last_quarter_by_subject,S3,blend_mlp_rule_0.25,mlp,0.15,0.6612318301214544
last_quarter_by_subject,S3,blend_mlp_rule_0.25,mlp,0.25,0.6632869324826683
last_quarter_by_subject,S3,blend_mlp_rule_0.25,mlp,0.35,0.6707870371077198
last_quarter_by_subject,S3,blend_mlp_rule_0.25,mlp,0.5,0.693877376783563
last_quarter_by_subject,S3,blend_mlp_rule_0.25,mlp,0.75,0.7822464659893988
last_quarter_by_subject,S3,blend_mlp_rule_0.25,mlp,1.0,1.4598764138672125
last_quarter_by_subject,S3,blend_mlp_rule_0.5,mlp,0.0,0.6680646835326802
last_quarter_by_subject,S3,blend_mlp_rule_0.5,mlp,0.15,0.6546327343912013
last_quarter_by_subject,S3,blend_mlp_rule_0.5,mlp,0.25,0.6516138481529743
last_quarter_by_subject,S3,blend_mlp_rule_0.5,mlp,0.35,0.6533961003984669
last_quarter_by_subject,S3,blend_mlp_rule_0.5,mlp,0.5,0.6663390682343411
last_quarter_by_subject,S3,blend_mlp_rule_0.5,mlp,0.75,0.7306022474694901
last_quarter_by_subject,S3,blend_mlp_rule_0.5,mlp,1.0,1.2888587651366192
last_quarter_by_subject,S3,blend_mlp_rule_0.75,mlp,0.0,0.6680646835326802
last_quarter_by_subject,S3,blend_mlp_rule_0.75,mlp,0.15,0.6501608464455132
last_quarter_by_subject,S3,blend_mlp_rule_0.75,mlp,0.25,0.6456724722308678
last_quarter_by_subject,S3,blend_mlp_rule_0.75,mlp,0.35,0.6470104218823431
last_quarter_by_subject,S3,blend_mlp_rule_0.75,mlp,0.5,0.6609765061824945
last_quarter_by_subject,S3,blend_mlp_rule_0.75,mlp,0.75,0.730585016936113
last_quarter_by_subject,S3,blend_mlp_rule_0.75,mlp,1.0,1.2559413140860722
last_quarter_by_subject,S3,model_lightgbm,lightgbm,0.0,0.6680646835326802
last_quarter_by_subject,S3,model_lightgbm,lightgbm,0.15,0.6548240189345842
last_quarter_by_subject,S3,model_lightgbm,lightgbm,0.25,0.647945242227922
last_quarter_by_subject,S3,model_lightgbm,lightgbm,0.35,0.6425046869577647
last_quarter_by_subject,S3,model_lightgbm,lightgbm,0.5,0.6369528705194594
last_quarter_by_subject,S3,model_lightgbm,lightgbm,0.75,0.6348715859609781
last_quarter_by_subject,S3,model_lightgbm,lightgbm,1.0,0.6435220207004905
last_quarter_by_subject,S3,blend_lightgbm_rule_0.25,lightgbm,0.0,0.6680646835326802
last_quarter_by_subject,S3,blend_lightgbm_rule_0.25,lightgbm,0.15,0.6652818322964066
last_quarter_by_subject,S3,blend_lightgbm_rule_0.25,lightgbm,0.25,0.6701965640561933
last_quarter_by_subject,S3,blend_lightgbm_rule_0.25,lightgbm,0.35,0.6807068925049024
last_quarter_by_subject,S3,blend_lightgbm_rule_0.25,lightgbm,0.5,0.7083254641152955
last_quarter_by_subject,S3,blend_lightgbm_rule_0.25,lightgbm,0.75,0.7984796199996252
last_quarter_by_subject,S3,blend_lightgbm_rule_0.25,lightgbm,1.0,1.015080087067794
last_quarter_by_subject,S3,blend_lightgbm_rule_0.5,lightgbm,0.0,0.6680646835326802
last_quarter_by_subject,S3,blend_lightgbm_rule_0.5,lightgbm,0.15,0.6610906503319988
last_quarter_by_subject,S3,blend_lightgbm_rule_0.5,lightgbm,0.25,0.6607427096427353
last_quarter_by_subject,S3,blend_lightgbm_rule_0.5,lightgbm,0.35,0.6637547652159383
last_quarter_by_subject,S3,blend_lightgbm_rule_0.5,lightgbm,0.5,0.6748965217556429
last_quarter_by_subject,S3,blend_lightgbm_rule_0.5,lightgbm,0.75,0.7149308628177258
last_quarter_by_subject,S3,blend_lightgbm_rule_0.5,lightgbm,1.0,0.7996087725520074
last_quarter_by_subject,S3,blend_lightgbm_rule_0.75,lightgbm,0.0,0.6680646835326802
last_quarter_by_subject,S3,blend_lightgbm_rule_0.75,lightgbm,0.15,0.6576166508053816
last_quarter_by_subject,S3,blend_lightgbm_rule_0.75,lightgbm,0.25,0.6533895525264183
last_quarter_by_subject,S3,blend_lightgbm_rule_0.75,lightgbm,0.35,0.6512226929231524
last_quarter_by_subject,S3,blend_lightgbm_rule_0.75,lightgbm,0.5,0.6518405552615496
last_quarter_by_subject,S3,blend_lightgbm_rule_0.75,lightgbm,0.75,0.6643205752117038
last_quarter_by_subject,S3,blend_lightgbm_rule_0.75,lightgbm,1.0,0.6966698758680515
last_quarter_by_subject,S3,model_catboost,catboost,0.0,0.6680646835326802
last_quarter_by_subject,S3,model_catboost,catboost,0.15,0.6566351988140114
last_quarter_by_subject,S3,model_catboost,catboost,0.25,0.6506121220094113
last_quarter_by_subject,S3,model_catboost,catboost,0.35,0.6457885375122998
last_quarter_by_subject,S3,model_catboost,catboost,0.5,0.6407630574833919
last_quarter_by_subject,S3,model_catboost,catboost,0.75,0.6385984706186842
last_quarter_by_subject,S3,model_catboost,catboost,1.0,0.6460733593457533
last_quarter_by_subject,S3,blend_catboost_rule_0.25,catboost,0.0,0.6680646835326802
last_quarter_by_subject,S3,blend_catboost_rule_0.25,catboost,0.15,0.6655997393182161
last_quarter_by_subject,S3,blend_catboost_rule_0.25,catboost,0.25,0.6704854177408537
last_quarter_by_subject,S3,blend_catboost_rule_0.25,catboost,0.35,0.6807597715936788
last_quarter_by_subject,S3,blend_catboost_rule_0.25,catboost,0.5,0.7075390974711335
last_quarter_by_subject,S3,blend_catboost_rule_0.25,catboost,0.75,0.7940163054333234
last_quarter_by_subject,S3,blend_catboost_rule_0.25,catboost,1.0,0.9974265874575166
last_quarter_by_subject,S3,blend_catboost_rule_0.5,catboost,0.0,0.6680646835326802
last_quarter_by_subject,S3,blend_catboost_rule_0.5,catboost,0.15,0.661816896497793
last_quarter_by_subject,S3,blend_catboost_rule_0.5,catboost,0.25,0.6615799536607408
last_quarter_by_subject,S3,blend_catboost_rule_0.5,catboost,0.35,0.6644086001802905
last_quarter_by_subject,S3,blend_catboost_rule_0.5,catboost,0.5,0.6746699713128326
last_quarter_by_subject,S3,blend_catboost_rule_0.5,catboost,0.75,0.7111059469828738
last_quarter_by_subject,S3,blend_catboost_rule_0.5,catboost,1.0,0.7875314085542322
last_quarter_by_subject,S3,blend_catboost_rule_0.75,catboost,0.0,0.6680646835326802
last_quarter_by_subject,S3,blend_catboost_rule_0.75,catboost,0.15,0.6588407058390408
last_quarter_by_subject,S3,blend_catboost_rule_0.75,catboost,0.25,0.6550216245702256
last_quarter_by_subject,S3,blend_catboost_rule_0.75,catboost,0.35,0.6529640022591683
last_quarter_by_subject,S3,blend_catboost_rule_0.75,catboost,0.5,0.6531943769006254
last_quarter_by_subject,S3,blend_catboost_rule_0.75,catboost,0.75,0.6634523208550467
last_quarter_by_subject,S3,blend_catboost_rule_0.75,catboost,1.0,0.69120401537105
last_quarter_by_subject,S3,meta_rule_extra_trees,extra_trees,0.0,0.6680646835326802
last_quarter_by_subject,S3,meta_rule_extra_trees,extra_trees,0.15,0.6537894100879523
last_quarter_by_subject,S3,meta_rule_extra_trees,extra_trees,0.25,0.64643101558644
last_quarter_by_subject,S3,meta_rule_extra_trees,extra_trees,0.35,0.6406264897313868
last_quarter_by_subject,S3,meta_rule_extra_trees,extra_trees,0.5,0.6346370796088239
last_quarter_by_subject,S3,meta_rule_extra_trees,extra_trees,0.75,0.6316096634121557
last_quarter_by_subject,S3,meta_rule_extra_trees,extra_trees,1.0,0.6377673767909751
last_quarter_by_subject,S3,meta_rule_lightgbm,lightgbm,0.0,0.6680646835326802
last_quarter_by_subject,S3,meta_rule_lightgbm,lightgbm,0.15,0.6552099286677565
last_quarter_by_subject,S3,meta_rule_lightgbm,lightgbm,0.25,0.6485894097424735
last_quarter_by_subject,S3,meta_rule_lightgbm,lightgbm,0.35,0.6434127487393378
last_quarter_by_subject,S3,meta_rule_lightgbm,lightgbm,0.5,0.6382756179244206
last_quarter_by_subject,S3,meta_rule_lightgbm,lightgbm,0.75,0.6369636854592159
last_quarter_by_subject,S3,meta_rule_lightgbm,lightgbm,1.0,0.6464864744569188
last_quarter_by_subject,S3,meta_rule_catboost,catboost,0.0,0.6680646835326802
last_quarter_by_subject,S3,meta_rule_catboost,catboost,0.15,0.6581909663255658
last_quarter_by_subject,S3,meta_rule_catboost,catboost,0.25,0.6528563044118241
last_quarter_by_subject,S3,meta_rule_catboost,catboost,0.35,0.6484676503123574
last_quarter_by_subject,S3,meta_rule_catboost,catboost,0.5,0.6436178471587283
last_quarter_by_subject,S3,meta_rule_catboost,catboost,0.75,0.6402420042009497
last_quarter_by_subject,S3,meta_rule_catboost,catboost,1.0,0.6434729794171957
last_quarter_by_subject,S3,meta_rule_hist_gradient_boosting,hist_gradient_boosting,0.0,0.6680646835326802
last_quarter_by_subject,S3,meta_rule_hist_gradient_boosting,hist_gradient_boosting,0.15,0.6510584718282207
last_quarter_by_subject,S3,meta_rule_hist_gradient_boosting,hist_gradient_boosting,0.25,0.6431488046753663
last_quarter_by_subject,S3,meta_rule_hist_gradient_boosting,hist_gradient_boosting,0.35,0.6378624363977918
last_quarter_by_subject,S3,meta_rule_hist_gradient_boosting,hist_gradient_boosting,0.5,0.6349781116828368
last_quarter_by_subject,S3,meta_rule_hist_gradient_boosting,hist_gradient_boosting,0.75,0.646153495250691
last_quarter_by_subject,S3,meta_rule_hist_gradient_boosting,hist_gradient_boosting,1.0,0.693445568021946
last_quarter_by_subject,S4,history_blend,history,1.0,0.6345780654100109
last_quarter_by_subject,S4,rule_subject_strategy_tuned,rule,0.0,0.697757923001683
last_quarter_by_subject,S4,rule_subject_strategy_tuned,rule,0.15,0.6700192253001415
last_quarter_by_subject,S4,rule_subject_strategy_tuned,rule,0.25,0.663341833127834
last_quarter_by_subject,S4,rule_subject_strategy_tuned,rule,0.35,0.6667896006852715
last_quarter_by_subject,S4,rule_subject_strategy_tuned,rule,0.5,0.6946738621883756
last_quarter_by_subject,S4,rule_subject_strategy_tuned,rule,0.75,0.8435170086230718
last_quarter_by_subject,S4,rule_subject_strategy_tuned,rule,1.0,3.2276201335987382
last_quarter_by_subject,S4,model_logistic_regression,logistic_regression,0.0,0.697757923001683
last_quarter_by_subject,S4,model_logistic_regression,logistic_regression,0.15,0.6978018237540415
last_quarter_by_subject,S4,model_logistic_regression,logistic_regression,0.25,0.7070908438277923
last_quarter_by_subject,S4,model_logistic_regression,logistic_regression,0.35,0.7243405586627967
last_quarter_by_subject,S4,model_logistic_regression,logistic_regression,0.5,0.7678541318627381
last_quarter_by_subject,S4,model_logistic_regression,logistic_regression,0.75,0.9149318891360857
last_quarter_by_subject,S4,model_logistic_regression,logistic_regression,1.0,1.7257523980023055
last_quarter_by_subject,S4,blend_logistic_regression_rule_0.25,logistic_regression,0.0,0.697757923001683
last_quarter_by_subject,S4,blend_logistic_regression_rule_0.25,logistic_regression,0.15,0.6741877969419007
last_quarter_by_subject,S4,blend_logistic_regression_rule_0.25,logistic_regression,0.25,0.6664257258938472
last_quarter_by_subject,S4,blend_logistic_regression_rule_0.25,logistic_regression,0.35,0.6652611596951337
last_quarter_by_subject,S4,blend_logistic_regression_rule_0.25,logistic_regression,0.5,0.6776004210400582
last_quarter_by_subject,S4,blend_logistic_regression_rule_0.25,logistic_regression,0.75,0.7546708495295693
last_quarter_by_subject,S4,blend_logistic_regression_rule_0.25,logistic_regression,1.0,1.2858603592843945
last_quarter_by_subject,S4,blend_logistic_regression_rule_0.5,logistic_regression,0.0,0.697757923001683
last_quarter_by_subject,S4,blend_logistic_regression_rule_0.5,logistic_regression,0.15,0.68019615204918
last_quarter_by_subject,S4,blend_logistic_regression_rule_0.5,logistic_regression,0.25,0.6747260641807468
last_quarter_by_subject,S4,blend_logistic_regression_rule_0.5,logistic_regression,0.35,0.67439575886524
last_quarter_by_subject,S4,blend_logistic_regression_rule_0.5,logistic_regression,0.5,0.6848395660177653
last_quarter_by_subject,S4,blend_logistic_regression_rule_0.5,logistic_regression,0.75,0.7461969838290855
last_quarter_by_subject,S4,blend_logistic_regression_rule_0.5,logistic_regression,1.0,1.1437378875337296
last_quarter_by_subject,S4,blend_logistic_regression_rule_0.75,logistic_regression,0.0,0.697757923001683
last_quarter_by_subject,S4,blend_logistic_regression_rule_0.75,logistic_regression,0.15,0.6880485079348249
last_quarter_by_subject,S4,blend_logistic_regression_rule_0.75,logistic_regression,0.25,0.688167902925735
last_quarter_by_subject,S4,blend_logistic_regression_rule_0.75,logistic_regression,0.35,0.6937001358607051
last_quarter_by_subject,S4,blend_logistic_regression_rule_0.75,logistic_regression,0.5,0.7133607341174656
last_quarter_by_subject,S4,blend_logistic_regression_rule_0.75,logistic_regression,0.75,0.7899110855391493
last_quarter_by_subject,S4,blend_logistic_regression_rule_0.75,logistic_regression,1.0,1.1550432975893392
last_quarter_by_subject,S4,model_linear_svc,linear_svc,0.0,0.697757923001683
last_quarter_by_subject,S4,model_linear_svc,linear_svc,0.15,0.6981453637519975
last_quarter_by_subject,S4,model_linear_svc,linear_svc,0.25,0.7049208290519368
last_quarter_by_subject,S4,model_linear_svc,linear_svc,0.35,0.7172646505312857
last_quarter_by_subject,S4,model_linear_svc,linear_svc,0.5,0.7478503475667088
last_quarter_by_subject,S4,model_linear_svc,linear_svc,0.75,0.8463351781720574
last_quarter_by_subject,S4,model_linear_svc,linear_svc,1.0,1.1544404619901818
last_quarter_by_subject,S4,blend_linear_svc_rule_0.25,linear_svc,0.0,0.697757923001683
last_quarter_by_subject,S4,blend_linear_svc_rule_0.25,linear_svc,0.15,0.6745170262541237
last_quarter_by_subject,S4,blend_linear_svc_rule_0.25,linear_svc,0.25,0.666561487630632
last_quarter_by_subject,S4,blend_linear_svc_rule_0.25,linear_svc,0.35,0.664823335309022
last_quarter_by_subject,S4,blend_linear_svc_rule_0.25,linear_svc,0.5,0.6752949611012979
last_quarter_by_subject,S4,blend_linear_svc_rule_0.25,linear_svc,0.75,0.742773622055422
last_quarter_by_subject,S4,blend_linear_svc_rule_0.25,linear_svc,1.0,1.0525684185371085
last_quarter_by_subject,S4,blend_linear_svc_rule_0.5,linear_svc,0.0,0.697757923001683
last_quarter_by_subject,S4,blend_linear_svc_rule_0.5,linear_svc,0.15,0.6806950979791446
last_quarter_by_subject,S4,blend_linear_svc_rule_0.5,linear_svc,0.25,0.6745658500691037
last_quarter_by_subject,S4,blend_linear_svc_rule_0.5,linear_svc,0.35,0.6727144277454221
last_quarter_by_subject,S4,blend_linear_svc_rule_0.5,linear_svc,0.5,0.6788271747107727
last_quarter_by_subject,S4,blend_linear_svc_rule_0.5,linear_svc,0.75,0.7223331493507177
last_quarter_by_subject,S4,blend_linear_svc_rule_0.5,linear_svc,1.0,0.9101665802412108
last_quarter_by_subject,S4,blend_linear_svc_rule_0.75,linear_svc,0.0,0.697757923001683
last_quarter_by_subject,S4,blend_linear_svc_rule_0.75,linear_svc,0.15,0.68855681626072
last_quarter_by_subject,S4,blend_linear_svc_rule_0.75,linear_svc,0.25,0.6872742430344898
last_quarter_by_subject,S4,blend_linear_svc_rule_0.75,linear_svc,0.35,0.6899443494613492
last_quarter_by_subject,S4,blend_linear_svc_rule_0.75,linear_svc,0.5,0.7020776126927281
last_quarter_by_subject,S4,blend_linear_svc_rule_0.75,linear_svc,0.75,0.7516156940476371
last_quarter_by_subject,S4,blend_linear_svc_rule_0.75,linear_svc,1.0,0.9102368633233461
last_quarter_by_subject,S4,model_svc_rbf,svc_rbf,0.0,0.697757923001683
last_quarter_by_subject,S4,model_svc_rbf,svc_rbf,0.15,0.6898291993753923
last_quarter_by_subject,S4,model_svc_rbf,svc_rbf,0.25,0.6849910588166949
last_quarter_by_subject,S4,model_svc_rbf,svc_rbf,0.35,0.6805014384773319
last_quarter_by_subject,S4,model_svc_rbf,svc_rbf,0.5,0.674407401578553
last_quarter_by_subject,S4,model_svc_rbf,svc_rbf,0.75,0.6659298481650342
last_quarter_by_subject,S4,model_svc_rbf,svc_rbf,1.0,0.659548221472747
last_quarter_by_subject,S4,blend_svc_rbf_rule_0.25,svc_rbf,0.0,0.697757923001683
last_quarter_by_subject,S4,blend_svc_rbf_rule_0.25,svc_rbf,0.15,0.6731975943293005
last_quarter_by_subject,S4,blend_svc_rbf_rule_0.25,svc_rbf,0.25,0.6637215281028863
last_quarter_by_subject,S4,blend_svc_rbf_rule_0.25,svc_rbf,0.35,0.6598594582169406
last_quarter_by_subject,S4,blend_svc_rbf_rule_0.25,svc_rbf,0.5,0.6654546821073913
last_quarter_by_subject,S4,blend_svc_rbf_rule_0.25,svc_rbf,0.75,0.7132578853169077
last_quarter_by_subject,S4,blend_svc_rbf_rule_0.25,svc_rbf,1.0,0.8472699166997248
last_quarter_by_subject,S4,blend_svc_rbf_rule_0.5,svc_rbf,0.0,0.697757923001683
last_quarter_by_subject,S4,blend_svc_rbf_rule_0.5,svc_rbf,0.15,0.6775642357640809
last_quarter_by_subject,S4,blend_svc_rbf_rule_0.5,svc_rbf,0.25,0.6675332609041261
last_quarter_by_subject,S4,blend_svc_rbf_rule_0.5,svc_rbf,0.35,0.6602067335855069
last_quarter_by_subject,S4,blend_svc_rbf_rule_0.5,svc_rbf,0.5,0.6543727712608357
last_quarter_by_subject,S4,blend_svc_rbf_rule_0.5,svc_rbf,0.75,0.6595760810622348
last_quarter_by_subject,S4,blend_svc_rbf_rule_0.5,svc_rbf,1.0,0.6879662366390268
last_quarter_by_subject,S4,blend_svc_rbf_rule_0.75,svc_rbf,0.0,0.697757923001683
last_quarter_by_subject,S4,blend_svc_rbf_rule_0.75,svc_rbf,0.15,0.6831080663522634
last_quarter_by_subject,S4,blend_svc_rbf_rule_0.75,svc_rbf,0.25,0.6746388534584831
last_quarter_by_subject,S4,blend_svc_rbf_rule_0.75,svc_rbf,0.35,0.6671758228168264
last_quarter_by_subject,S4,blend_svc_rbf_rule_0.75,svc_rbf,0.5,0.6578374694123956
last_quarter_by_subject,S4,blend_svc_rbf_rule_0.75,svc_rbf,0.75,0.6472368682584851
last_quarter_by_subject,S4,blend_svc_rbf_rule_0.75,svc_rbf,1.0,0.6431523501166472
last_quarter_by_subject,S4,model_random_forest,random_forest,0.0,0.697757923001683
last_quarter_by_subject,S4,model_random_forest,random_forest,0.15,0.6893128592881007
last_quarter_by_subject,S4,model_random_forest,random_forest,0.25,0.6843515862990304
last_quarter_by_subject,S4,model_random_forest,random_forest,0.35,0.6799050051602652
last_quarter_by_subject,S4,model_random_forest,random_forest,0.5,0.6741740333656554
last_quarter_by_subject,S4,model_random_forest,random_forest,0.75,0.6670763173823494
last_quarter_by_subject,S4,model_random_forest,random_forest,1.0,0.6630657996954638
last_quarter_by_subject,S4,blend_random_forest_rule_0.25,random_forest,0.0,0.697757923001683
last_quarter_by_subject,S4,blend_random_forest_rule_0.25,random_forest,0.15,0.672920620593299
last_quarter_by_subject,S4,blend_random_forest_rule_0.25,random_forest,0.25,0.6631189142413652
last_quarter_by_subject,S4,blend_random_forest_rule_0.25,random_forest,0.35,0.6587761576303757
last_quarter_by_subject,S4,blend_random_forest_rule_0.25,random_forest,0.5,0.6632537284543728
last_quarter_by_subject,S4,blend_random_forest_rule_0.25,random_forest,0.75,0.7074123708189747
last_quarter_by_subject,S4,blend_random_forest_rule_0.25,random_forest,1.0,0.8325102210331792
last_quarter_by_subject,S4,blend_random_forest_rule_0.5,random_forest,0.0,0.697757923001683
last_quarter_by_subject,S4,blend_random_forest_rule_0.5,random_forest,0.15,0.677116613521432
last_quarter_by_subject,S4,blend_random_forest_rule_0.5,random_forest,0.25,0.666661195168754
last_quarter_by_subject,S4,blend_random_forest_rule_0.5,random_forest,0.35,0.6587771162073647
last_quarter_by_subject,S4,blend_random_forest_rule_0.5,random_forest,0.5,0.6518000033548149
last_quarter_by_subject,S4,blend_random_forest_rule_0.5,random_forest,0.75,0.6540476834684703
last_quarter_by_subject,S4,blend_random_forest_rule_0.5,random_forest,1.0,0.6777863758713644
last_quarter_by_subject,S4,blend_random_forest_rule_0.75,random_forest,0.0,0.697757923001683
last_quarter_by_subject,S4,blend_random_forest_rule_0.75,random_forest,0.15,0.6825841228911336
last_quarter_by_subject,S4,blend_random_forest_rule_0.75,random_forest,0.25,0.6737696569166963
last_quarter_by_subject,S4,blend_random_forest_rule_0.75,random_forest,0.35,0.6659477205096914
last_quarter_by_subject,S4,blend_random_forest_rule_0.75,random_forest,0.5,0.6560235777751949
last_quarter_by_subject,S4,blend_random_forest_rule_0.75,random_forest,0.75,0.6442771885551668
last_quarter_by_subject,S4,blend_random_forest_rule_0.75,random_forest,1.0,0.6388697893785823
last_quarter_by_subject,S4,model_extra_trees,extra_trees,0.0,0.697757923001683
last_quarter_by_subject,S4,model_extra_trees,extra_trees,0.15,0.6891372009312856
last_quarter_by_subject,S4,model_extra_trees,extra_trees,0.25,0.6839924728366673
last_quarter_by_subject,S4,model_extra_trees,extra_trees,0.35,0.6793085360710642
last_quarter_by_subject,S4,model_extra_trees,extra_trees,0.5,0.6731156729281522
last_quarter_by_subject,S4,model_extra_trees,extra_trees,0.75,0.6649324600814625
last_quarter_by_subject,S4,model_extra_trees,extra_trees,1.0,0.6593513684780973
last_quarter_by_subject,S4,blend_extra_trees_rule_0.25,extra_trees,0.0,0.697757923001683
last_quarter_by_subject,S4,blend_extra_trees_rule_0.25,extra_trees,0.15,0.6727835148451696
last_quarter_by_subject,S4,blend_extra_trees_rule_0.25,extra_trees,0.25,0.6627547266371068
last_quarter_by_subject,S4,blend_extra_trees_rule_0.25,extra_trees,0.35,0.6580503592841299
last_quarter_by_subject,S4,blend_extra_trees_rule_0.25,extra_trees,0.5,0.661647109242441
last_quarter_by_subject,S4,blend_extra_trees_rule_0.25,extra_trees,0.75,0.7026990233435866
last_quarter_by_subject,S4,blend_extra_trees_rule_0.25,extra_trees,1.0,0.8179408057520382
last_quarter_by_subject,S4,blend_extra_trees_rule_0.5,extra_trees,0.0,0.697757923001683
last_quarter_by_subject,S4,blend_extra_trees_rule_0.5,extra_trees,0.15,0.676906526852382
last_quarter_by_subject,S4,blend_extra_trees_rule_0.5,extra_trees,0.25,0.6661277847552917
last_quarter_by_subject,S4,blend_extra_trees_rule_0.5,extra_trees,0.35,0.6577525625650132
last_quarter_by_subject,S4,blend_extra_trees_rule_0.5,extra_trees,0.5,0.649663896434624
last_quarter_by_subject,S4,blend_extra_trees_rule_0.5,extra_trees,0.75,0.6486644850120613
last_quarter_by_subject,S4,blend_extra_trees_rule_0.5,extra_trees,1.0,0.6659891375303771
last_quarter_by_subject,S4,blend_extra_trees_rule_0.75,extra_trees,0.0,0.697757923001683
last_quarter_by_subject,S4,blend_extra_trees_rule_0.75,extra_trees,0.15,0.6823620183775592
last_quarter_by_subject,S4,blend_extra_trees_rule_0.75,extra_trees,0.25,0.673242377712577
last_quarter_by_subject,S4,blend_extra_trees_rule_0.75,extra_trees,0.35,0.6649800843861675
last_quarter_by_subject,S4,blend_extra_trees_rule_0.75,extra_trees,0.5,0.654117252588665
last_quarter_by_subject,S4,blend_extra_trees_rule_0.75,extra_trees,0.75,0.6399242685601721
last_quarter_by_subject,S4,blend_extra_trees_rule_0.75,extra_trees,1.0,0.6305775152526643
last_quarter_by_subject,S4,model_hist_gradient_boosting,hist_gradient_boosting,0.0,0.697757923001683
last_quarter_by_subject,S4,model_hist_gradient_boosting,hist_gradient_boosting,0.15,0.6934307897186713
last_quarter_by_subject,S4,model_hist_gradient_boosting,hist_gradient_boosting,0.25,0.6924189413677044
last_quarter_by_subject,S4,model_hist_gradient_boosting,hist_gradient_boosting,0.35,0.6929664866420551
last_quarter_by_subject,S4,model_hist_gradient_boosting,hist_gradient_boosting,0.5,0.696931986721651
last_quarter_by_subject,S4,model_hist_gradient_boosting,hist_gradient_boosting,0.75,0.7135140683954357
last_quarter_by_subject,S4,model_hist_gradient_boosting,hist_gradient_boosting,1.0,0.7485735801570058
last_quarter_by_subject,S4,blend_hist_gradient_boosting_rule_0.25,hist_gradient_boosting,0.0,0.697757923001683
last_quarter_by_subject,S4,blend_hist_gradient_boosting_rule_0.25,hist_gradient_boosting,0.15,0.6740822150495368
last_quarter_by_subject,S4,blend_hist_gradient_boosting_rule_0.25,hist_gradient_boosting,0.25,0.6655799007042694
last_quarter_by_subject,S4,blend_hist_gradient_boosting_rule_0.25,hist_gradient_boosting,0.35,0.6630991560378883
last_quarter_by_subject,S4,blend_hist_gradient_boosting_rule_0.25,hist_gradient_boosting,0.5,0.6718951065209707
last_quarter_by_subject,S4,blend_hist_gradient_boosting_rule_0.25,hist_gradient_boosting,0.75,0.7316670558747519
last_quarter_by_subject,S4,blend_hist_gradient_boosting_rule_0.25,hist_gradient_boosting,1.0,0.9224417956254729
last_quarter_by_subject,S4,blend_hist_gradient_boosting_rule_0.5,hist_gradient_boosting,0.0,0.697757923001683
last_quarter_by_subject,S4,blend_hist_gradient_boosting_rule_0.5,hist_gradient_boosting,0.15,0.6793375823140357
last_quarter_by_subject,S4,blend_hist_gradient_boosting_rule_0.5,hist_gradient_boosting,0.25,0.6712165265180714
last_quarter_by_subject,S4,blend_hist_gradient_boosting_rule_0.5,hist_gradient_boosting,0.35,0.6665008744310446
last_quarter_by_subject,S4,blend_hist_gradient_boosting_rule_0.5,hist_gradient_boosting,0.5,0.6663001616337731
last_quarter_by_subject,S4,blend_hist_gradient_boosting_rule_0.5,hist_gradient_boosting,0.75,0.6887026511886335
last_quarter_by_subject,S4,blend_hist_gradient_boosting_rule_0.5,hist_gradient_boosting,1.0,0.7616458198665682
last_quarter_by_subject,S4,blend_hist_gradient_boosting_rule_0.75,hist_gradient_boosting,0.0,0.697757923001683
last_quarter_by_subject,S4,blend_hist_gradient_boosting_rule_0.75,hist_gradient_boosting,0.15,0.6857825481749167
last_quarter_by_subject,S4,blend_hist_gradient_boosting_rule_0.75,hist_gradient_boosting,0.25,0.6801528578779317
last_quarter_by_subject,S4,blend_hist_gradient_boosting_rule_0.75,hist_gradient_boosting,0.35,0.676460022668234
last_quarter_by_subject,S4,blend_hist_gradient_boosting_rule_0.75,hist_gradient_boosting,0.5,0.674805629848984
last_quarter_by_subject,S4,blend_hist_gradient_boosting_rule_0.75,hist_gradient_boosting,0.75,0.6844724147943537
last_quarter_by_subject,S4,blend_hist_gradient_boosting_rule_0.75,hist_gradient_boosting,1.0,0.7185191273990894
last_quarter_by_subject,S4,model_mlp,mlp,0.0,0.697757923001683
last_quarter_by_subject,S4,model_mlp,mlp,0.15,0.6821863306252411
last_quarter_by_subject,S4,model_mlp,mlp,0.25,0.6802486332691389
last_quarter_by_subject,S4,model_mlp,mlp,0.35,0.6855896400758347
last_quarter_by_subject,S4,model_mlp,mlp,0.5,0.7097634176658568
last_quarter_by_subject,S4,model_mlp,mlp,0.75,0.8190847290540806
last_quarter_by_subject,S4,model_mlp,mlp,1.0,1.5899523765189298
last_quarter_by_subject,S4,blend_mlp_rule_0.25,mlp,0.0,0.697757923001683
last_quarter_by_subject,S4,blend_mlp_rule_0.25,mlp,0.15,0.6706325383990049
last_quarter_by_subject,S4,blend_mlp_rule_0.25,mlp,0.25,0.6607147575033376
last_quarter_by_subject,S4,blend_mlp_rule_0.25,mlp,0.35,0.6576020698466443
last_quarter_by_subject,S4,blend_mlp_rule_0.25,mlp,0.5,0.6675046990102622
last_quarter_by_subject,S4,blend_mlp_rule_0.25,mlp,0.75,0.743021212496585
last_quarter_by_subject,S4,blend_mlp_rule_0.25,mlp,1.0,1.4000681225849227
last_quarter_by_subject,S4,blend_mlp_rule_0.5,mlp,0.0,0.697757923001683
last_quarter_by_subject,S4,blend_mlp_rule_0.5,mlp,0.15,0.6728695189479909
last_quarter_by_subject,S4,blend_mlp_rule_0.5,mlp,0.25,0.6627191403815711
last_quarter_by_subject,S4,blend_mlp_rule_0.5,mlp,0.35,0.6579654655741298
last_quarter_by_subject,S4,blend_mlp_rule_0.5,mlp,0.5,0.6624826949293261
last_quarter_by_subject,S4,blend_mlp_rule_0.5,mlp,0.75,0.7180391168777966
last_quarter_by_subject,S4,blend_mlp_rule_0.5,mlp,1.0,1.2361273106347588
last_quarter_by_subject,S4,blend_mlp_rule_0.75,mlp,0.0,0.697757923001683
last_quarter_by_subject,S4,blend_mlp_rule_0.75,mlp,0.15,0.6767105250872721
last_quarter_by_subject,S4,blend_mlp_rule_0.75,mlp,0.25,0.6691634570978132
last_quarter_by_subject,S4,blend_mlp_rule_0.75,mlp,0.35,0.6670515313258847
last_quarter_by_subject,S4,blend_mlp_rule_0.75,mlp,0.5,0.6755374337953007
last_quarter_by_subject,S4,blend_mlp_rule_0.75,mlp,0.75,0.7366158228164594
last_quarter_by_subject,S4,blend_mlp_rule_0.75,mlp,1.0,1.20539221931536
last_quarter_by_subject,S4,model_lightgbm,lightgbm,0.0,0.697757923001683
last_quarter_by_subject,S4,model_lightgbm,lightgbm,0.15,0.6884664344235497
last_quarter_by_subject,S4,model_lightgbm,lightgbm,0.25,0.6831928915542204
last_quarter_by_subject,S4,model_lightgbm,lightgbm,0.35,0.678640864643739
last_quarter_by_subject,S4,model_lightgbm,lightgbm,0.5,0.6731592018437612
last_quarter_by_subject,S4,model_lightgbm,lightgbm,0.75,0.6676959305390334
last_quarter_by_subject,S4,model_lightgbm,lightgbm,1.0,0.6672361424327833
last_quarter_by_subject,S4,blend_lightgbm_rule_0.25,lightgbm,0.0,0.697757923001683
last_quarter_by_subject,S4,blend_lightgbm_rule_0.25,lightgbm,0.15,0.6728916715113316
last_quarter_by_subject,S4,blend_lightgbm_rule_0.25,lightgbm,0.25,0.6633664476741377
last_quarter_by_subject,S4,blend_lightgbm_rule_0.25,lightgbm,0.35,0.6595884876281888
last_quarter_by_subject,S4,blend_lightgbm_rule_0.25,lightgbm,0.5,0.6656282876547217
last_quarter_by_subject,S4,blend_lightgbm_rule_0.25,lightgbm,0.75,0.7158225716974915
last_quarter_by_subject,S4,blend_lightgbm_rule_0.25,lightgbm,1.0,0.8616244911647166
last_quarter_by_subject,S4,blend_lightgbm_rule_0.5,lightgbm,0.0,0.697757923001683
last_quarter_by_subject,S4,blend_lightgbm_rule_0.5,lightgbm,0.15,0.6769299290280822
last_quarter_by_subject,S4,blend_lightgbm_rule_0.5,lightgbm,0.25,0.6667615987654358
last_quarter_by_subject,S4,blend_lightgbm_rule_0.5,lightgbm,0.35,0.6595337250506973
last_quarter_by_subject,S4,blend_lightgbm_rule_0.5,lightgbm,0.5,0.6543562234126103
last_quarter_by_subject,S4,blend_lightgbm_rule_0.5,lightgbm,0.75,0.6626410773194504
last_quarter_by_subject,S4,blend_lightgbm_rule_0.5,lightgbm,1.0,0.6996270639338045
last_quarter_by_subject,S4,blend_lightgbm_rule_0.75,lightgbm,0.0,0.697757923001683
last_quarter_by_subject,S4,blend_lightgbm_rule_0.75,lightgbm,0.15,0.6821215573427657
last_quarter_by_subject,S4,blend_lightgbm_rule_0.75,lightgbm,0.25,0.6733847527497077
last_quarter_by_subject,S4,blend_lightgbm_rule_0.75,lightgbm,0.35,0.6659642268515049
last_quarter_by_subject,S4,blend_lightgbm_rule_0.75,lightgbm,0.5,0.6572992753737092
last_quarter_by_subject,S4,blend_lightgbm_rule_0.75,lightgbm,0.75,0.6497361912299209
last_quarter_by_subject,S4,blend_lightgbm_rule_0.75,lightgbm,1.0,0.6521830264528341
last_quarter_by_subject,S4,model_catboost,catboost,0.0,0.697757923001683
last_quarter_by_subject,S4,model_catboost,catboost,0.15,0.6910187330473786
last_quarter_by_subject,S4,model_catboost,catboost,0.25,0.6869416509397646
last_quarter_by_subject,S4,model_catboost,catboost,0.35,0.6831923141932656
last_quarter_by_subject,S4,model_catboost,catboost,0.5,0.6781787691682335
last_quarter_by_subject,S4,model_catboost,catboost,0.75,0.671458561616571
last_quarter_by_subject,S4,model_catboost,catboost,1.0,0.666848045431696
last_quarter_by_subject,S4,blend_catboost_rule_0.25,catboost,0.0,0.697757923001683
last_quarter_by_subject,S4,blend_catboost_rule_0.25,catboost,0.15,0.6734691441342923
last_quarter_by_subject,S4,blend_catboost_rule_0.25,catboost,0.25,0.6641396489183801
last_quarter_by_subject,S4,blend_catboost_rule_0.25,catboost,0.35,0.6603985127671411
last_quarter_by_subject,S4,blend_catboost_rule_0.25,catboost,0.5,0.6661255177734611
last_quarter_by_subject,S4,blend_catboost_rule_0.25,catboost,0.75,0.7139733837312485
last_quarter_by_subject,S4,blend_catboost_rule_0.25,catboost,1.0,0.8476626586174789
last_quarter_by_subject,S4,blend_catboost_rule_0.5,catboost,0.0,0.697757923001683
last_quarter_by_subject,S4,blend_catboost_rule_0.5,catboost,0.15,0.6781229975481532
last_quarter_by_subject,S4,blend_catboost_rule_0.5,catboost,0.25,0.6684094678753659
last_quarter_by_subject,S4,blend_catboost_rule_0.5,catboost,0.35,0.661358716683822
last_quarter_by_subject,S4,blend_catboost_rule_0.5,catboost,0.5,0.6558623491179117
last_quarter_by_subject,S4,blend_catboost_rule_0.5,catboost,0.75,0.661429708972259
last_quarter_by_subject,S4,blend_catboost_rule_0.5,catboost,1.0,0.6900152311192248
last_quarter_by_subject,S4,blend_catboost_rule_0.75,catboost,0.0,0.697757923001683
last_quarter_by_subject,S4,blend_catboost_rule_0.75,catboost,0.15,0.6839720160397211
last_quarter_by_subject,S4,blend_catboost_rule_0.75,catboost,0.25,0.6760225344387154
last_quarter_by_subject,S4,blend_catboost_rule_0.75,catboost,0.35,0.669036948520783
last_quarter_by_subject,S4,blend_catboost_rule_0.75,catboost,0.5,0.6603413521158776
last_quarter_by_subject,S4,blend_catboost_rule_0.75,catboost,0.75,0.6506487817327122
last_quarter_by_subject,S4,blend_catboost_rule_0.75,catboost,1.0,0.6473723931761654
last_quarter_by_subject,S4,meta_rule_extra_trees,extra_trees,0.0,0.697757923001683
last_quarter_by_subject,S4,meta_rule_extra_trees,extra_trees,0.15,0.6895680270272814
last_quarter_by_subject,S4,meta_rule_extra_trees,extra_trees,0.25,0.6847319593554231
last_quarter_by_subject,S4,meta_rule_extra_trees,extra_trees,0.35,0.6803739829573451
last_quarter_by_subject,S4,meta_rule_extra_trees,extra_trees,0.5,0.6747037645829785
last_quarter_by_subject,S4,meta_rule_extra_trees,extra_trees,0.75,0.6674914502942434
last_quarter_by_subject,S4,meta_rule_extra_trees,extra_trees,1.0,0.6630365291552288
last_quarter_by_subject,S4,meta_rule_lightgbm,lightgbm,0.0,0.697757923001683
last_quarter_by_subject,S4,meta_rule_lightgbm,lightgbm,0.15,0.6880683311156629
last_quarter_by_subject,S4,meta_rule_lightgbm,lightgbm,0.25,0.682501191964138
last_quarter_by_subject,S4,meta_rule_lightgbm,lightgbm,0.35,0.6776333996635211
last_quarter_by_subject,S4,meta_rule_lightgbm,lightgbm,0.5,0.6716356915707664
last_quarter_by_subject,S4,meta_rule_lightgbm,lightgbm,0.75,0.6651882341908524
last_quarter_by_subject,S4,meta_rule_lightgbm,lightgbm,1.0,0.6635475436166536
last_quarter_by_subject,S4,meta_rule_catboost,catboost,0.0,0.697757923001683
last_quarter_by_subject,S4,meta_rule_catboost,catboost,0.15,0.6921432476861628
last_quarter_by_subject,S4,meta_rule_catboost,catboost,0.25,0.6887748881485871
last_quarter_by_subject,S4,meta_rule_catboost,catboost,0.35,0.685700279829406
last_quarter_by_subject,S4,meta_rule_catboost,catboost,0.5,0.6816320513591885
last_quarter_by_subject,S4,meta_rule_catboost,catboost,0.75,0.6762936553220065
last_quarter_by_subject,S4,meta_rule_catboost,catboost,1.0,0.6727866334368366
last_quarter_by_subject,S4,meta_rule_hist_gradient_boosting,hist_gradient_boosting,0.0,0.697757923001683
last_quarter_by_subject,S4,meta_rule_hist_gradient_boosting,hist_gradient_boosting,0.15,0.6934307897186713
last_quarter_by_subject,S4,meta_rule_hist_gradient_boosting,hist_gradient_boosting,0.25,0.6924189413677044
last_quarter_by_subject,S4,meta_rule_hist_gradient_boosting,hist_gradient_boosting,0.35,0.6929664866420551
last_quarter_by_subject,S4,meta_rule_hist_gradient_boosting,hist_gradient_boosting,0.5,0.696931986721651
last_quarter_by_subject,S4,meta_rule_hist_gradient_boosting,hist_gradient_boosting,0.75,0.7135140683954357
last_quarter_by_subject,S4,meta_rule_hist_gradient_boosting,hist_gradient_boosting,1.0,0.7485735801570058
last_third_by_subject,Q1,history_blend,history,1.0,0.6538396967720473
last_third_by_subject,Q1,rule_subject_strategy_tuned,rule,0.0,0.6942142885327399
last_third_by_subject,Q1,rule_subject_strategy_tuned,rule,0.15,0.7062560864438513
last_third_by_subject,Q1,rule_subject_strategy_tuned,rule,0.25,0.7278220435388495
last_third_by_subject,Q1,rule_subject_strategy_tuned,rule,0.35,0.7617516347738129
last_third_by_subject,Q1,rule_subject_strategy_tuned,rule,0.5,0.8419447359117742
last_third_by_subject,Q1,rule_subject_strategy_tuned,rule,0.75,1.1160928362968032
last_third_by_subject,Q1,rule_subject_strategy_tuned,rule,1.0,4.665813875113136
last_third_by_subject,Q1,model_logistic_regression,logistic_regression,0.0,0.6942142885327399
last_third_by_subject,Q1,model_logistic_regression,logistic_regression,0.15,0.7007673367649349
last_third_by_subject,Q1,model_logistic_regression,logistic_regression,0.25,0.7136524618813558
last_third_by_subject,Q1,model_logistic_regression,logistic_regression,0.35,0.7340793471979264
last_third_by_subject,Q1,model_logistic_regression,logistic_regression,0.5,0.7817750082513726
last_third_by_subject,Q1,model_logistic_regression,logistic_regression,0.75,0.9344157106199426
last_third_by_subject,Q1,model_logistic_regression,logistic_regression,1.0,1.6964044941598602
last_third_by_subject,Q1,blend_logistic_regression_rule_0.25,logistic_regression,0.0,0.6942142885327399
last_third_by_subject,Q1,blend_logistic_regression_rule_0.25,logistic_regression,0.15,0.7020472971899612
last_third_by_subject,Q1,blend_logistic_regression_rule_0.25,logistic_regression,0.25,0.7161470787863009
last_third_by_subject,Q1,blend_logistic_regression_rule_0.25,logistic_regression,0.35,0.7380994529514048
last_third_by_subject,Q1,blend_logistic_regression_rule_0.25,logistic_regression,0.5,0.7887158325855075
last_third_by_subject,Q1,blend_logistic_regression_rule_0.25,logistic_regression,0.75,0.9482565214798097
last_third_by_subject,Q1,blend_logistic_regression_rule_0.25,logistic_regression,1.0,1.7688115627927612
last_third_by_subject,Q1,blend_logistic_regression_rule_0.5,logistic_regression,0.0,0.6942142885327399
last_third_by_subject,Q1,blend_logistic_regression_rule_0.5,logistic_regression,0.15,0.6997379088199047
last_third_by_subject,Q1,blend_logistic_regression_rule_0.5,logistic_regression,0.25,0.7099864535464023
last_third_by_subject,Q1,blend_logistic_regression_rule_0.5,logistic_regression,0.35,0.726029378592763
last_third_by_subject,Q1,blend_logistic_regression_rule_0.5,logistic_regression,0.5,0.7631835594601422
last_third_by_subject,Q1,blend_logistic_regression_rule_0.5,logistic_regression,0.75,0.8815492473278227
last_third_by_subject,Q1,blend_logistic_regression_rule_0.5,logistic_regression,1.0,1.503267200772588
last_third_by_subject,Q1,blend_logistic_regression_rule_0.75,logistic_regression,0.0,0.6942142885327399
last_third_by_subject,Q1,blend_logistic_regression_rule_0.75,logistic_regression,0.15,0.6993031689725604
last_third_by_subject,Q1,blend_logistic_regression_rule_0.75,logistic_regression,0.25,0.7091028968301325
last_third_by_subject,Q1,blend_logistic_regression_rule_0.75,logistic_regression,0.35,0.7245010170712485
last_third_by_subject,Q1,blend_logistic_regression_rule_0.75,logistic_regression,0.5,0.7600687480960593
last_third_by_subject,Q1,blend_logistic_regression_rule_0.75,logistic_regression,0.75,0.8716622524302458
last_third_by_subject,Q1,blend_logistic_regression_rule_0.75,logistic_regression,1.0,1.416565947426063
last_third_by_subject,Q1,model_linear_svc,linear_svc,0.0,0.6942142885327399
last_third_by_subject,Q1,model_linear_svc,linear_svc,0.15,0.6962111436215007
last_third_by_subject,Q1,model_linear_svc,linear_svc,0.25,0.7042150788684501
last_third_by_subject,Q1,model_linear_svc,linear_svc,0.35,0.7179982376555623
last_third_by_subject,Q1,model_linear_svc,linear_svc,0.5,0.7513230018405825
last_third_by_subject,Q1,model_linear_svc,linear_svc,0.75,0.8572419855389445
last_third_by_subject,Q1,model_linear_svc,linear_svc,1.0,1.2243206610095427
last_third_by_subject,Q1,blend_linear_svc_rule_0.25,linear_svc,0.0,0.6942142885327399
last_third_by_subject,Q1,blend_linear_svc_rule_0.25,linear_svc,0.15,0.7013162014760737
last_third_by_subject,Q1,blend_linear_svc_rule_0.25,linear_svc,0.25,0.7149170277441039
last_third_by_subject,Q1,blend_linear_svc_rule_0.25,linear_svc,0.35,0.7362963266914331
last_third_by_subject,Q1,blend_linear_svc_rule_0.25,linear_svc,0.5,0.7856647217515945
last_third_by_subject,Q1,blend_linear_svc_rule_0.25,linear_svc,0.75,0.9388359902565202
last_third_by_subject,Q1,blend_linear_svc_rule_0.25,linear_svc,1.0,1.4882049745821184
last_third_by_subject,Q1,blend_linear_svc_rule_0.5,linear_svc,0.0,0.6942142885327399
last_third_by_subject,Q1,blend_linear_svc_rule_0.5,linear_svc,0.15,0.6980052982922187
last_third_by_subject,Q1,blend_linear_svc_rule_0.5,linear_svc,0.25,0.7067777140590179
last_third_by_subject,Q1,blend_linear_svc_rule_0.5,linear_svc,0.35,0.7209497594461175
last_third_by_subject,Q1,blend_linear_svc_rule_0.5,linear_svc,0.5,0.7540360173565102
last_third_by_subject,Q1,blend_linear_svc_rule_0.5,linear_svc,0.75,0.8564905152799418
last_third_by_subject,Q1,blend_linear_svc_rule_0.5,linear_svc,1.0,1.2063265856182772
last_third_by_subject,Q1,blend_linear_svc_rule_0.75,linear_svc,0.0,0.6942142885327399
last_third_by_subject,Q1,blend_linear_svc_rule_0.75,linear_svc,0.15,0.6962993270806764
last_third_by_subject,Q1,blend_linear_svc_rule_0.75,linear_svc,0.25,0.7031842795265896
last_third_by_subject,Q1,blend_linear_svc_rule_0.75,linear_svc,0.35,0.7147589846920025
last_third_by_subject,Q1,blend_linear_svc_rule_0.75,linear_svc,0.5,0.7422136710816587
last_third_by_subject,Q1,blend_linear_svc_rule_0.75,linear_svc,0.75,0.8269739091526144
last_third_by_subject,Q1,blend_linear_svc_rule_0.75,linear_svc,1.0,1.1005839141367755
last_third_by_subject,Q1,model_svc_rbf,svc_rbf,0.0,0.6942142885327399
last_third_by_subject,Q1,model_svc_rbf,svc_rbf,0.15,0.6907725891438008
last_third_by_subject,Q1,model_svc_rbf,svc_rbf,0.25,0.6889015387502055
last_third_by_subject,Q1,model_svc_rbf,svc_rbf,0.35,0.6873655963892451
last_third_by_subject,Q1,model_svc_rbf,svc_rbf,0.5,0.6856884188556119
last_third_by_subject,Q1,model_svc_rbf,svc_rbf,0.75,0.6845835436797467
last_third_by_subject,Q1,model_svc_rbf,svc_rbf,1.0,0.6856826269269031
last_third_by_subject,Q1,blend_svc_rbf_rule_0.25,svc_rbf,0.0,0.6942142885327399
last_third_by_subject,Q1,blend_svc_rbf_rule_0.25,svc_rbf,0.15,0.7003066735912911
last_third_by_subject,Q1,blend_svc_rbf_rule_0.25,svc_rbf,0.25,0.712023645578599
last_third_by_subject,Q1,blend_svc_rbf_rule_0.25,svc_rbf,0.35,0.7303215990575623
last_third_by_subject,Q1,blend_svc_rbf_rule_0.25,svc_rbf,0.5,0.7717976967328928
last_third_by_subject,Q1,blend_svc_rbf_rule_0.25,svc_rbf,0.75,0.8913529469713674
last_third_by_subject,Q1,blend_svc_rbf_rule_0.25,svc_rbf,1.0,1.131141265147603
last_third_by_subject,Q1,blend_svc_rbf_rule_0.5,svc_rbf,0.0,0.6942142885327399
last_third_by_subject,Q1,blend_svc_rbf_rule_0.5,svc_rbf,0.15,0.6957638686580587
last_third_by_subject,Q1,blend_svc_rbf_rule_0.5,svc_rbf,0.25,0.7004298937171365
last_third_by_subject,Q1,blend_svc_rbf_rule_0.5,svc_rbf,0.35,0.7080913780479529
last_third_by_subject,Q1,blend_svc_rbf_rule_0.5,svc_rbf,0.5,0.725543276035885
last_third_by_subject,Q1,blend_svc_rbf_rule_0.5,svc_rbf,0.75,0.7729070329464691
last_third_by_subject,Q1,blend_svc_rbf_rule_0.5,svc_rbf,1.0,0.8507257706471169
last_third_by_subject,Q1,blend_svc_rbf_rule_0.75,svc_rbf,0.0,0.6942142885327399
last_third_by_subject,Q1,blend_svc_rbf_rule_0.75,svc_rbf,0.15,0.6925930165821559
last_third_by_subject,Q1,blend_svc_rbf_rule_0.75,svc_rbf,0.25,0.6927740288744938
last_third_by_subject,Q1,blend_svc_rbf_rule_0.75,svc_rbf,0.35,0.6939692422923599
last_third_by_subject,Q1,blend_svc_rbf_rule_0.75,svc_rbf,0.5,0.697701768851914
last_third_by_subject,Q1,blend_svc_rbf_rule_0.75,svc_rbf,0.75,0.7093947154321295
last_third_by_subject,Q1,blend_svc_rbf_rule_0.75,svc_rbf,1.0,0.7288399726059254
last_third_by_subject,Q1,model_random_forest,random_forest,0.0,0.6942142885327399
last_third_by_subject,Q1,model_random_forest,random_forest,0.15,0.6876076406522856
last_third_by_subject,Q1,model_random_forest,random_forest,0.25,0.6835875671043062
last_third_by_subject,Q1,model_random_forest,random_forest,0.35,0.6798661301393476
last_third_by_subject,Q1,model_random_forest,random_forest,0.5,0.6748309586240534
last_third_by_subject,Q1,model_random_forest,random_forest,0.75,0.6678634501093006
last_third_by_subject,Q1,model_random_forest,random_forest,1.0,0.662650151879021
last_third_by_subject,Q1,blend_random_forest_rule_0.25,random_forest,0.0,0.6942142885327399
last_third_by_subject,Q1,blend_random_forest_rule_0.25,random_forest,0.15,0.699457067700672
last_third_by_subject,Q1,blend_random_forest_rule_0.25,random_forest,0.25,0.7105086871352679
last_third_by_subject,Q1,blend_random_forest_rule_0.25,random_forest,0.35,0.7280256508303504
last_third_by_subject,Q1,blend_random_forest_rule_0.25,random_forest,0.5,0.7680074692476527
last_third_by_subject,Q1,blend_random_forest_rule_0.25,random_forest,0.75,0.8833788085381201
last_third_by_subject,Q1,blend_random_forest_rule_0.25,random_forest,1.0,1.1117821650192965
last_third_by_subject,Q1,blend_random_forest_rule_0.5,random_forest,0.0,0.6942142885327399
last_third_by_subject,Q1,blend_random_forest_rule_0.5,random_forest,0.15,0.6941091850484176
last_third_by_subject,Q1,blend_random_forest_rule_0.5,random_forest,0.25,0.6975524883816318
last_third_by_subject,Q1,blend_random_forest_rule_0.5,random_forest,0.35,0.7038660936723418
last_third_by_subject,Q1,blend_random_forest_rule_0.5,random_forest,0.5,0.7189868229016959
last_third_by_subject,Q1,blend_random_forest_rule_0.5,random_forest,0.75,0.7611882385101782
last_third_by_subject,Q1,blend_random_forest_rule_0.5,random_forest,1.0,0.8306863814647195
last_third_by_subject,Q1,blend_random_forest_rule_0.75,random_forest,0.0,0.6942142885327399
last_third_by_subject,Q1,blend_random_forest_rule_0.75,random_forest,0.15,0.6901691769766277
last_third_by_subject,Q1,blend_random_forest_rule_0.75,random_forest,0.25,0.6886425615808214
last_third_by_subject,Q1,blend_random_forest_rule_0.75,random_forest,0.35,0.6880434997154877
last_third_by_subject,Q1,blend_random_forest_rule_0.75,random_forest,0.5,0.688890081060083
last_third_by_subject,Q1,blend_random_forest_rule_0.75,random_forest,0.75,0.6950827201518035
last_third_by_subject,Q1,blend_random_forest_rule_0.75,random_forest,1.0,0.7077079944599255
last_third_by_subject,Q1,model_extra_trees,extra_trees,0.0,0.6942142885327399
last_third_by_subject,Q1,model_extra_trees,extra_trees,0.15,0.6857076532225984
last_third_by_subject,Q1,model_extra_trees,extra_trees,0.25,0.6804429954058065
last_third_by_subject,Q1,model_extra_trees,extra_trees,0.35,0.6754912595363768
last_third_by_subject,Q1,model_extra_trees,extra_trees,0.5,0.668632161264015
last_third_by_subject,Q1,model_extra_trees,extra_trees,0.75,0.6586661055451161
last_third_by_subject,Q1,model_extra_trees,extra_trees,1.0,0.6504869337754351
last_third_by_subject,Q1,blend_extra_trees_rule_0.25,extra_trees,0.0,0.6942142885327399
last_third_by_subject,Q1,blend_extra_trees_rule_0.25,extra_trees,0.15,0.6990093281809558
last_third_by_subject,Q1,blend_extra_trees_rule_0.25,extra_trees,0.25,0.7097870595788279
last_third_by_subject,Q1,blend_extra_trees_rule_0.25,extra_trees,0.35,0.7270370874005954
last_third_by_subject,Q1,blend_extra_trees_rule_0.25,extra_trees,0.5,0.7666053662070479
last_third_by_subject,Q1,blend_extra_trees_rule_0.25,extra_trees,0.75,0.8810920742099354
last_third_by_subject,Q1,blend_extra_trees_rule_0.25,extra_trees,1.0,1.1075507005395913
last_third_by_subject,Q1,blend_extra_trees_rule_0.5,extra_trees,0.0,0.6942142885327399
last_third_by_subject,Q1,blend_extra_trees_rule_0.5,extra_trees,0.15,0.6931973267696088
last_third_by_subject,Q1,blend_extra_trees_rule_0.5,extra_trees,0.25,0.6960740743622145
last_third_by_subject,Q1,blend_extra_trees_rule_0.5,extra_trees,0.35,0.7018399604280071
last_third_by_subject,Q1,blend_extra_trees_rule_0.5,extra_trees,0.5,0.7161485821440398
last_third_by_subject,Q1,blend_extra_trees_rule_0.5,extra_trees,0.75,0.7569109352385385
last_third_by_subject,Q1,blend_extra_trees_rule_0.5,extra_trees,1.0,0.8246084202585814
last_third_by_subject,Q1,blend_extra_trees_rule_0.75,extra_trees,0.0,0.6942142885327399
last_third_by_subject,Q1,blend_extra_trees_rule_0.75,extra_trees,0.15,0.6887742113096751
last_third_by_subject,Q1,blend_extra_trees_rule_0.75,extra_trees,0.25,0.6863609083054694
last_third_by_subject,Q1,blend_extra_trees_rule_0.75,extra_trees,0.35,0.6849005123139364
last_third_by_subject,Q1,blend_extra_trees_rule_0.75,extra_trees,0.5,0.6844873124367652
last_third_by_subject,Q1,blend_extra_trees_rule_0.75,extra_trees,0.75,0.6886142979905696
last_third_by_subject,Q1,blend_extra_trees_rule_0.75,extra_trees,1.0,0.6991424362942578
last_third_by_subject,Q1,model_hist_gradient_boosting,hist_gradient_boosting,0.0,0.6942142885327399
last_third_by_subject,Q1,model_hist_gradient_boosting,hist_gradient_boosting,0.15,0.6923378845368958
last_third_by_subject,Q1,model_hist_gradient_boosting,hist_gradient_boosting,0.25,0.6928467524050895
last_third_by_subject,Q1,model_hist_gradient_boosting,hist_gradient_boosting,0.35,0.6948096791045117
last_third_by_subject,Q1,model_hist_gradient_boosting,hist_gradient_boosting,0.5,0.7006523132761676
last_third_by_subject,Q1,model_hist_gradient_boosting,hist_gradient_boosting,0.75,0.7193231333929977
last_third_by_subject,Q1,model_hist_gradient_boosting,hist_gradient_boosting,1.0,0.7532053228834599
last_third_by_subject,Q1,blend_hist_gradient_boosting_rule_0.25,hist_gradient_boosting,0.0,0.6942142885327399
last_third_by_subject,Q1,blend_hist_gradient_boosting_rule_0.25,hist_gradient_boosting,0.15,0.7006684924380379
last_third_by_subject,Q1,blend_hist_gradient_boosting_rule_0.25,hist_gradient_boosting,0.25,0.7129463969902906
last_third_by_subject,Q1,blend_hist_gradient_boosting_rule_0.25,hist_gradient_boosting,0.35,0.7321208136477456
last_third_by_subject,Q1,blend_hist_gradient_boosting_rule_0.25,hist_gradient_boosting,0.5,0.7757509889145583
last_third_by_subject,Q1,blend_hist_gradient_boosting_rule_0.25,hist_gradient_boosting,0.75,0.9037185286066539
last_third_by_subject,Q1,blend_hist_gradient_boosting_rule_0.25,hist_gradient_boosting,1.0,1.1831815545926299
last_third_by_subject,Q1,blend_hist_gradient_boosting_rule_0.5,hist_gradient_boosting,0.0,0.6942142885327399
last_third_by_subject,Q1,blend_hist_gradient_boosting_rule_0.5,hist_gradient_boosting,0.15,0.6965012572956667
last_third_by_subject,Q1,blend_hist_gradient_boosting_rule_0.5,hist_gradient_boosting,0.25,0.7022879312299279
last_third_by_subject,Q1,blend_hist_gradient_boosting_rule_0.5,hist_gradient_boosting,0.35,0.7116387503995869
last_third_by_subject,Q1,blend_hist_gradient_boosting_rule_0.5,hist_gradient_boosting,0.5,0.7329558558711882
last_third_by_subject,Q1,blend_hist_gradient_boosting_rule_0.5,hist_gradient_boosting,0.75,0.7925539682374131
last_third_by_subject,Q1,blend_hist_gradient_boosting_rule_0.5,hist_gradient_boosting,1.0,0.9014348173441462
last_third_by_subject,Q1,blend_hist_gradient_boosting_rule_0.75,hist_gradient_boosting,0.0,0.6942142885327399
last_third_by_subject,Q1,blend_hist_gradient_boosting_rule_0.75,hist_gradient_boosting,0.15,0.6937274185066129
last_third_by_subject,Q1,blend_hist_gradient_boosting_rule_0.75,hist_gradient_boosting,0.25,0.6956157054955697
last_third_by_subject,Q1,blend_hist_gradient_boosting_rule_0.75,hist_gradient_boosting,0.35,0.6993190268632372
last_third_by_subject,Q1,blend_hist_gradient_boosting_rule_0.75,hist_gradient_boosting,0.5,0.7084848772340862
last_third_by_subject,Q1,blend_hist_gradient_boosting_rule_0.75,hist_gradient_boosting,0.75,0.7349984429716961
last_third_by_subject,Q1,blend_hist_gradient_boosting_rule_0.75,hist_gradient_boosting,1.0,0.7816129334578461
last_third_by_subject,Q1,model_mlp,mlp,0.0,0.6942142885327399
last_third_by_subject,Q1,model_mlp,mlp,0.15,0.6941245381893529
last_third_by_subject,Q1,model_mlp,mlp,0.25,0.7031698783693469
last_third_by_subject,Q1,model_mlp,mlp,0.35,0.7201799869374043
last_third_by_subject,Q1,model_mlp,mlp,0.5,0.7634868666136617
last_third_by_subject,Q1,model_mlp,mlp,0.75,0.9104609057962286
last_third_by_subject,Q1,model_mlp,mlp,1.0,1.6405978205664262
last_third_by_subject,Q1,blend_mlp_rule_0.25,mlp,0.0,0.6942142885327399
last_third_by_subject,Q1,blend_mlp_rule_0.25,mlp,0.15,0.7001320483934158
last_third_by_subject,Q1,blend_mlp_rule_0.25,mlp,0.25,0.7128026783003266
last_third_by_subject,Q1,blend_mlp_rule_0.25,mlp,0.35,0.7331632365109634
last_third_by_subject,Q1,blend_mlp_rule_0.25,mlp,0.5,0.7809896776686578
last_third_by_subject,Q1,blend_mlp_rule_0.25,mlp,0.75,0.9343480275464714
last_third_by_subject,Q1,blend_mlp_rule_0.25,mlp,1.0,1.7633464359106417
last_third_by_subject,Q1,blend_mlp_rule_0.5,mlp,0.0,0.6942142885327399
last_third_by_subject,Q1,blend_mlp_rule_0.5,mlp,0.15,0.6961000147770848
last_third_by_subject,Q1,blend_mlp_rule_0.5,mlp,0.25,0.7038898415658822
last_third_by_subject,Q1,blend_mlp_rule_0.5,mlp,0.35,0.7174458308284155
last_third_by_subject,Q1,blend_mlp_rule_0.5,mlp,0.5,0.7508347774246394
last_third_by_subject,Q1,blend_mlp_rule_0.5,mlp,0.75,0.8631456596188981
last_third_by_subject,Q1,blend_mlp_rule_0.5,mlp,1.0,1.501147929398507
last_third_by_subject,Q1,blend_mlp_rule_0.75,mlp,0.0,0.6942142885327399
last_third_by_subject,Q1,blend_mlp_rule_0.75,mlp,0.15,0.6940989124146788
last_third_by_subject,Q1,blend_mlp_rule_0.75,mlp,0.25,0.7006664266537296
last_third_by_subject,Q1,blend_mlp_rule_0.75,mlp,0.35,0.713027050969566
last_third_by_subject,Q1,blend_mlp_rule_0.75,mlp,0.5,0.7444367809075733
last_third_by_subject,Q1,blend_mlp_rule_0.75,mlp,0.75,0.8504781603247334
last_third_by_subject,Q1,blend_mlp_rule_0.75,mlp,1.0,1.4178602843155692
last_third_by_subject,Q1,model_lightgbm,lightgbm,0.0,0.6942142885327399
last_third_by_subject,Q1,model_lightgbm,lightgbm,0.15,0.6904748398551432
last_third_by_subject,Q1,model_lightgbm,lightgbm,0.25,0.688598980828296
last_third_by_subject,Q1,model_lightgbm,lightgbm,0.35,0.6872139105105891
last_third_by_subject,Q1,model_lightgbm,lightgbm,0.5,0.6860622572965165
last_third_by_subject,Q1,model_lightgbm,lightgbm,0.75,0.6866902169238287
last_third_by_subject,Q1,model_lightgbm,lightgbm,1.0,0.6907732392112869
last_third_by_subject,Q1,blend_lightgbm_rule_0.25,lightgbm,0.0,0.6942142885327399
last_third_by_subject,Q1,blend_lightgbm_rule_0.25,lightgbm,0.15,0.7001032878516196
last_third_by_subject,Q1,blend_lightgbm_rule_0.25,lightgbm,0.25,0.7115809536513475
last_third_by_subject,Q1,blend_lightgbm_rule_0.25,lightgbm,0.35,0.729541404377668
last_third_by_subject,Q1,blend_lightgbm_rule_0.25,lightgbm,0.5,0.7702796644729758
last_third_by_subject,Q1,blend_lightgbm_rule_0.25,lightgbm,0.75,0.8876465717796896
last_third_by_subject,Q1,blend_lightgbm_rule_0.25,lightgbm,1.0,1.1229129871671581
last_third_by_subject,Q1,blend_lightgbm_rule_0.5,lightgbm,0.0,0.6942142885327399
last_third_by_subject,Q1,blend_lightgbm_rule_0.5,lightgbm,0.15,0.6954447450852481
last_third_by_subject,Q1,blend_lightgbm_rule_0.5,lightgbm,0.25,0.6998002860118996
last_third_by_subject,Q1,blend_lightgbm_rule_0.5,lightgbm,0.35,0.7070663610765822
last_third_by_subject,Q1,blend_lightgbm_rule_0.5,lightgbm,0.5,0.7237531520438141
last_third_by_subject,Q1,blend_lightgbm_rule_0.5,lightgbm,0.75,0.7693429873544723
last_third_by_subject,Q1,blend_lightgbm_rule_0.5,lightgbm,1.0,0.844847593993169
last_third_by_subject,Q1,blend_lightgbm_rule_0.75,lightgbm,0.0,0.6942142885327399
last_third_by_subject,Q1,blend_lightgbm_rule_0.75,lightgbm,0.15,0.692242717325827
last_third_by_subject,Q1,blend_lightgbm_rule_0.75,lightgbm,0.25,0.692192127685246
last_third_by_subject,Q1,blend_lightgbm_rule_0.75,lightgbm,0.35,0.6931554462063567
last_third_by_subject,Q1,blend_lightgbm_rule_0.75,lightgbm,0.5,0.6965408349095467
last_third_by_subject,Q1,blend_lightgbm_rule_0.75,lightgbm,0.75,0.7076886280921666
last_third_by_subject,Q1,blend_lightgbm_rule_0.75,lightgbm,1.0,0.7267745600784243
last_third_by_subject,Q1,model_catboost,catboost,0.0,0.6942142885327399
last_third_by_subject,Q1,model_catboost,catboost,0.15,0.6890420122213718
last_third_by_subject,Q1,model_catboost,catboost,0.25,0.6858606760114621
last_third_by_subject,Q1,model_catboost,catboost,0.35,0.6828880065862155
last_third_by_subject,Q1,model_catboost,catboost,0.5,0.6788131768578634
last_third_by_subject,Q1,model_catboost,catboost,0.75,0.6730277063383813
last_third_by_subject,Q1,model_catboost,catboost,1.0,0.6684863237382193
last_third_by_subject,Q1,blend_catboost_rule_0.25,catboost,0.0,0.6942142885327399
last_third_by_subject,Q1,blend_catboost_rule_0.25,catboost,0.15,0.6998295799746689
last_third_by_subject,Q1,blend_catboost_rule_0.25,catboost,0.25,0.7111234870520425
last_third_by_subject,Q1,blend_catboost_rule_0.25,catboost,0.35,0.728887240354538
last_third_by_subject,Q1,blend_catboost_rule_0.25,catboost,0.5,0.7692656511903478
last_third_by_subject,Q1,blend_catboost_rule_0.25,catboost,0.75,0.8854518393620554
last_third_by_subject,Q1,blend_catboost_rule_0.25,catboost,1.0,1.1149856439236334
last_third_by_subject,Q1,blend_catboost_rule_0.5,catboost,0.0,0.6942142885327399
last_third_by_subject,Q1,blend_catboost_rule_0.5,catboost,0.15,0.6948430783970634
last_third_by_subject,Q1,blend_catboost_rule_0.5,catboost,0.25,0.6987421536901731
last_third_by_subject,Q1,blend_catboost_rule_0.5,catboost,0.35,0.7054925730720909
last_third_by_subject,Q1,blend_catboost_rule_0.5,catboost,0.5,0.7212430011793294
last_third_by_subject,Q1,blend_catboost_rule_0.5,catboost,0.75,0.7644423968405005
last_third_by_subject,Q1,blend_catboost_rule_0.5,catboost,1.0,0.8348291917683374
last_third_by_subject,Q1,blend_catboost_rule_0.75,catboost,0.0,0.6942142885327399
last_third_by_subject,Q1,blend_catboost_rule_0.75,catboost,0.15,0.6912562672263679
last_third_by_subject,Q1,blend_catboost_rule_0.75,catboost,0.25,0.6903819486787217
last_third_by_subject,Q1,blend_catboost_rule_0.75,catboost,0.35,0.6903829534436149
last_third_by_subject,Q1,blend_catboost_rule_0.75,catboost,0.5,0.6920392498439294
last_third_by_subject,Q1,blend_catboost_rule_0.75,catboost,0.75,0.6993564986099541
last_third_by_subject,Q1,blend_catboost_rule_0.75,catboost,1.0,0.7128270898568404
last_third_by_subject,Q1,meta_rule_extra_trees,extra_trees,0.0,0.6942142885327399
last_third_by_subject,Q1,meta_rule_extra_trees,extra_trees,0.15,0.6878173228574515
last_third_by_subject,Q1,meta_rule_extra_trees,extra_trees,0.25,0.6839223826268361
last_third_by_subject,Q1,meta_rule_extra_trees,extra_trees,0.35,0.6803145689077768
last_third_by_subject,Q1,meta_rule_extra_trees,extra_trees,0.5,0.6754291450951642
last_third_by_subject,Q1,meta_rule_extra_trees,extra_trees,0.75,0.6686622382025673
last_third_by_subject,Q1,meta_rule_extra_trees,extra_trees,1.0,0.6636065504141435
last_third_by_subject,Q1,meta_rule_lightgbm,lightgbm,0.0,0.6942142885327399
last_third_by_subject,Q1,meta_rule_lightgbm,lightgbm,0.15,0.6909814649795015
last_third_by_subject,Q1,meta_rule_lightgbm,lightgbm,0.25,0.689437177733993
last_third_by_subject,Q1,meta_rule_lightgbm,lightgbm,0.35,0.6883799187388435
last_third_by_subject,Q1,meta_rule_lightgbm,lightgbm,0.5,0.6877144129316591
last_third_by_subject,Q1,meta_rule_lightgbm,lightgbm,0.75,0.6891401043619606
last_third_by_subject,Q1,meta_rule_lightgbm,lightgbm,1.0,0.6940016608177629
last_third_by_subject,Q1,meta_rule_catboost,catboost,0.0,0.6942142885327399
last_third_by_subject,Q1,meta_rule_catboost,catboost,0.15,0.689402266386599
last_third_by_subject,Q1,meta_rule_catboost,catboost,0.25,0.6864857833806355
last_third_by_subject,Q1,meta_rule_catboost,catboost,0.35,0.6837959708768749
last_third_by_subject,Q1,meta_rule_catboost,catboost,0.5,0.6801765235305196
last_third_by_subject,Q1,meta_rule_catboost,catboost,0.75,0.6752248269969848
last_third_by_subject,Q1,meta_rule_catboost,catboost,1.0,0.6716001281630699
last_third_by_subject,Q1,meta_rule_hist_gradient_boosting,hist_gradient_boosting,0.0,0.6942142885327399
last_third_by_subject,Q1,meta_rule_hist_gradient_boosting,hist_gradient_boosting,0.15,0.6923378845368958
last_third_by_subject,Q1,meta_rule_hist_gradient_boosting,hist_gradient_boosting,0.25,0.6928467524050895
last_third_by_subject,Q1,meta_rule_hist_gradient_boosting,hist_gradient_boosting,0.35,0.6948096791045117
last_third_by_subject,Q1,meta_rule_hist_gradient_boosting,hist_gradient_boosting,0.5,0.7006523132761676
last_third_by_subject,Q1,meta_rule_hist_gradient_boosting,hist_gradient_boosting,0.75,0.7193231333929977
last_third_by_subject,Q1,meta_rule_hist_gradient_boosting,hist_gradient_boosting,1.0,0.7532053228834599
last_third_by_subject,Q2,history_blend,history,1.0,0.6301074941953795
last_third_by_subject,Q2,rule_subject_strategy_tuned,rule,0.0,0.6809617794444763
last_third_by_subject,Q2,rule_subject_strategy_tuned,rule,0.15,0.6842045304289673
last_third_by_subject,Q2,rule_subject_strategy_tuned,rule,0.25,0.6984087235234562
last_third_by_subject,Q2,rule_subject_strategy_tuned,rule,0.35,0.723630375314764
last_third_by_subject,Q2,rule_subject_strategy_tuned,rule,0.5,0.7875506171478167
last_third_by_subject,Q2,rule_subject_strategy_tuned,rule,0.75,1.0187640689234305
last_third_by_subject,Q2,rule_subject_strategy_tuned,rule,1.0,4.120470695489563
last_third_by_subject,Q2,model_logistic_regression,logistic_regression,0.0,0.6809617794444763
last_third_by_subject,Q2,model_logistic_regression,logistic_regression,0.15,0.681556624830538
last_third_by_subject,Q2,model_logistic_regression,logistic_regression,0.25,0.6900259738540498
last_third_by_subject,Q2,model_logistic_regression,logistic_regression,0.35,0.7056400451178962
last_third_by_subject,Q2,model_logistic_regression,logistic_regression,0.5,0.7452256702135994
last_third_by_subject,Q2,model_logistic_regression,logistic_regression,0.75,0.8810264257696381
last_third_by_subject,Q2,model_logistic_regression,logistic_regression,1.0,1.6773201572735048
last_third_by_subject,Q2,blend_logistic_regression_rule_0.25,logistic_regression,0.0,0.6809617794444763
last_third_by_subject,Q2,blend_logistic_regression_rule_0.25,logistic_regression,0.15,0.6802187317697775
last_third_by_subject,Q2,blend_logistic_regression_rule_0.25,logistic_regression,0.25,0.6868150898453681
last_third_by_subject,Q2,blend_logistic_regression_rule_0.25,logistic_regression,0.35,0.6996632622368605
last_third_by_subject,Q2,blend_logistic_regression_rule_0.25,logistic_regression,0.5,0.7328534684874389
last_third_by_subject,Q2,blend_logistic_regression_rule_0.25,logistic_regression,0.75,0.8454856766608214
last_third_by_subject,Q2,blend_logistic_regression_rule_0.25,logistic_regression,1.0,1.4094013899235098
last_third_by_subject,Q2,blend_logistic_regression_rule_0.5,logistic_regression,0.0,0.6809617794444763
last_third_by_subject,Q2,blend_logistic_regression_rule_0.5,logistic_regression,0.15,0.6784621491256511
last_third_by_subject,Q2,blend_logistic_regression_rule_0.5,logistic_regression,0.25,0.6816697880146652
last_third_by_subject,Q2,blend_logistic_regression_rule_0.5,logistic_regression,0.35,0.6891678880205873
last_third_by_subject,Q2,blend_logistic_regression_rule_0.5,logistic_regression,0.5,0.7099973136404082
last_third_by_subject,Q2,blend_logistic_regression_rule_0.5,logistic_regression,0.75,0.7848042492516142
last_third_by_subject,Q2,blend_logistic_regression_rule_0.5,logistic_regression,1.0,1.197796697564067
last_third_by_subject,Q2,blend_logistic_regression_rule_0.75,logistic_regression,0.0,0.6809617794444763
last_third_by_subject,Q2,blend_logistic_regression_rule_0.75,logistic_regression,0.15,0.6788984097547925
last_third_by_subject,Q2,blend_logistic_regression_rule_0.75,logistic_regression,0.25,0.6826685623915497
last_third_by_subject,Q2,blend_logistic_regression_rule_0.75,logistic_regression,0.35,0.6908832202506953
last_third_by_subject,Q2,blend_logistic_regression_rule_0.75,logistic_regression,0.5,0.7128787924717346
last_third_by_subject,Q2,blend_logistic_regression_rule_0.75,logistic_regression,0.75,0.7880636770191422
last_third_by_subject,Q2,blend_logistic_regression_rule_0.75,logistic_regression,1.0,1.1591018179378085
last_third_by_subject,Q2,model_linear_svc,linear_svc,0.0,0.6809617794444763
last_third_by_subject,Q2,model_linear_svc,linear_svc,0.15,0.6827452422394213
last_third_by_subject,Q2,model_linear_svc,linear_svc,0.25,0.6897299740148158
last_third_by_subject,Q2,model_linear_svc,linear_svc,0.35,0.7017805127559209
last_third_by_subject,Q2,model_linear_svc,linear_svc,0.5,0.7310166082918568
last_third_by_subject,Q2,model_linear_svc,linear_svc,0.75,0.8244240075339393
last_third_by_subject,Q2,model_linear_svc,linear_svc,1.0,1.127744953711388
last_third_by_subject,Q2,blend_linear_svc_rule_0.25,linear_svc,0.0,0.6809617794444763
last_third_by_subject,Q2,blend_linear_svc_rule_0.25,linear_svc,0.15,0.6809107225502803
last_third_by_subject,Q2,blend_linear_svc_rule_0.25,linear_svc,0.25,0.6878431724210464
last_third_by_subject,Q2,blend_linear_svc_rule_0.25,linear_svc,0.35,0.7008827973078885
last_third_by_subject,Q2,blend_linear_svc_rule_0.25,linear_svc,0.5,0.7338776871538483
last_third_by_subject,Q2,blend_linear_svc_rule_0.25,linear_svc,0.75,0.841993733229795
last_third_by_subject,Q2,blend_linear_svc_rule_0.25,linear_svc,1.0,1.1936922953468276
last_third_by_subject,Q2,blend_linear_svc_rule_0.5,linear_svc,0.0,0.6809617794444763
last_third_by_subject,Q2,blend_linear_svc_rule_0.5,linear_svc,0.15,0.679576867228214
last_third_by_subject,Q2,blend_linear_svc_rule_0.5,linear_svc,0.25,0.6829667693686214
last_third_by_subject,Q2,blend_linear_svc_rule_0.5,linear_svc,0.35,0.6900949029348283
last_third_by_subject,Q2,blend_linear_svc_rule_0.5,linear_svc,0.5,0.7089064863830752
last_third_by_subject,Q2,blend_linear_svc_rule_0.5,linear_svc,0.75,0.7716939620341479
last_third_by_subject,Q2,blend_linear_svc_rule_0.5,linear_svc,1.0,0.9709518170650987
last_third_by_subject,Q2,blend_linear_svc_rule_0.75,linear_svc,0.0,0.6809617794444763
last_third_by_subject,Q2,blend_linear_svc_rule_0.75,linear_svc,0.15,0.680179657046297
last_third_by_subject,Q2,blend_linear_svc_rule_0.75,linear_svc,0.25,0.6835431096307484
last_third_by_subject,Q2,blend_linear_svc_rule_0.75,linear_svc,0.35,0.6902122675347216
last_third_by_subject,Q2,blend_linear_svc_rule_0.75,linear_svc,0.5,0.7072203423821891
last_third_by_subject,Q2,blend_linear_svc_rule_0.75,linear_svc,0.75,0.7614258826427627
last_third_by_subject,Q2,blend_linear_svc_rule_0.75,linear_svc,1.0,0.9161373369719614
last_third_by_subject,Q2,model_svc_rbf,svc_rbf,0.0,0.6809617794444763
last_third_by_subject,Q2,model_svc_rbf,svc_rbf,0.15,0.674032493799361
last_third_by_subject,Q2,model_svc_rbf,svc_rbf,0.25,0.6700864163899718
last_third_by_subject,Q2,model_svc_rbf,svc_rbf,0.35,0.6666685567512105
last_third_by_subject,Q2,model_svc_rbf,svc_rbf,0.5,0.6625227439078166
last_third_by_subject,Q2,model_svc_rbf,svc_rbf,0.75,0.65823997464958
last_third_by_subject,Q2,model_svc_rbf,svc_rbf,1.0,0.6573627349336472
last_third_by_subject,Q2,blend_svc_rbf_rule_0.25,svc_rbf,0.0,0.6809617794444763
last_third_by_subject,Q2,blend_svc_rbf_rule_0.25,svc_rbf,0.15,0.6797713895614281
last_third_by_subject,Q2,blend_svc_rbf_rule_0.25,svc_rbf,0.25,0.6858016219659911
last_third_by_subject,Q2,blend_svc_rbf_rule_0.25,svc_rbf,0.35,0.6977013984636465
last_third_by_subject,Q2,blend_svc_rbf_rule_0.25,svc_rbf,0.5,0.7280517747221948
last_third_by_subject,Q2,blend_svc_rbf_rule_0.25,svc_rbf,0.75,0.8234936684701389
last_third_by_subject,Q2,blend_svc_rbf_rule_0.25,svc_rbf,1.0,1.0265913775496835
last_third_by_subject,Q2,blend_svc_rbf_rule_0.5,svc_rbf,0.0,0.6809617794444763
last_third_by_subject,Q2,blend_svc_rbf_rule_0.5,svc_rbf,0.15,0.6766200661187872
last_third_by_subject,Q2,blend_svc_rbf_rule_0.5,svc_rbf,0.25,0.6770352250650907
last_third_by_subject,Q2,blend_svc_rbf_rule_0.5,svc_rbf,0.35,0.680179795354352
last_third_by_subject,Q2,blend_svc_rbf_rule_0.5,svc_rbf,0.5,0.6903311560494858
last_third_by_subject,Q2,blend_svc_rbf_rule_0.5,svc_rbf,0.75,0.723981517449047
last_third_by_subject,Q2,blend_svc_rbf_rule_0.5,svc_rbf,1.0,0.785932187352588
last_third_by_subject,Q2,blend_svc_rbf_rule_0.75,svc_rbf,0.0,0.6809617794444763
last_third_by_subject,Q2,blend_svc_rbf_rule_0.75,svc_rbf,0.15,0.6747146254345053
last_third_by_subject,Q2,blend_svc_rbf_rule_0.75,svc_rbf,0.25,0.6718467052777268
last_third_by_subject,Q2,blend_svc_rbf_rule_0.75,svc_rbf,0.35,0.670018128826492
last_third_by_subject,Q2,blend_svc_rbf_rule_0.75,svc_rbf,0.5,0.6692613391015787
last_third_by_subject,Q2,blend_svc_rbf_rule_0.75,svc_rbf,0.75,0.6736185328578783
last_third_by_subject,Q2,blend_svc_rbf_rule_0.75,svc_rbf,1.0,0.6860284273358073
last_third_by_subject,Q2,model_random_forest,random_forest,0.0,0.6809617794444763
last_third_by_subject,Q2,model_random_forest,random_forest,0.15,0.6760361141488023
last_third_by_subject,Q2,model_random_forest,random_forest,0.25,0.673180619780972
last_third_by_subject,Q2,model_random_forest,random_forest,0.35,0.6706637003720756
last_third_by_subject,Q2,model_random_forest,random_forest,0.5,0.6675202429495185
last_third_by_subject,Q2,model_random_forest,random_forest,0.75,0.6639771087218511
last_third_by_subject,Q2,model_random_forest,random_forest,1.0,0.6626208256265532
last_third_by_subject,Q2,blend_random_forest_rule_0.25,random_forest,0.0,0.6809617794444763
last_third_by_subject,Q2,blend_random_forest_rule_0.25,random_forest,0.15,0.6801704036476506
last_third_by_subject,Q2,blend_random_forest_rule_0.25,random_forest,0.25,0.6862857608366583
last_third_by_subject,Q2,blend_random_forest_rule_0.25,random_forest,0.35,0.6981108086554939
last_third_by_subject,Q2,blend_random_forest_rule_0.25,random_forest,0.5,0.7279825135072756
last_third_by_subject,Q2,blend_random_forest_rule_0.25,random_forest,0.75,0.8210130744087055
last_third_by_subject,Q2,blend_random_forest_rule_0.25,random_forest,1.0,1.0155327465759503
last_third_by_subject,Q2,blend_random_forest_rule_0.5,random_forest,0.0,0.6809617794444763
last_third_by_subject,Q2,blend_random_forest_rule_0.5,random_forest,0.15,0.6774892716708152
last_third_by_subject,Q2,blend_random_forest_rule_0.5,random_forest,0.25,0.6782139676413642
last_third_by_subject,Q2,blend_random_forest_rule_0.5,random_forest,0.35,0.681448230066154
last_third_by_subject,Q2,blend_random_forest_rule_0.5,random_forest,0.5,0.6912897941099588
last_third_by_subject,Q2,blend_random_forest_rule_0.5,random_forest,0.75,0.7229513929766477
last_third_by_subject,Q2,blend_random_forest_rule_0.5,random_forest,1.0,0.7799096972830452
last_third_by_subject,Q2,blend_random_forest_rule_0.75,random_forest,0.0,0.6809617794444763
last_third_by_subject,Q2,blend_random_forest_rule_0.75,random_forest,0.15,0.6761202921444
last_third_by_subject,Q2,blend_random_forest_rule_0.75,random_forest,0.25,0.6739036192855964
last_third_by_subject,Q2,blend_random_forest_rule_0.75,random_forest,0.35,0.672506171831212
last_third_by_subject,Q2,blend_random_forest_rule_0.75,random_forest,0.5,0.671987704047613
last_third_by_subject,Q2,blend_random_forest_rule_0.75,random_forest,0.75,0.6756114277235182
last_third_by_subject,Q2,blend_random_forest_rule_0.75,random_forest,1.0,0.6856450728841584
last_third_by_subject,Q2,model_extra_trees,extra_trees,0.0,0.6809617794444763
last_third_by_subject,Q2,model_extra_trees,extra_trees,0.15,0.6715465702968435
last_third_by_subject,Q2,model_extra_trees,extra_trees,0.25,0.6657750734210234
last_third_by_subject,Q2,model_extra_trees,extra_trees,0.35,0.6603963884561478
last_third_by_subject,Q2,model_extra_trees,extra_trees,0.5,0.653048933042073
last_third_by_subject,Q2,model_extra_trees,extra_trees,0.75,0.642687306528793
last_third_by_subject,Q2,model_extra_trees,extra_trees,1.0,0.6346665013220931
last_third_by_subject,Q2,blend_extra_trees_rule_0.25,extra_trees,0.0,0.6809617794444763
last_third_by_subject,Q2,blend_extra_trees_rule_0.25,extra_trees,0.15,0.6788766671614446
last_third_by_subject,Q2,blend_extra_trees_rule_0.25,extra_trees,0.25,0.6839199060307626
last_third_by_subject,Q2,blend_extra_trees_rule_0.25,extra_trees,0.35,0.6944452134649102
last_third_by_subject,Q2,blend_extra_trees_rule_0.25,extra_trees,0.5,0.7217627268465293
last_third_by_subject,Q2,blend_extra_trees_rule_0.25,extra_trees,0.75,0.8075454627027435
last_third_by_subject,Q2,blend_extra_trees_rule_0.25,extra_trees,1.0,0.9833972251933896
last_third_by_subject,Q2,blend_extra_trees_rule_0.5,extra_trees,0.0,0.6809617794444763
last_third_by_subject,Q2,blend_extra_trees_rule_0.5,extra_trees,0.15,0.6750245751821672
last_third_by_subject,Q2,blend_extra_trees_rule_0.5,extra_trees,0.25,0.6738703206392082
last_third_by_subject,Q2,blend_extra_trees_rule_0.5,extra_trees,0.35,0.6749925471840656
last_third_by_subject,Q2,blend_extra_trees_rule_0.5,extra_trees,0.5,0.6811187063783782
last_third_by_subject,Q2,blend_extra_trees_rule_0.5,extra_trees,0.75,0.7044883218166875
last_third_by_subject,Q2,blend_extra_trees_rule_0.5,extra_trees,1.0,0.7485173946814553
last_third_by_subject,Q2,blend_extra_trees_rule_0.75,extra_trees,0.0,0.6809617794444763
last_third_by_subject,Q2,blend_extra_trees_rule_0.75,extra_trees,0.15,0.6725939912948191
last_third_by_subject,Q2,blend_extra_trees_rule_0.75,extra_trees,0.25,0.6678972543147168
last_third_by_subject,Q2,blend_extra_trees_rule_0.75,extra_trees,0.35,0.6638975353558428
last_third_by_subject,Q2,blend_extra_trees_rule_0.75,extra_trees,0.5,0.6592051590559821
last_third_by_subject,Q2,blend_extra_trees_rule_0.75,extra_trees,0.75,0.6549504291948341
last_third_by_subject,Q2,blend_extra_trees_rule_0.75,extra_trees,1.0,0.6554777531360866
last_third_by_subject,Q2,model_hist_gradient_boosting,hist_gradient_boosting,0.0,0.6809617794444763
last_third_by_subject,Q2,model_hist_gradient_boosting,hist_gradient_boosting,0.15,0.6754305358523759
last_third_by_subject,Q2,model_hist_gradient_boosting,hist_gradient_boosting,0.25,0.6735814860731768
last_third_by_subject,Q2,model_hist_gradient_boosting,hist_gradient_boosting,0.35,0.6732437466254425
last_third_by_subject,Q2,model_hist_gradient_boosting,hist_gradient_boosting,0.5,0.675740059778252
last_third_by_subject,Q2,model_hist_gradient_boosting,hist_gradient_boosting,0.75,0.6891725869418174
last_third_by_subject,Q2,model_hist_gradient_boosting,hist_gradient_boosting,1.0,0.7187657081326736
last_third_by_subject,Q2,blend_hist_gradient_boosting_rule_0.25,hist_gradient_boosting,0.0,0.6809617794444763
last_third_by_subject,Q2,blend_hist_gradient_boosting_rule_0.25,hist_gradient_boosting,0.15,0.6800704789713373
last_third_by_subject,Q2,blend_hist_gradient_boosting_rule_0.25,hist_gradient_boosting,0.25,0.6865673865097727
last_third_by_subject,Q2,blend_hist_gradient_boosting_rule_0.25,hist_gradient_boosting,0.35,0.6992200708808989
last_third_by_subject,Q2,blend_hist_gradient_boosting_rule_0.25,hist_gradient_boosting,0.5,0.7315094441099838
last_third_by_subject,Q2,blend_hist_gradient_boosting_rule_0.25,hist_gradient_boosting,0.75,0.8351745170078168
last_third_by_subject,Q2,blend_hist_gradient_boosting_rule_0.25,hist_gradient_boosting,1.0,1.0823333486785534
last_third_by_subject,Q2,blend_hist_gradient_boosting_rule_0.5,hist_gradient_boosting,0.0,0.6809617794444763
last_third_by_subject,Q2,blend_hist_gradient_boosting_rule_0.5,hist_gradient_boosting,0.15,0.677253944543649
last_third_by_subject,Q2,blend_hist_gradient_boosting_rule_0.5,hist_gradient_boosting,0.25,0.6786468069444996
last_third_by_subject,Q2,blend_hist_gradient_boosting_rule_0.5,hist_gradient_boosting,0.35,0.6833145726361378
last_third_by_subject,Q2,blend_hist_gradient_boosting_rule_0.5,hist_gradient_boosting,0.5,0.697112185209977
last_third_by_subject,Q2,blend_hist_gradient_boosting_rule_0.5,hist_gradient_boosting,0.75,0.7431812381678974
last_third_by_subject,Q2,blend_hist_gradient_boosting_rule_0.5,hist_gradient_boosting,1.0,0.8399034614498468
last_third_by_subject,Q2,blend_hist_gradient_boosting_rule_0.75,hist_gradient_boosting,0.0,0.6809617794444763
last_third_by_subject,Q2,blend_hist_gradient_boosting_rule_0.75,hist_gradient_boosting,0.15,0.6757145952502994
last_third_by_subject,Q2,blend_hist_gradient_boosting_rule_0.75,hist_gradient_boosting,0.25,0.6743624236992268
last_third_by_subject,Q2,blend_hist_gradient_boosting_rule_0.75,hist_gradient_boosting,0.35,0.6748091344230032
last_third_by_subject,Q2,blend_hist_gradient_boosting_rule_0.75,hist_gradient_boosting,0.5,0.6791396655654219
last_third_by_subject,Q2,blend_hist_gradient_boosting_rule_0.75,hist_gradient_boosting,0.75,0.6981850008165524
last_third_by_subject,Q2,blend_hist_gradient_boosting_rule_0.75,hist_gradient_boosting,1.0,0.7399173326673752
last_third_by_subject,Q2,model_mlp,mlp,0.0,0.6809617794444763
last_third_by_subject,Q2,model_mlp,mlp,0.15,0.6717585855929272
last_third_by_subject,Q2,model_mlp,mlp,0.25,0.6740305238888444
last_third_by_subject,Q2,model_mlp,mlp,0.35,0.6837074284593726
last_third_by_subject,Q2,model_mlp,mlp,0.5,0.714970247694907
last_third_by_subject,Q2,model_mlp,mlp,0.75,0.8404043584148776
last_third_by_subject,Q2,model_mlp,mlp,1.0,1.7851581530569083
last_third_by_subject,Q2,blend_mlp_rule_0.25,mlp,0.0,0.6809617794444763
last_third_by_subject,Q2,blend_mlp_rule_0.25,mlp,0.15,0.6781350618200916
last_third_by_subject,Q2,blend_mlp_rule_0.25,mlp,0.25,0.6838383058786642
last_third_by_subject,Q2,blend_mlp_rule_0.25,mlp,0.35,0.6962262352198584
last_third_by_subject,Q2,blend_mlp_rule_0.25,mlp,0.5,0.7297610576398604
last_third_by_subject,Q2,blend_mlp_rule_0.25,mlp,0.75,0.8487363704047398
last_third_by_subject,Q2,blend_mlp_rule_0.25,mlp,1.0,1.615764833045835
last_third_by_subject,Q2,blend_mlp_rule_0.5,mlp,0.0,0.6809617794444763
last_third_by_subject,Q2,blend_mlp_rule_0.5,mlp,0.15,0.674070082189184
last_third_by_subject,Q2,blend_mlp_rule_0.5,mlp,0.25,0.6751210560957149
last_third_by_subject,Q2,blend_mlp_rule_0.5,mlp,0.35,0.6811611454624019
last_third_by_subject,Q2,blend_mlp_rule_0.5,mlp,0.5,0.701487243544757
last_third_by_subject,Q2,blend_mlp_rule_0.5,mlp,0.75,0.7842525894479387
last_third_by_subject,Q2,blend_mlp_rule_0.5,mlp,1.0,1.3898658680038434
last_third_by_subject,Q2,blend_mlp_rule_0.75,mlp,0.0,0.6809617794444763
last_third_by_subject,Q2,blend_mlp_rule_0.75,mlp,0.15,0.6719461325979491
last_third_by_subject,Q2,blend_mlp_rule_0.75,mlp,0.25,0.6718363526519096
last_third_by_subject,Q2,blend_mlp_rule_0.75,mlp,0.35,0.676878215841992
last_third_by_subject,Q2,blend_mlp_rule_0.75,mlp,0.5,0.6958741576495804
last_third_by_subject,Q2,blend_mlp_rule_0.75,mlp,0.75,0.7754631920892079
last_third_by_subject,Q2,blend_mlp_rule_0.75,mlp,1.0,1.32358498937922
last_third_by_subject,Q2,model_lightgbm,lightgbm,0.0,0.6809617794444763
last_third_by_subject,Q2,model_lightgbm,lightgbm,0.15,0.675047549264712
last_third_by_subject,Q2,model_lightgbm,lightgbm,0.25,0.6718428421522317
last_third_by_subject,Q2,model_lightgbm,lightgbm,0.35,0.6692284565836115
last_third_by_subject,Q2,model_lightgbm,lightgbm,0.5,0.666425780963459
last_third_by_subject,Q2,model_lightgbm,lightgbm,0.75,0.6648478141674272
last_third_by_subject,Q2,model_lightgbm,lightgbm,1.0,0.6674763031397309
last_third_by_subject,Q2,blend_lightgbm_rule_0.25,lightgbm,0.0,0.6809617794444763
last_third_by_subject,Q2,blend_lightgbm_rule_0.25,lightgbm,0.15,0.6799963181883567
last_third_by_subject,Q2,blend_lightgbm_rule_0.25,lightgbm,0.25,0.6861622714622039
last_third_by_subject,Q2,blend_lightgbm_rule_0.25,lightgbm,0.35,0.6981917390989607
last_third_by_subject,Q2,blend_lightgbm_rule_0.25,lightgbm,0.5,0.7287418729994123
last_third_by_subject,Q2,blend_lightgbm_rule_0.25,lightgbm,0.75,0.8247022823803614
last_third_by_subject,Q2,blend_lightgbm_rule_0.25,lightgbm,1.0,1.030485006410603
last_third_by_subject,Q2,blend_lightgbm_rule_0.5,lightgbm,0.0,0.6809617794444763
last_third_by_subject,Q2,blend_lightgbm_rule_0.5,lightgbm,0.15,0.677089891292605
last_third_by_subject,Q2,blend_lightgbm_rule_0.5,lightgbm,0.25,0.6778124905858666
last_third_by_subject,Q2,blend_lightgbm_rule_0.5,lightgbm,0.35,0.6812709572399904
last_third_by_subject,Q2,blend_lightgbm_rule_0.5,lightgbm,0.5,0.6919354029372589
last_third_by_subject,Q2,blend_lightgbm_rule_0.5,lightgbm,0.75,0.7267694090425789
last_third_by_subject,Q2,blend_lightgbm_rule_0.5,lightgbm,1.0,0.791299708358519
last_third_by_subject,Q2,blend_lightgbm_rule_0.75,lightgbm,0.0,0.6809617794444763
last_third_by_subject,Q2,blend_lightgbm_rule_0.75,lightgbm,0.15,0.6754481224624507
last_third_by_subject,Q2,blend_lightgbm_rule_0.75,lightgbm,0.25,0.6730903488277201
last_third_by_subject,Q2,blend_lightgbm_rule_0.75,lightgbm,0.35,0.6718013127258482
last_third_by_subject,Q2,blend_lightgbm_rule_0.75,lightgbm,0.5,0.6719374608042161
last_third_by_subject,Q2,blend_lightgbm_rule_0.75,lightgbm,0.75,0.6781601497537717
last_third_by_subject,Q2,blend_lightgbm_rule_0.75,lightgbm,1.0,0.6933518591658647
last_third_by_subject,Q2,model_catboost,catboost,0.0,0.6809617794444763
last_third_by_subject,Q2,model_catboost,catboost,0.15,0.6729777867348474
last_third_by_subject,Q2,model_catboost,catboost,0.25,0.6681669110772711
last_third_by_subject,Q2,model_catboost,catboost,0.35,0.6637563993035901
last_third_by_subject,Q2,model_catboost,catboost,0.5,0.6578811268830325
last_third_by_subject,Q2,model_catboost,catboost,0.75,0.650054746208786
last_third_by_subject,Q2,model_catboost,catboost,1.0,0.6447342446314057
last_third_by_subject,Q2,blend_catboost_rule_0.25,catboost,0.0,0.6809617794444763
last_third_by_subject,Q2,blend_catboost_rule_0.25,catboost,0.15,0.6793498297426592
last_third_by_subject,Q2,blend_catboost_rule_0.25,catboost,0.25,0.6848623450260175
last_third_by_subject,Q2,blend_catboost_rule_0.25,catboost,0.35,0.6960164658268492
last_third_by_subject,Q2,blend_catboost_rule_0.25,catboost,0.5,0.7246859270810415
last_third_by_subject,Q2,blend_catboost_rule_0.25,catboost,0.75,0.8146742796151202
last_third_by_subject,Q2,blend_catboost_rule_0.25,catboost,1.0,1.002012041063592
last_third_by_subject,Q2,blend_catboost_rule_0.5,catboost,0.0,0.6809617794444763
last_third_by_subject,Q2,blend_catboost_rule_0.5,catboost,0.15,0.6758881493188248
last_third_by_subject,Q2,blend_catboost_rule_0.5,catboost,0.25,0.6754953965967087
last_third_by_subject,Q2,blend_catboost_rule_0.5,catboost,0.35,0.6775534400603306
last_third_by_subject,Q2,blend_catboost_rule_0.5,catboost,0.5,0.6854756119173084
last_third_by_subject,Q2,blend_catboost_rule_0.5,catboost,0.75,0.7132737221609516
last_third_by_subject,Q2,blend_catboost_rule_0.5,catboost,1.0,0.7647706203868265
last_third_by_subject,Q2,blend_catboost_rule_0.75,catboost,0.0,0.6809617794444763
last_third_by_subject,Q2,blend_catboost_rule_0.75,catboost,0.15,0.6737742517129474
last_third_by_subject,Q2,blend_catboost_rule_0.75,catboost,0.25,0.6699929296590897
last_third_by_subject,Q2,blend_catboost_rule_0.75,catboost,0.35,0.6670198418398335
last_third_by_subject,Q2,blend_catboost_rule_0.75,catboost,0.5,0.6640961491225034
last_third_by_subject,Q2,blend_catboost_rule_0.75,catboost,0.75,0.6635059883487798
last_third_by_subject,Q2,blend_catboost_rule_0.75,catboost,1.0,0.668865851849469
last_third_by_subject,Q2,meta_rule_extra_trees,extra_trees,0.0,0.6809617794444763
last_third_by_subject,Q2,meta_rule_extra_trees,extra_trees,0.15,0.6720283031824483
last_third_by_subject,Q2,meta_rule_extra_trees,extra_trees,0.25,0.6665133595796764
last_third_by_subject,Q2,meta_rule_extra_trees,extra_trees,0.35,0.6613402523070887
last_third_by_subject,Q2,meta_rule_extra_trees,extra_trees,0.5,0.6542058585580431
last_third_by_subject,Q2,meta_rule_extra_trees,extra_trees,0.75,0.643941677381863
last_third_by_subject,Q2,meta_rule_extra_trees,extra_trees,1.0,0.6356812428505215
last_third_by_subject,Q2,meta_rule_lightgbm,lightgbm,0.0,0.6809617794444763
last_third_by_subject,Q2,meta_rule_lightgbm,lightgbm,0.15,0.6753130598567088
last_third_by_subject,Q2,meta_rule_lightgbm,lightgbm,0.25,0.6723335474364248
last_third_by_subject,Q2,meta_rule_lightgbm,lightgbm,0.35,0.6699845207812016
last_third_by_subject,Q2,meta_rule_lightgbm,lightgbm,0.5,0.6676608817136597
last_third_by_subject,Q2,meta_rule_lightgbm,lightgbm,0.75,0.6671360723384282
last_third_by_subject,Q2,meta_rule_lightgbm,lightgbm,1.0,0.6712589065057625
last_third_by_subject,Q2,meta_rule_catboost,catboost,0.0,0.6809617794444763
last_third_by_subject,Q2,meta_rule_catboost,catboost,0.15,0.6743715290626866
last_third_by_subject,Q2,meta_rule_catboost,catboost,0.25,0.67038514658312
last_third_by_subject,Q2,meta_rule_catboost,catboost,0.35,0.6667207446536453
last_third_by_subject,Q2,meta_rule_catboost,catboost,0.5,0.6618250431531172
last_third_by_subject,Q2,meta_rule_catboost,catboost,0.75,0.6552768463428208
last_third_by_subject,Q2,meta_rule_catboost,catboost,1.0,0.6508014502244328
last_third_by_subject,Q2,meta_rule_hist_gradient_boosting,hist_gradient_boosting,0.0,0.6809617794444763
last_third_by_subject,Q2,meta_rule_hist_gradient_boosting,hist_gradient_boosting,0.15,0.6754305358523759
last_third_by_subject,Q2,meta_rule_hist_gradient_boosting,hist_gradient_boosting,0.25,0.6735814860731768
last_third_by_subject,Q2,meta_rule_hist_gradient_boosting,hist_gradient_boosting,0.35,0.6732437466254425
last_third_by_subject,Q2,meta_rule_hist_gradient_boosting,hist_gradient_boosting,0.5,0.675740059778252
last_third_by_subject,Q2,meta_rule_hist_gradient_boosting,hist_gradient_boosting,0.75,0.6891725869418174
last_third_by_subject,Q2,meta_rule_hist_gradient_boosting,hist_gradient_boosting,1.0,0.7187657081326736
last_third_by_subject,Q3,history_blend,history,1.0,0.6330928047094905
last_third_by_subject,Q3,rule_subject_strategy_tuned,rule,0.0,0.6628495628312145
last_third_by_subject,Q3,rule_subject_strategy_tuned,rule,0.15,0.647399176993787
last_third_by_subject,Q3,rule_subject_strategy_tuned,rule,0.25,0.6481939824076584
last_third_by_subject,Q3,rule_subject_strategy_tuned,rule,0.35,0.6588104997181619
last_third_by_subject,Q3,rule_subject_strategy_tuned,rule,0.5,0.6973791442414392
last_third_by_subject,Q3,rule_subject_strategy_tuned,rule,0.75,0.8667984406475838
last_third_by_subject,Q3,rule_subject_strategy_tuned,rule,1.0,3.3933464559914626
last_third_by_subject,Q3,model_logistic_regression,logistic_regression,0.0,0.6628495628312145
last_third_by_subject,Q3,model_logistic_regression,logistic_regression,0.15,0.6553652974496245
last_third_by_subject,Q3,model_logistic_regression,logistic_regression,0.25,0.6587675167771443
last_third_by_subject,Q3,model_logistic_regression,logistic_regression,0.35,0.6694011062592078
last_third_by_subject,Q3,model_logistic_regression,logistic_regression,0.5,0.7014109808446607
last_third_by_subject,Q3,model_logistic_regression,logistic_regression,0.75,0.8229447386696379
last_third_by_subject,Q3,model_logistic_regression,logistic_regression,1.0,1.5522428743520538
last_third_by_subject,Q3,blend_logistic_regression_rule_0.25,logistic_regression,0.0,0.6628495628312145
last_third_by_subject,Q3,blend_logistic_regression_rule_0.25,logistic_regression,0.15,0.6461633206516805
last_third_by_subject,Q3,blend_logistic_regression_rule_0.25,logistic_regression,0.25,0.6416644303001933
last_third_by_subject,Q3,blend_logistic_regression_rule_0.25,logistic_regression,0.35,0.6427633765883888
last_third_by_subject,Q3,blend_logistic_regression_rule_0.25,logistic_regression,0.5,0.6564629819500871
last_third_by_subject,Q3,blend_logistic_regression_rule_0.25,logistic_regression,0.75,0.7274303612899102
last_third_by_subject,Q3,blend_logistic_regression_rule_0.25,logistic_regression,1.0,1.240132709637015
last_third_by_subject,Q3,blend_logistic_regression_rule_0.5,logistic_regression,0.0,0.6628495628312145
last_third_by_subject,Q3,blend_logistic_regression_rule_0.5,logistic_regression,0.15,0.6471048367038899
last_third_by_subject,Q3,blend_logistic_regression_rule_0.5,logistic_regression,0.25,0.6414138846387573
last_third_by_subject,Q3,blend_logistic_regression_rule_0.5,logistic_regression,0.35,0.6397708370690715
last_third_by_subject,Q3,blend_logistic_regression_rule_0.5,logistic_regression,0.5,0.6460514817399609
last_third_by_subject,Q3,blend_logistic_regression_rule_0.5,logistic_regression,0.75,0.6922103420477939
last_third_by_subject,Q3,blend_logistic_regression_rule_0.5,logistic_regression,1.0,1.0891730552373673
last_third_by_subject,Q3,blend_logistic_regression_rule_0.75,logistic_regression,0.0,0.6628495628312145
last_third_by_subject,Q3,blend_logistic_regression_rule_0.75,logistic_regression,0.15,0.6501682457452592
last_third_by_subject,Q3,blend_logistic_regression_rule_0.75,logistic_regression,0.25,0.6470659272173894
last_third_by_subject,Q3,blend_logistic_regression_rule_0.75,logistic_regression,0.35,0.6484262691812214
last_third_by_subject,Q3,blend_logistic_regression_rule_0.75,logistic_regression,0.5,0.6599196072992776
last_third_by_subject,Q3,blend_logistic_regression_rule_0.75,logistic_regression,0.75,0.7158284537572553
last_third_by_subject,Q3,blend_logistic_regression_rule_0.75,logistic_regression,1.0,1.0900545850588896
last_third_by_subject,Q3,model_linear_svc,linear_svc,0.0,0.6628495628312145
last_third_by_subject,Q3,model_linear_svc,linear_svc,0.15,0.6616502184779287
last_third_by_subject,Q3,model_linear_svc,linear_svc,0.25,0.6669114388769445
last_third_by_subject,Q3,model_linear_svc,linear_svc,0.35,0.6773892549573413
last_third_by_subject,Q3,model_linear_svc,linear_svc,0.5,0.7044907816980396
last_third_by_subject,Q3,model_linear_svc,linear_svc,0.75,0.7947951441648767
last_third_by_subject,Q3,model_linear_svc,linear_svc,1.0,1.1008866705799631
last_third_by_subject,Q3,blend_linear_svc_rule_0.25,linear_svc,0.0,0.6628495628312145
last_third_by_subject,Q3,blend_linear_svc_rule_0.25,linear_svc,0.15,0.6480623809793533
last_third_by_subject,Q3,blend_linear_svc_rule_0.25,linear_svc,0.25,0.6446346309777313
last_third_by_subject,Q3,blend_linear_svc_rule_0.25,linear_svc,0.35,0.6466542249175258
last_third_by_subject,Q3,blend_linear_svc_rule_0.25,linear_svc,0.5,0.6613655680939949
last_third_by_subject,Q3,blend_linear_svc_rule_0.25,linear_svc,0.75,0.7313415818790167
last_third_by_subject,Q3,blend_linear_svc_rule_0.25,linear_svc,1.0,1.0616601472517815
last_third_by_subject,Q3,blend_linear_svc_rule_0.5,linear_svc,0.0,0.6628495628312145
last_third_by_subject,Q3,blend_linear_svc_rule_0.5,linear_svc,0.15,0.6506775735815529
last_third_by_subject,Q3,blend_linear_svc_rule_0.5,linear_svc,0.25,0.6467064589582915
last_third_by_subject,Q3,blend_linear_svc_rule_0.5,linear_svc,0.35,0.6462406448434322
last_third_by_subject,Q3,blend_linear_svc_rule_0.5,linear_svc,0.5,0.6530645170385512
last_third_by_subject,Q3,blend_linear_svc_rule_0.5,linear_svc,0.75,0.6939583208661138
last_third_by_subject,Q3,blend_linear_svc_rule_0.5,linear_svc,1.0,0.904009950751243
last_third_by_subject,Q3,blend_linear_svc_rule_0.75,linear_svc,0.0,0.6628495628312145
last_third_by_subject,Q3,blend_linear_svc_rule_0.75,linear_svc,0.15,0.6552034878408758
last_third_by_subject,Q3,blend_linear_svc_rule_0.75,linear_svc,0.25,0.6541010978509849
last_third_by_subject,Q3,blend_linear_svc_rule_0.75,linear_svc,0.35,0.6563568128787989
last_third_by_subject,Q3,blend_linear_svc_rule_0.75,linear_svc,0.5,0.6668438417625779
last_third_by_subject,Q3,blend_linear_svc_rule_0.75,linear_svc,0.75,0.7111404560561807
last_third_by_subject,Q3,blend_linear_svc_rule_0.75,linear_svc,1.0,0.8919785809727848
last_third_by_subject,Q3,model_svc_rbf,svc_rbf,0.0,0.6628495628312145
last_third_by_subject,Q3,model_svc_rbf,svc_rbf,0.15,0.6526877312459272
last_third_by_subject,Q3,model_svc_rbf,svc_rbf,0.25,0.6464782179917951
last_third_by_subject,Q3,model_svc_rbf,svc_rbf,0.35,0.64070675254204
last_third_by_subject,Q3,model_svc_rbf,svc_rbf,0.5,0.6328537423127925
last_third_by_subject,Q3,model_svc_rbf,svc_rbf,0.75,0.621885468445492
last_third_by_subject,Q3,model_svc_rbf,svc_rbf,1.0,0.6136214692551318
last_third_by_subject,Q3,blend_svc_rbf_rule_0.25,svc_rbf,0.0,0.6628495628312145
last_third_by_subject,Q3,blend_svc_rbf_rule_0.25,svc_rbf,0.15,0.6469717468441555
last_third_by_subject,Q3,blend_svc_rbf_rule_0.25,svc_rbf,0.25,0.6427093384952606
last_third_by_subject,Q3,blend_svc_rbf_rule_0.25,svc_rbf,0.35,0.6437072775352081
last_third_by_subject,Q3,blend_svc_rbf_rule_0.25,svc_rbf,0.5,0.6560819609141447
last_third_by_subject,Q3,blend_svc_rbf_rule_0.25,svc_rbf,0.75,0.7142968361175315
last_third_by_subject,Q3,blend_svc_rbf_rule_0.25,svc_rbf,1.0,0.8589730564671474
last_third_by_subject,Q3,blend_svc_rbf_rule_0.5,svc_rbf,0.0,0.6628495628312145
last_third_by_subject,Q3,blend_svc_rbf_rule_0.5,svc_rbf,0.15,0.647731532396752
last_third_by_subject,Q3,blend_svc_rbf_rule_0.5,svc_rbf,0.25,0.6407424805977245
last_third_by_subject,Q3,blend_svc_rbf_rule_0.5,svc_rbf,0.35,0.6362255593166024
last_third_by_subject,Q3,blend_svc_rbf_rule_0.5,svc_rbf,0.5,0.6342357637307039
last_third_by_subject,Q3,blend_svc_rbf_rule_0.5,svc_rbf,0.75,0.645109575617256
last_third_by_subject,Q3,blend_svc_rbf_rule_0.5,svc_rbf,1.0,0.6789890547919173
last_third_by_subject,Q3,blend_svc_rbf_rule_0.75,svc_rbf,0.0,0.6628495628312145
last_third_by_subject,Q3,blend_svc_rbf_rule_0.75,svc_rbf,0.15,0.6496442643459222
last_third_by_subject,Q3,blend_svc_rbf_rule_0.75,svc_rbf,0.25,0.6420470328734214
last_third_by_subject,Q3,blend_svc_rbf_rule_0.75,svc_rbf,0.35,0.6353985858467542
last_third_by_subject,Q3,blend_svc_rbf_rule_0.75,svc_rbf,0.5,0.6272045953063959
last_third_by_subject,Q3,blend_svc_rbf_rule_0.75,svc_rbf,0.75,0.6184442625322214
last_third_by_subject,Q3,blend_svc_rbf_rule_0.75,svc_rbf,1.0,0.6164834775755923
last_third_by_subject,Q3,model_random_forest,random_forest,0.0,0.6628495628312145
last_third_by_subject,Q3,model_random_forest,random_forest,0.15,0.6556870895481275
last_third_by_subject,Q3,model_random_forest,random_forest,0.25,0.6514735272215542
last_third_by_subject,Q3,model_random_forest,random_forest,0.35,0.6476942833592221
last_third_by_subject,Q3,model_random_forest,random_forest,0.5,0.6428201955511327
last_third_by_subject,Q3,model_random_forest,random_forest,0.75,0.6367757111816134
last_third_by_subject,Q3,model_random_forest,random_forest,1.0,0.633331534887101
last_third_by_subject,Q3,blend_random_forest_rule_0.25,random_forest,0.0,0.6628495628312145
last_third_by_subject,Q3,blend_random_forest_rule_0.25,random_forest,0.15,0.647658795132633
last_third_by_subject,Q3,blend_random_forest_rule_0.25,random_forest,0.25,0.6437927884795196
last_third_by_subject,Q3,blend_random_forest_rule_0.25,random_forest,0.35,0.6451456733372128
last_third_by_subject,Q3,blend_random_forest_rule_0.25,random_forest,0.5,0.6579848241290345
last_third_by_subject,Q3,blend_random_forest_rule_0.25,random_forest,0.75,0.7167978217124815
last_third_by_subject,Q3,blend_random_forest_rule_0.25,random_forest,1.0,0.8613636403960353
last_third_by_subject,Q3,blend_random_forest_rule_0.5,random_forest,0.0,0.6628495628312145
last_third_by_subject,Q3,blend_random_forest_rule_0.5,random_forest,0.15,0.6491452454110278
last_third_by_subject,Q3,blend_random_forest_rule_0.5,random_forest,0.25,0.6430101959999414
last_third_by_subject,Q3,blend_random_forest_rule_0.5,random_forest,0.35,0.6392842394323025
last_third_by_subject,Q3,blend_random_forest_rule_0.5,random_forest,0.5,0.6383717278156872
last_third_by_subject,Q3,blend_random_forest_rule_0.5,random_forest,0.75,0.6507432854574356
last_third_by_subject,Q3,blend_random_forest_rule_0.5,random_forest,1.0,0.6854714287809994
last_third_by_subject,Q3,blend_random_forest_rule_0.75,random_forest,0.0,0.6628495628312145
last_third_by_subject,Q3,blend_random_forest_rule_0.75,random_forest,0.15,0.6518274549696981
last_third_by_subject,Q3,blend_random_forest_rule_0.75,random_forest,0.25,0.6456127993065253
last_third_by_subject,Q3,blend_random_forest_rule_0.75,random_forest,0.35,0.6402909810972606
last_third_by_subject,Q3,blend_random_forest_rule_0.75,random_forest,0.5,0.6339826492939381
last_third_by_subject,Q3,blend_random_forest_rule_0.75,random_forest,0.75,0.628061907949021
last_third_by_subject,Q3,blend_random_forest_rule_0.75,random_forest,1.0,0.6284061690635462
last_third_by_subject,Q3,model_extra_trees,extra_trees,0.0,0.6628495628312145
last_third_by_subject,Q3,model_extra_trees,extra_trees,0.15,0.6536614797113439
last_third_by_subject,Q3,model_extra_trees,extra_trees,0.25,0.6481293310817652
last_third_by_subject,Q3,model_extra_trees,extra_trees,0.35,0.6430538056999823
last_third_by_subject,Q3,model_extra_trees,extra_trees,0.5,0.6362723199790642
last_third_by_subject,Q3,model_extra_trees,extra_trees,0.75,0.6271336133111264
last_third_by_subject,Q3,model_extra_trees,extra_trees,1.0,0.6206871688283032
last_third_by_subject,Q3,blend_extra_trees_rule_0.25,extra_trees,0.0,0.6628495628312145
last_third_by_subject,Q3,blend_extra_trees_rule_0.25,extra_trees,0.15,0.6470974227706497
last_third_by_subject,Q3,blend_extra_trees_rule_0.25,extra_trees,0.25,0.6427790082641694
last_third_by_subject,Q3,blend_extra_trees_rule_0.25,extra_trees,0.35,0.6435841747089295
last_third_by_subject,Q3,blend_extra_trees_rule_0.25,extra_trees,0.5,0.6553369251403407
last_third_by_subject,Q3,blend_extra_trees_rule_0.25,extra_trees,0.75,0.7110052209715447
last_third_by_subject,Q3,blend_extra_trees_rule_0.25,extra_trees,1.0,0.847475713124837
last_third_by_subject,Q3,blend_extra_trees_rule_0.5,extra_trees,0.0,0.6628495628312145
last_third_by_subject,Q3,blend_extra_trees_rule_0.5,extra_trees,0.15,0.6480646354439968
last_third_by_subject,Q3,blend_extra_trees_rule_0.5,extra_trees,0.25,0.641127723099113
last_third_by_subject,Q3,blend_extra_trees_rule_0.5,extra_trees,0.35,0.6365078317170285
last_third_by_subject,Q3,blend_extra_trees_rule_0.5,extra_trees,0.5,0.6340247913040913
last_third_by_subject,Q3,blend_extra_trees_rule_0.5,extra_trees,0.75,0.6428754540553482
last_third_by_subject,Q3,blend_extra_trees_rule_0.5,extra_trees,1.0,0.6721556038577248
last_third_by_subject,Q3,blend_extra_trees_rule_0.75,extra_trees,0.0,0.6628495628312145
last_third_by_subject,Q3,blend_extra_trees_rule_0.75,extra_trees,0.15,0.650261400978354
last_third_by_subject,Q3,blend_extra_trees_rule_0.75,extra_trees,0.25,0.6429654672579884
last_third_by_subject,Q3,blend_extra_trees_rule_0.75,extra_trees,0.35,0.6365204462363742
last_third_by_subject,Q3,blend_extra_trees_rule_0.75,extra_trees,0.5,0.6284268498444391
last_third_by_subject,Q3,blend_extra_trees_rule_0.75,extra_trees,0.75,0.6191772984919829
last_third_by_subject,Q3,blend_extra_trees_rule_0.75,extra_trees,1.0,0.6155944170405244
last_third_by_subject,Q3,model_hist_gradient_boosting,hist_gradient_boosting,0.0,0.6628495628312145
last_third_by_subject,Q3,model_hist_gradient_boosting,hist_gradient_boosting,0.15,0.6524450015902069
last_third_by_subject,Q3,model_hist_gradient_boosting,hist_gradient_boosting,0.25,0.6477957341651971
last_third_by_subject,Q3,model_hist_gradient_boosting,hist_gradient_boosting,0.35,0.6449638256910923
last_third_by_subject,Q3,model_hist_gradient_boosting,hist_gradient_boosting,0.5,0.6442184989356762
last_third_by_subject,Q3,model_hist_gradient_boosting,hist_gradient_boosting,0.75,0.6533558971892075
last_third_by_subject,Q3,model_hist_gradient_boosting,hist_gradient_boosting,1.0,0.6796341818388105
last_third_by_subject,Q3,blend_hist_gradient_boosting_rule_0.25,hist_gradient_boosting,0.0,0.6628495628312145
last_third_by_subject,Q3,blend_hist_gradient_boosting_rule_0.25,hist_gradient_boosting,0.15,0.6468208724556902
last_third_by_subject,Q3,blend_hist_gradient_boosting_rule_0.25,hist_gradient_boosting,0.25,0.6428207811121078
last_third_by_subject,Q3,blend_hist_gradient_boosting_rule_0.25,hist_gradient_boosting,0.35,0.6444381618102875
last_third_by_subject,Q3,blend_hist_gradient_boosting_rule_0.25,hist_gradient_boosting,0.5,0.6586982469748669
last_third_by_subject,Q3,blend_hist_gradient_boosting_rule_0.25,hist_gradient_boosting,0.75,0.7256540332982337
last_third_by_subject,Q3,blend_hist_gradient_boosting_rule_0.25,hist_gradient_boosting,1.0,0.9161009663444872
last_third_by_subject,Q3,blend_hist_gradient_boosting_rule_0.5,hist_gradient_boosting,0.0,0.6628495628312145
last_third_by_subject,Q3,blend_hist_gradient_boosting_rule_0.5,hist_gradient_boosting,0.15,0.6474911708934586
last_third_by_subject,Q3,blend_hist_gradient_boosting_rule_0.5,hist_gradient_boosting,0.25,0.6411139539081068
last_third_by_subject,Q3,blend_hist_gradient_boosting_rule_0.5,hist_gradient_boosting,0.35,0.6379071794500031
last_third_by_subject,Q3,blend_hist_gradient_boosting_rule_0.5,hist_gradient_boosting,0.5,0.6395152856253206
last_third_by_subject,Q3,blend_hist_gradient_boosting_rule_0.5,hist_gradient_boosting,0.75,0.6634380834661228
last_third_by_subject,Q3,blend_hist_gradient_boosting_rule_0.5,hist_gradient_boosting,1.0,0.7329865794050618
last_third_by_subject,Q3,blend_hist_gradient_boosting_rule_0.75,hist_gradient_boosting,0.0,0.6628495628312145
last_third_by_subject,Q3,blend_hist_gradient_boosting_rule_0.75,hist_gradient_boosting,0.15,0.6493719132723087
last_third_by_subject,Q3,blend_hist_gradient_boosting_rule_0.75,hist_gradient_boosting,0.25,0.642807402314348
last_third_by_subject,Q3,blend_hist_gradient_boosting_rule_0.75,hist_gradient_boosting,0.35,0.6382004200056904
last_third_by_subject,Q3,blend_hist_gradient_boosting_rule_0.75,hist_gradient_boosting,0.5,0.6351482727276111
last_third_by_subject,Q3,blend_hist_gradient_boosting_rule_0.75,hist_gradient_boosting,0.75,0.6420164755572394
last_third_by_subject,Q3,blend_hist_gradient_boosting_rule_0.75,hist_gradient_boosting,1.0,0.6705632083970758
last_third_by_subject,Q3,model_mlp,mlp,0.0,0.6628495628312145
last_third_by_subject,Q3,model_mlp,mlp,0.15,0.6456571212204774
last_third_by_subject,Q3,model_mlp,mlp,0.25,0.6417236777869739
last_third_by_subject,Q3,model_mlp,mlp,0.35,0.6442661711322171
last_third_by_subject,Q3,model_mlp,mlp,0.5,0.6623649195140852
last_third_by_subject,Q3,model_mlp,mlp,0.75,0.7524800553345745
last_third_by_subject,Q3,model_mlp,mlp,1.0,1.389821733701074
last_third_by_subject,Q3,blend_mlp_rule_0.25,mlp,0.0,0.6628495628312145
last_third_by_subject,Q3,blend_mlp_rule_0.25,mlp,0.15,0.6443958538266779
last_third_by_subject,Q3,blend_mlp_rule_0.25,mlp,0.25,0.6392848562778994
last_third_by_subject,Q3,blend_mlp_rule_0.25,mlp,0.35,0.6403096255391753
last_third_by_subject,Q3,blend_mlp_rule_0.25,mlp,0.5,0.6552035979647635
last_third_by_subject,Q3,blend_mlp_rule_0.25,mlp,0.75,0.7347392202737341
last_third_by_subject,Q3,blend_mlp_rule_0.25,mlp,1.0,1.3811479896503223
last_third_by_subject,Q3,blend_mlp_rule_0.5,mlp,0.0,0.6628495628312145
last_third_by_subject,Q3,blend_mlp_rule_0.5,mlp,0.15,0.6431333841400181
last_third_by_subject,Q3,blend_mlp_rule_0.5,mlp,0.25,0.6354186290553538
last_third_by_subject,Q3,blend_mlp_rule_0.5,mlp,0.35,0.6323670818326625
last_third_by_subject,Q3,blend_mlp_rule_0.5,mlp,0.5,0.6380539613622078
last_third_by_subject,Q3,blend_mlp_rule_0.5,mlp,0.75,0.6908141835626519
last_third_by_subject,Q3,blend_mlp_rule_0.5,mlp,1.0,1.2044876392122068
last_third_by_subject,Q3,blend_mlp_rule_0.75,mlp,0.0,0.6628495628312145
last_third_by_subject,Q3,blend_mlp_rule_0.75,mlp,0.15,0.6435552228335437
last_third_by_subject,Q3,blend_mlp_rule_0.75,mlp,0.25,0.636221095569533
last_third_by_subject,Q3,blend_mlp_rule_0.75,mlp,0.35,0.6336087731026373
last_third_by_subject,Q3,blend_mlp_rule_0.75,mlp,0.5,0.639971520729525
last_third_by_subject,Q3,blend_mlp_rule_0.75,mlp,0.75,0.692855043491296
last_third_by_subject,Q3,blend_mlp_rule_0.75,mlp,1.0,1.1590040290686083
last_third_by_subject,Q3,model_lightgbm,lightgbm,0.0,0.6628495628312145
last_third_by_subject,Q3,model_lightgbm,lightgbm,0.15,0.6544864431111046
last_third_by_subject,Q3,model_lightgbm,lightgbm,0.25,0.6501385425692724
last_third_by_subject,Q3,model_lightgbm,lightgbm,0.35,0.6467560081371609
last_third_by_subject,Q3,model_lightgbm,lightgbm,0.5,0.6434953180118789
last_third_by_subject,Q3,model_lightgbm,lightgbm,0.75,0.6430752989606944
last_third_by_subject,Q3,model_lightgbm,lightgbm,1.0,0.6496634632910936
last_third_by_subject,Q3,blend_lightgbm_rule_0.25,lightgbm,0.0,0.6628495628312145
last_third_by_subject,Q3,blend_lightgbm_rule_0.25,lightgbm,0.15,0.6473839953370405
last_third_by_subject,Q3,blend_lightgbm_rule_0.25,lightgbm,0.25,0.6435480313335805
last_third_by_subject,Q3,blend_lightgbm_rule_0.25,lightgbm,0.35,0.6451361859485051
last_third_by_subject,Q3,blend_lightgbm_rule_0.25,lightgbm,0.5,0.6588486107161015
last_third_by_subject,Q3,blend_lightgbm_rule_0.25,lightgbm,0.75,0.7218470842952982
last_third_by_subject,Q3,blend_lightgbm_rule_0.25,lightgbm,1.0,0.8849811169963625
last_third_by_subject,Q3,blend_lightgbm_rule_0.5,lightgbm,0.0,0.6628495628312145
last_third_by_subject,Q3,blend_lightgbm_rule_0.5,lightgbm,0.15,0.6485758684974513
last_third_by_subject,Q3,blend_lightgbm_rule_0.5,lightgbm,0.25,0.642446569171808
last_third_by_subject,Q3,blend_lightgbm_rule_0.5,lightgbm,0.35,0.6390675028358132
last_third_by_subject,Q3,blend_lightgbm_rule_0.5,lightgbm,0.5,0.6394396924609215
last_third_by_subject,Q3,blend_lightgbm_rule_0.5,lightgbm,0.75,0.6569726985473726
last_third_by_subject,Q3,blend_lightgbm_rule_0.5,lightgbm,1.0,0.7048802767137057
last_third_by_subject,Q3,blend_lightgbm_rule_0.75,lightgbm,0.0,0.6628495628312145
last_third_by_subject,Q3,blend_lightgbm_rule_0.75,lightgbm,0.15,0.6509473996601058
last_third_by_subject,Q3,blend_lightgbm_rule_0.75,lightgbm,0.25,0.6446740067066902
last_third_by_subject,Q3,blend_lightgbm_rule_0.75,lightgbm,0.35,0.6397260673892952
last_third_by_subject,Q3,blend_lightgbm_rule_0.75,lightgbm,0.5,0.6348451326693322
last_third_by_subject,Q3,blend_lightgbm_rule_0.75,lightgbm,0.75,0.6340425776368053
last_third_by_subject,Q3,blend_lightgbm_rule_0.75,lightgbm,1.0,0.6443726964611477
last_third_by_subject,Q3,model_catboost,catboost,0.0,0.6628495628312145
last_third_by_subject,Q3,model_catboost,catboost,0.15,0.6537510286776351
last_third_by_subject,Q3,model_catboost,catboost,0.25,0.6482397026505782
last_third_by_subject,Q3,model_catboost,catboost,0.35,0.6431613760334852
last_third_by_subject,Q3,model_catboost,catboost,0.5,0.6363432257159506
last_third_by_subject,Q3,model_catboost,catboost,0.75,0.6270948770099366
last_third_by_subject,Q3,model_catboost,catboost,1.0,0.6205304980769615
last_third_by_subject,Q3,blend_catboost_rule_0.25,catboost,0.0,0.6628495628312145
last_third_by_subject,Q3,blend_catboost_rule_0.25,catboost,0.15,0.6472262597231779
last_third_by_subject,Q3,blend_catboost_rule_0.25,catboost,0.25,0.6431255581179117
last_third_by_subject,Q3,blend_catboost_rule_0.25,catboost,0.35,0.6442864346324092
last_third_by_subject,Q3,blend_catboost_rule_0.25,catboost,0.5,0.6569196706845929
last_third_by_subject,Q3,blend_catboost_rule_0.25,catboost,0.75,0.7156365215905908
last_third_by_subject,Q3,blend_catboost_rule_0.25,catboost,1.0,0.8606035697840988
last_third_by_subject,Q3,blend_catboost_rule_0.5,catboost,0.0,0.6628495628312145
last_third_by_subject,Q3,blend_catboost_rule_0.5,catboost,0.15,0.6482437082669484
last_third_by_subject,Q3,blend_catboost_rule_0.5,catboost,0.25,0.641571725866678
last_third_by_subject,Q3,blend_catboost_rule_0.5,catboost,0.35,0.6373557971272548
last_third_by_subject,Q3,blend_catboost_rule_0.5,catboost,0.5,0.6357892139207305
last_third_by_subject,Q3,blend_catboost_rule_0.5,catboost,0.75,0.6472670188983245
last_third_by_subject,Q3,blend_catboost_rule_0.5,catboost,1.0,0.6813696937327712
last_third_by_subject,Q3,blend_catboost_rule_0.75,catboost,0.0,0.6628495628312145
last_third_by_subject,Q3,blend_catboost_rule_0.75,catboost,0.15,0.6504237780046056
last_third_by_subject,Q3,blend_catboost_rule_0.75,catboost,0.25,0.6433148484572148
last_third_by_subject,Q3,blend_catboost_rule_0.75,catboost,0.35,0.6371285615670363
last_third_by_subject,Q3,blend_catboost_rule_0.75,catboost,0.5,0.6295749239915727
last_third_by_subject,Q3,blend_catboost_rule_0.75,catboost,0.75,0.6217085778789123
last_third_by_subject,Q3,blend_catboost_rule_0.75,catboost,1.0,0.6202873720232226
last_third_by_subject,Q3,meta_rule_extra_trees,extra_trees,0.0,0.6628495628312145
last_third_by_subject,Q3,meta_rule_extra_trees,extra_trees,0.15,0.6537339750098184
last_third_by_subject,Q3,meta_rule_extra_trees,extra_trees,0.25,0.6481809906519808
last_third_by_subject,Q3,meta_rule_extra_trees,extra_trees,0.35,0.6430329903245218
last_third_by_subject,Q3,meta_rule_extra_trees,extra_trees,0.5,0.6360511332325068
last_third_by_subject,Q3,meta_rule_extra_trees,extra_trees,0.75,0.6263477851685221
last_third_by_subject,Q3,meta_rule_extra_trees,extra_trees,1.0,0.619062874185891
last_third_by_subject,Q3,meta_rule_lightgbm,lightgbm,0.0,0.6628495628312145
last_third_by_subject,Q3,meta_rule_lightgbm,lightgbm,0.15,0.654619686393772
last_third_by_subject,Q3,meta_rule_lightgbm,lightgbm,0.25,0.6503476438769725
last_third_by_subject,Q3,meta_rule_lightgbm,lightgbm,0.35,0.6470343530605801
last_third_by_subject,Q3,meta_rule_lightgbm,lightgbm,0.5,0.6438716561708052
last_third_by_subject,Q3,meta_rule_lightgbm,lightgbm,0.75,0.6436239830973011
last_third_by_subject,Q3,meta_rule_lightgbm,lightgbm,1.0,0.650437925079837
last_third_by_subject,Q3,meta_rule_catboost,catboost,0.0,0.6628495628312145
last_third_by_subject,Q3,meta_rule_catboost,catboost,0.15,0.6517651463734224
last_third_by_subject,Q3,meta_rule_catboost,catboost,0.25,0.6449816603367559
last_third_by_subject,Q3,meta_rule_catboost,catboost,0.35,0.638667280903398
last_third_by_subject,Q3,meta_rule_catboost,catboost,0.5,0.6300543181435588
last_third_by_subject,Q3,meta_rule_catboost,catboost,0.75,0.6179453109668879
last_third_by_subject,Q3,meta_rule_catboost,catboost,1.0,0.6086449837193991
last_third_by_subject,Q3,meta_rule_hist_gradient_boosting,hist_gradient_boosting,0.0,0.6628495628312145
last_third_by_subject,Q3,meta_rule_hist_gradient_boosting,hist_gradient_boosting,0.15,0.6524450015902069
last_third_by_subject,Q3,meta_rule_hist_gradient_boosting,hist_gradient_boosting,0.25,0.6477957341651971
last_third_by_subject,Q3,meta_rule_hist_gradient_boosting,hist_gradient_boosting,0.35,0.6449638256910923
last_third_by_subject,Q3,meta_rule_hist_gradient_boosting,hist_gradient_boosting,0.5,0.6442184989356762
last_third_by_subject,Q3,meta_rule_hist_gradient_boosting,hist_gradient_boosting,0.75,0.6533558971892075
last_third_by_subject,Q3,meta_rule_hist_gradient_boosting,hist_gradient_boosting,1.0,0.6796341818388105
last_third_by_subject,S1,history_blend,history,1.0,0.5736854150605486
last_third_by_subject,S1,rule_subject_strategy_tuned,rule,0.0,0.6142841097592358
last_third_by_subject,S1,rule_subject_strategy_tuned,rule,0.15,0.5797633647032182
last_third_by_subject,S1,rule_subject_strategy_tuned,rule,0.25,0.5680586801398241
last_third_by_subject,S1,rule_subject_strategy_tuned,rule,0.35,0.5653247331626319
last_third_by_subject,S1,rule_subject_strategy_tuned,rule,0.5,0.5804844335514305
last_third_by_subject,S1,rule_subject_strategy_tuned,rule,0.75,0.6897910437443692
last_third_by_subject,S1,rule_subject_strategy_tuned,rule,1.0,2.605628529868518
last_third_by_subject,S1,model_logistic_regression,logistic_regression,0.0,0.6142841097592358
last_third_by_subject,S1,model_logistic_regression,logistic_regression,0.15,0.6212564284957686
last_third_by_subject,S1,model_logistic_regression,logistic_regression,0.25,0.6351384014553699
last_third_by_subject,S1,model_logistic_regression,logistic_regression,0.35,0.6565281483217329
last_third_by_subject,S1,model_logistic_regression,logistic_regression,0.5,0.7047620350044518
last_third_by_subject,S1,model_logistic_regression,logistic_regression,0.75,0.8513638976925336
last_third_by_subject,S1,model_logistic_regression,logistic_regression,1.0,1.5002900196240256
last_third_by_subject,S1,blend_logistic_regression_rule_0.25,logistic_regression,0.0,0.6142841097592358
last_third_by_subject,S1,blend_logistic_regression_rule_0.25,logistic_regression,0.15,0.5879046594285195
last_third_by_subject,S1,blend_logistic_regression_rule_0.25,logistic_regression,0.25,0.5786152794713324
last_third_by_subject,S1,blend_logistic_regression_rule_0.25,logistic_regression,0.35,0.5756775399602415
last_third_by_subject,S1,blend_logistic_regression_rule_0.25,logistic_regression,0.5,0.5842524579145865
last_third_by_subject,S1,blend_logistic_regression_rule_0.25,logistic_regression,0.75,0.6493550014704244
last_third_by_subject,S1,blend_logistic_regression_rule_0.25,logistic_regression,1.0,1.1195739285550852
last_third_by_subject,S1,blend_logistic_regression_rule_0.5,logistic_regression,0.0,0.6142841097592358
last_third_by_subject,S1,blend_logistic_regression_rule_0.5,logistic_regression,0.15,0.5975368952481788
last_third_by_subject,S1,blend_logistic_regression_rule_0.5,logistic_regression,0.25,0.5933453428310438
last_third_by_subject,S1,blend_logistic_regression_rule_0.5,logistic_regression,0.35,0.5944634872940171
last_third_by_subject,S1,blend_logistic_regression_rule_0.5,logistic_regression,0.5,0.6068899098561379
last_third_by_subject,S1,blend_logistic_regression_rule_0.5,logistic_regression,0.75,0.668832623913804
last_third_by_subject,S1,blend_logistic_regression_rule_0.5,logistic_regression,1.0,1.0346158394812328
last_third_by_subject,S1,blend_logistic_regression_rule_0.75,logistic_regression,0.0,0.6142841097592358
last_third_by_subject,S1,blend_logistic_regression_rule_0.75,logistic_regression,0.15,0.6086441702957631
last_third_by_subject,S1,blend_logistic_regression_rule_0.75,logistic_regression,0.25,0.6121190392187202
last_third_by_subject,S1,blend_logistic_regression_rule_0.75,logistic_regression,0.35,0.6211684012838947
last_third_by_subject,S1,blend_logistic_regression_rule_0.75,logistic_regression,0.5,0.646024823647453
last_third_by_subject,S1,blend_logistic_regression_rule_0.75,logistic_regression,0.75,0.7293922170173828
last_third_by_subject,S1,blend_logistic_regression_rule_0.75,logistic_regression,1.0,1.0768327276857839
last_third_by_subject,S1,model_linear_svc,linear_svc,0.0,0.6142841097592358
last_third_by_subject,S1,model_linear_svc,linear_svc,0.15,0.6178596285881252
last_third_by_subject,S1,model_linear_svc,linear_svc,0.25,0.6272969561952856
last_third_by_subject,S1,model_linear_svc,linear_svc,0.35,0.6422544326551227
last_third_by_subject,S1,model_linear_svc,linear_svc,0.5,0.675969808787313
last_third_by_subject,S1,model_linear_svc,linear_svc,0.75,0.7738217658082371
last_third_by_subject,S1,model_linear_svc,linear_svc,1.0,1.0431774573644088
last_third_by_subject,S1,blend_linear_svc_rule_0.25,linear_svc,0.0,0.6142841097592358
last_third_by_subject,S1,blend_linear_svc_rule_0.25,linear_svc,0.15,0.5870700634576531
last_third_by_subject,S1,blend_linear_svc_rule_0.25,linear_svc,0.25,0.5767030272149951
last_third_by_subject,S1,blend_linear_svc_rule_0.25,linear_svc,0.35,0.5722013276921296
last_third_by_subject,S1,blend_linear_svc_rule_0.25,linear_svc,0.5,0.577152716612429
last_third_by_subject,S1,blend_linear_svc_rule_0.25,linear_svc,0.75,0.6284981960728659
last_third_by_subject,S1,blend_linear_svc_rule_0.25,linear_svc,1.0,0.8770868374710936
last_third_by_subject,S1,blend_linear_svc_rule_0.5,linear_svc,0.0,0.6142841097592358
last_third_by_subject,S1,blend_linear_svc_rule_0.5,linear_svc,0.15,0.5958735259764472
last_third_by_subject,S1,blend_linear_svc_rule_0.5,linear_svc,0.25,0.5895678133776243
last_third_by_subject,S1,blend_linear_svc_rule_0.5,linear_svc,0.35,0.5876911510058497
last_third_by_subject,S1,blend_linear_svc_rule_0.5,linear_svc,0.5,0.5934888074369341
last_third_by_subject,S1,blend_linear_svc_rule_0.5,linear_svc,0.75,0.6331745215848347
last_third_by_subject,S1,blend_linear_svc_rule_0.5,linear_svc,1.0,0.7887130660143399
last_third_by_subject,S1,blend_linear_svc_rule_0.75,linear_svc,0.0,0.6142841097592358
last_third_by_subject,S1,blend_linear_svc_rule_0.75,linear_svc,0.15,0.6061357815248298
last_third_by_subject,S1,blend_linear_svc_rule_0.75,linear_svc,0.25,0.606414167497309
last_third_by_subject,S1,blend_linear_svc_rule_0.75,linear_svc,0.35,0.6109547139719566
last_third_by_subject,S1,blend_linear_svc_rule_0.75,linear_svc,0.5,0.6259925159878112
last_third_by_subject,S1,blend_linear_svc_rule_0.75,linear_svc,0.75,0.6785302277831518
last_third_by_subject,S1,blend_linear_svc_rule_0.75,linear_svc,1.0,0.8201824207502414
last_third_by_subject,S1,model_svc_rbf,svc_rbf,0.0,0.6142841097592358
last_third_by_subject,S1,model_svc_rbf,svc_rbf,0.15,0.608458826974326
last_third_by_subject,S1,model_svc_rbf,svc_rbf,0.25,0.6052714425332479
last_third_by_subject,S1,model_svc_rbf,svc_rbf,0.35,0.6026085988414959
last_third_by_subject,S1,model_svc_rbf,svc_rbf,0.5,0.5995513535663127
last_third_by_subject,S1,model_svc_rbf,svc_rbf,0.75,0.5968302659553317
last_third_by_subject,S1,model_svc_rbf,svc_rbf,1.0,0.596965225041346
last_third_by_subject,S1,blend_svc_rbf_rule_0.25,svc_rbf,0.0,0.6142841097592358
last_third_by_subject,S1,blend_svc_rbf_rule_0.25,svc_rbf,0.15,0.5853239307975537
last_third_by_subject,S1,blend_svc_rbf_rule_0.25,svc_rbf,0.25,0.5729467064769713
last_third_by_subject,S1,blend_svc_rbf_rule_0.25,svc_rbf,0.35,0.5657925146513838
last_third_by_subject,S1,blend_svc_rbf_rule_0.25,svc_rbf,0.5,0.5651673553356069
last_third_by_subject,S1,blend_svc_rbf_rule_0.25,svc_rbf,0.75,0.597130267849807
last_third_by_subject,S1,blend_svc_rbf_rule_0.25,svc_rbf,1.0,0.7033645268855897
last_third_by_subject,S1,blend_svc_rbf_rule_0.5,svc_rbf,0.0,0.6142841097592358
last_third_by_subject,S1,blend_svc_rbf_rule_0.5,svc_rbf,0.15,0.5919548886868519
last_third_by_subject,S1,blend_svc_rbf_rule_0.5,svc_rbf,0.25,0.5808151203122397
last_third_by_subject,S1,blend_svc_rbf_rule_0.5,svc_rbf,0.35,0.5724238856121873
last_third_by_subject,S1,blend_svc_rbf_rule_0.5,svc_rbf,0.5,0.5648314020296161
last_third_by_subject,S1,blend_svc_rbf_rule_0.5,svc_rbf,0.75,0.5661060424247801
last_third_by_subject,S1,blend_svc_rbf_rule_0.5,svc_rbf,1.0,0.588935510193308
last_third_by_subject,S1,blend_svc_rbf_rule_0.75,svc_rbf,0.0,0.6142841097592358
last_third_by_subject,S1,blend_svc_rbf_rule_0.75,svc_rbf,0.15,0.5996606343051774
last_third_by_subject,S1,blend_svc_rbf_rule_0.75,svc_rbf,0.25,0.5915849726580137
last_third_by_subject,S1,blend_svc_rbf_rule_0.75,svc_rbf,0.35,0.5847347135078867
last_third_by_subject,S1,blend_svc_rbf_rule_0.75,svc_rbf,0.5,0.5766251140123956
last_third_by_subject,S1,blend_svc_rbf_rule_0.75,svc_rbf,0.75,0.56867117105027
last_third_by_subject,S1,blend_svc_rbf_rule_0.75,svc_rbf,1.0,0.5678606776840486
last_third_by_subject,S1,model_random_forest,random_forest,0.0,0.6142841097592358
last_third_by_subject,S1,model_random_forest,random_forest,0.15,0.6049422014160917
last_third_by_subject,S1,model_random_forest,random_forest,0.25,0.6005969195326046
last_third_by_subject,S1,model_random_forest,random_forest,0.35,0.5976317377730707
last_third_by_subject,S1,model_random_forest,random_forest,0.5,0.5956236077438787
last_third_by_subject,S1,model_random_forest,random_forest,0.75,0.5985321082547236
last_third_by_subject,S1,model_random_forest,random_forest,1.0,0.6094379888954911
last_third_by_subject,S1,blend_random_forest_rule_0.25,random_forest,0.0,0.6142841097592358
last_third_by_subject,S1,blend_random_forest_rule_0.25,random_forest,0.15,0.5844470196695883
last_third_by_subject,S1,blend_random_forest_rule_0.25,random_forest,0.25,0.5716892451023824
last_third_by_subject,S1,blend_random_forest_rule_0.25,random_forest,0.35,0.5642331318046875
last_third_by_subject,S1,blend_random_forest_rule_0.25,random_forest,0.5,0.563231554391703
last_third_by_subject,S1,blend_random_forest_rule_0.25,random_forest,0.75,0.5949010453328322
last_third_by_subject,S1,blend_random_forest_rule_0.25,random_forest,1.0,0.7060925358866255
last_third_by_subject,S1,blend_random_forest_rule_0.5,random_forest,0.0,0.6142841097592358
last_third_by_subject,S1,blend_random_forest_rule_0.5,random_forest,0.15,0.5902180653237556
last_third_by_subject,S1,blend_random_forest_rule_0.5,random_forest,0.25,0.5784327906049308
last_third_by_subject,S1,blend_random_forest_rule_0.5,random_forest,0.35,0.5696957124893881
last_third_by_subject,S1,blend_random_forest_rule_0.5,random_forest,0.5,0.5620715397085524
last_third_by_subject,S1,blend_random_forest_rule_0.5,random_forest,0.75,0.5648320773223572
last_third_by_subject,S1,blend_random_forest_rule_0.5,random_forest,1.0,0.5935633093359701
last_third_by_subject,S1,blend_random_forest_rule_0.75,random_forest,0.0,0.6142841097592358
last_third_by_subject,S1,blend_random_forest_rule_0.75,random_forest,0.15,0.5970531061569586
last_third_by_subject,S1,blend_random_forest_rule_0.75,random_forest,0.25,0.5880976239938212
last_third_by_subject,S1,blend_random_forest_rule_0.75,random_forest,0.35,0.5809411039520935
last_third_by_subject,S1,blend_random_forest_rule_0.75,random_forest,0.5,0.5733430350166768
last_third_by_subject,S1,blend_random_forest_rule_0.75,random_forest,0.75,0.5688066996920073
last_third_by_subject,S1,blend_random_forest_rule_0.75,random_forest,1.0,0.5754599863266374
last_third_by_subject,S1,model_extra_trees,extra_trees,0.0,0.6142841097592358
last_third_by_subject,S1,model_extra_trees,extra_trees,0.15,0.6072463562286617
last_third_by_subject,S1,model_extra_trees,extra_trees,0.25,0.6044179737903518
last_third_by_subject,S1,model_extra_trees,extra_trees,0.35,0.6029561440252187
last_third_by_subject,S1,model_extra_trees,extra_trees,0.5,0.6031749843372572
last_third_by_subject,S1,model_extra_trees,extra_trees,0.75,0.6096816653708539
last_third_by_subject,S1,model_extra_trees,extra_trees,1.0,0.6238976461760813
last_third_by_subject,S1,blend_extra_trees_rule_0.25,extra_trees,0.0,0.6142841097592358
last_third_by_subject,S1,blend_extra_trees_rule_0.25,extra_trees,0.15,0.5849471482608946
last_third_by_subject,S1,blend_extra_trees_rule_0.25,extra_trees,0.25,0.5724277747196438
last_third_by_subject,S1,blend_extra_trees_rule_0.25,extra_trees,0.35,0.5651245962320943
last_third_by_subject,S1,blend_extra_trees_rule_0.25,extra_trees,0.5,0.5641587192249405
last_third_by_subject,S1,blend_extra_trees_rule_0.25,extra_trees,0.75,0.5950840978690936
last_third_by_subject,S1,blend_extra_trees_rule_0.25,extra_trees,1.0,0.7026995523977356
last_third_by_subject,S1,blend_extra_trees_rule_0.5,extra_trees,0.0,0.6142841097592358
last_third_by_subject,S1,blend_extra_trees_rule_0.5,extra_trees,0.15,0.5912721381934214
last_third_by_subject,S1,blend_extra_trees_rule_0.5,extra_trees,0.25,0.5800694625217334
last_third_by_subject,S1,blend_extra_trees_rule_0.5,extra_trees,0.35,0.5718156206880463
last_third_by_subject,S1,blend_extra_trees_rule_0.5,extra_trees,0.5,0.5647144876628064
last_third_by_subject,S1,blend_extra_trees_rule_0.5,extra_trees,0.75,0.5676860293270701
last_third_by_subject,S1,blend_extra_trees_rule_0.5,extra_trees,1.0,0.5952582629935325
last_third_by_subject,S1,blend_extra_trees_rule_0.75,extra_trees,0.0,0.6142841097592358
last_third_by_subject,S1,blend_extra_trees_rule_0.75,extra_trees,0.15,0.5987099886802498
last_third_by_subject,S1,blend_extra_trees_rule_0.75,extra_trees,0.25,0.5907680093296344
last_third_by_subject,S1,blend_extra_trees_rule_0.75,extra_trees,0.35,0.5845543200663492
last_third_by_subject,S1,blend_extra_trees_rule_0.75,extra_trees,0.5,0.5782346238913855
last_third_by_subject,S1,blend_extra_trees_rule_0.75,extra_trees,0.75,0.5754215214344519
last_third_by_subject,S1,blend_extra_trees_rule_0.75,extra_trees,1.0,0.5830963449892324
last_third_by_subject,S1,model_hist_gradient_boosting,hist_gradient_boosting,0.0,0.6142841097592358
last_third_by_subject,S1,model_hist_gradient_boosting,hist_gradient_boosting,0.15,0.6048445449231233
last_third_by_subject,S1,model_hist_gradient_boosting,hist_gradient_boosting,0.25,0.6008847292739683
last_third_by_subject,S1,model_hist_gradient_boosting,hist_gradient_boosting,0.35,0.5987358908154821
last_third_by_subject,S1,model_hist_gradient_boosting,hist_gradient_boosting,0.5,0.5989590271802093
last_third_by_subject,S1,model_hist_gradient_boosting,hist_gradient_boosting,0.75,0.6095443538353773
last_third_by_subject,S1,model_hist_gradient_boosting,hist_gradient_boosting,1.0,0.6377852966807956
last_third_by_subject,S1,blend_hist_gradient_boosting_rule_0.25,hist_gradient_boosting,0.0,0.6142841097592358
last_third_by_subject,S1,blend_hist_gradient_boosting_rule_0.25,hist_gradient_boosting,0.15,0.5846620109075163
last_third_by_subject,S1,blend_hist_gradient_boosting_rule_0.25,hist_gradient_boosting,0.25,0.5725199077956028
last_third_by_subject,S1,blend_hist_gradient_boosting_rule_0.25,hist_gradient_boosting,0.35,0.5661967301823455
last_third_by_subject,S1,blend_hist_gradient_boosting_rule_0.25,hist_gradient_boosting,0.5,0.5682696506894597
last_third_by_subject,S1,blend_hist_gradient_boosting_rule_0.25,hist_gradient_boosting,0.75,0.6122116534661992
last_third_by_subject,S1,blend_hist_gradient_boosting_rule_0.25,hist_gradient_boosting,1.0,0.775096615167826
last_third_by_subject,S1,blend_hist_gradient_boosting_rule_0.5,hist_gradient_boosting,0.0,0.6142841097592358
last_third_by_subject,S1,blend_hist_gradient_boosting_rule_0.5,hist_gradient_boosting,0.15,0.5904708955972001
last_third_by_subject,S1,blend_hist_gradient_boosting_rule_0.5,hist_gradient_boosting,0.25,0.5795051196089154
last_third_by_subject,S1,blend_hist_gradient_boosting_rule_0.5,hist_gradient_boosting,0.35,0.572251362015921
last_third_by_subject,S1,blend_hist_gradient_boosting_rule_0.5,hist_gradient_boosting,0.5,0.5684664354186765
last_third_by_subject,S1,blend_hist_gradient_boosting_rule_0.5,hist_gradient_boosting,0.75,0.5845217844199673
last_third_by_subject,S1,blend_hist_gradient_boosting_rule_0.5,hist_gradient_boosting,1.0,0.6490356364982239
last_third_by_subject,S1,blend_hist_gradient_boosting_rule_0.75,hist_gradient_boosting,0.0,0.6142841097592358
last_third_by_subject,S1,blend_hist_gradient_boosting_rule_0.75,hist_gradient_boosting,0.15,0.5971929183102368
last_third_by_subject,S1,blend_hist_gradient_boosting_rule_0.75,hist_gradient_boosting,0.25,0.5889495030210901
last_third_by_subject,S1,blend_hist_gradient_boosting_rule_0.75,hist_gradient_boosting,0.35,0.5831032006840736
last_third_by_subject,S1,blend_hist_gradient_boosting_rule_0.75,hist_gradient_boosting,0.5,0.5788543463590121
last_third_by_subject,S1,blend_hist_gradient_boosting_rule_0.75,hist_gradient_boosting,0.75,0.5852633726839599
last_third_by_subject,S1,blend_hist_gradient_boosting_rule_0.75,hist_gradient_boosting,1.0,0.6166141588645515
last_third_by_subject,S1,model_mlp,mlp,0.0,0.6142841097592358
last_third_by_subject,S1,model_mlp,mlp,0.15,0.6085062415388705
last_third_by_subject,S1,model_mlp,mlp,0.25,0.6146423121482751
last_third_by_subject,S1,model_mlp,mlp,0.35,0.6288042699851657
last_third_by_subject,S1,model_mlp,mlp,0.5,0.6671681689327071
last_third_by_subject,S1,model_mlp,mlp,0.75,0.8014735944660304
last_third_by_subject,S1,model_mlp,mlp,1.0,1.476163832260129
last_third_by_subject,S1,blend_mlp_rule_0.25,mlp,0.0,0.6142841097592358
last_third_by_subject,S1,blend_mlp_rule_0.25,mlp,0.15,0.5849381784664998
last_third_by_subject,S1,blend_mlp_rule_0.25,mlp,0.25,0.5740429743177828
last_third_by_subject,S1,blend_mlp_rule_0.25,mlp,0.35,0.569737134268905
last_third_by_subject,S1,blend_mlp_rule_0.25,mlp,0.5,0.5766797254903525
last_third_by_subject,S1,blend_mlp_rule_0.25,mlp,0.75,0.6406026373071644
last_third_by_subject,S1,blend_mlp_rule_0.25,mlp,1.0,1.1537345951833562
last_third_by_subject,S1,blend_mlp_rule_0.5,mlp,0.0,0.6142841097592358
last_third_by_subject,S1,blend_mlp_rule_0.5,mlp,0.15,0.5914709557228811
last_third_by_subject,S1,blend_mlp_rule_0.5,mlp,0.25,0.5838865570804338
last_third_by_subject,S1,blend_mlp_rule_0.5,mlp,0.35,0.5820419394337002
last_third_by_subject,S1,blend_mlp_rule_0.5,mlp,0.5,0.5907780320752337
last_third_by_subject,S1,blend_mlp_rule_0.5,mlp,0.75,0.6491157440830658
last_third_by_subject,S1,blend_mlp_rule_0.5,mlp,1.0,1.0542577801343953
last_third_by_subject,S1,blend_mlp_rule_0.75,mlp,0.0,0.6142841097592358
last_third_by_subject,S1,blend_mlp_rule_0.75,mlp,0.15,0.5993245298749702
last_third_by_subject,S1,blend_mlp_rule_0.75,mlp,0.25,0.5973804773875956
last_third_by_subject,S1,blend_mlp_rule_0.75,mlp,0.35,0.6015475265773781
last_third_by_subject,S1,blend_mlp_rule_0.75,mlp,0.5,0.6200267314733003
last_third_by_subject,S1,blend_mlp_rule_0.75,mlp,0.75,0.6959670857767787
last_third_by_subject,S1,blend_mlp_rule_0.75,mlp,1.0,1.079425370688504
last_third_by_subject,S1,model_lightgbm,lightgbm,0.0,0.6142841097592358
last_third_by_subject,S1,model_lightgbm,lightgbm,0.15,0.6040222998372247
last_third_by_subject,S1,model_lightgbm,lightgbm,0.25,0.598333556035044
last_third_by_subject,S1,model_lightgbm,lightgbm,0.35,0.5935108085106241
last_third_by_subject,S1,model_lightgbm,lightgbm,0.5,0.5878353139751443
last_third_by_subject,S1,model_lightgbm,lightgbm,0.75,0.5824389638139168
last_third_by_subject,S1,model_lightgbm,lightgbm,1.0,0.5822839390918091
last_third_by_subject,S1,blend_lightgbm_rule_0.25,lightgbm,0.0,0.6142841097592358
last_third_by_subject,S1,blend_lightgbm_rule_0.25,lightgbm,0.15,0.5842673843879665
last_third_by_subject,S1,blend_lightgbm_rule_0.25,lightgbm,0.25,0.5713737114500163
last_third_by_subject,S1,blend_lightgbm_rule_0.25,lightgbm,0.35,0.5638745901178699
last_third_by_subject,S1,blend_lightgbm_rule_0.25,lightgbm,0.5,0.5631419275140642
last_third_by_subject,S1,blend_lightgbm_rule_0.25,lightgbm,0.75,0.5968949786479911
last_third_by_subject,S1,blend_lightgbm_rule_0.25,lightgbm,1.0,0.7143366799586857
last_third_by_subject,S1,blend_lightgbm_rule_0.5,lightgbm,0.0,0.6142841097592358
last_third_by_subject,S1,blend_lightgbm_rule_0.5,lightgbm,0.15,0.5898042732915616
last_third_by_subject,S1,blend_lightgbm_rule_0.5,lightgbm,0.25,0.5775500838409477
last_third_by_subject,S1,blend_lightgbm_rule_0.5,lightgbm,0.35,0.5683159583892704
last_third_by_subject,S1,blend_lightgbm_rule_0.5,lightgbm,0.5,0.5600420372566974
last_third_by_subject,S1,blend_lightgbm_rule_0.5,lightgbm,0.75,0.5623306481526726
last_third_by_subject,S1,blend_lightgbm_rule_0.5,lightgbm,1.0,0.5914550730161023
last_third_by_subject,S1,blend_lightgbm_rule_0.75,lightgbm,0.0,0.6142841097592358
last_third_by_subject,S1,blend_lightgbm_rule_0.75,lightgbm,0.15,0.5963815011618184
last_third_by_subject,S1,blend_lightgbm_rule_0.75,lightgbm,0.25,0.5865221060760825
last_third_by_subject,S1,blend_lightgbm_rule_0.75,lightgbm,0.35,0.5782048954040239
last_third_by_subject,S1,blend_lightgbm_rule_0.75,lightgbm,0.5,0.5685107906733059
last_third_by_subject,S1,blend_lightgbm_rule_0.75,lightgbm,0.75,0.5597935395787799
last_third_by_subject,S1,blend_lightgbm_rule_0.75,lightgbm,1.0,0.5614393763504538
last_third_by_subject,S1,model_catboost,catboost,0.0,0.6142841097592358
last_third_by_subject,S1,model_catboost,catboost,0.15,0.6064889824122998
last_third_by_subject,S1,model_catboost,catboost,0.25,0.6021752848974989
last_third_by_subject,S1,model_catboost,catboost,0.35,0.5985249663479311
last_third_by_subject,S1,model_catboost,catboost,0.5,0.5942372841651533
last_third_by_subject,S1,model_catboost,catboost,0.75,0.590136946315803
last_third_by_subject,S1,model_catboost,catboost,1.0,0.5898128088839458
last_third_by_subject,S1,blend_catboost_rule_0.25,catboost,0.0,0.6142841097592358
last_third_by_subject,S1,blend_catboost_rule_0.25,catboost,0.15,0.5849263467107414
last_third_by_subject,S1,blend_catboost_rule_0.25,catboost,0.25,0.5724604689704861
last_third_by_subject,S1,blend_catboost_rule_0.25,catboost,0.35,0.5653908504245626
last_third_by_subject,S1,blend_catboost_rule_0.25,catboost,0.5,0.5653179789580655
last_third_by_subject,S1,blend_catboost_rule_0.25,catboost,0.75,0.6001733243675318
last_third_by_subject,S1,blend_catboost_rule_0.25,catboost,1.0,0.7170602372611468
last_third_by_subject,S1,blend_catboost_rule_0.5,catboost,0.0,0.6142841097592358
last_third_by_subject,S1,blend_catboost_rule_0.5,catboost,0.15,0.5910881203679316
last_third_by_subject,S1,blend_catboost_rule_0.5,catboost,0.25,0.5796125116659601
last_third_by_subject,S1,blend_catboost_rule_0.5,catboost,0.35,0.5710992916320641
last_third_by_subject,S1,blend_catboost_rule_0.5,catboost,0.5,0.563788337530994
last_third_by_subject,S1,blend_catboost_rule_0.5,catboost,0.75,0.5672010533115088
last_third_by_subject,S1,blend_catboost_rule_0.5,catboost,1.0,0.5958484777900412
last_third_by_subject,S1,blend_catboost_rule_0.75,catboost,0.0,0.6142841097592358
last_third_by_subject,S1,blend_catboost_rule_0.75,catboost,0.15,0.5982653422110664
last_third_by_subject,S1,blend_catboost_rule_0.75,catboost,0.25,0.5894924863250328
last_third_by_subject,S1,blend_catboost_rule_0.75,catboost,0.35,0.5821298663716553
last_third_by_subject,S1,blend_catboost_rule_0.75,catboost,0.5,0.5736130266159594
last_third_by_subject,S1,blend_catboost_rule_0.75,catboost,0.75,0.5660768315174838
last_third_by_subject,S1,blend_catboost_rule_0.75,catboost,1.0,0.5674903831666397
last_third_by_subject,S1,meta_rule_extra_trees,extra_trees,0.0,0.6142841097592358
last_third_by_subject,S1,meta_rule_extra_trees,extra_trees,0.15,0.6064413318356895
last_third_by_subject,S1,meta_rule_extra_trees,extra_trees,0.25,0.603248107645236
last_third_by_subject,S1,meta_rule_extra_trees,extra_trees,0.35,0.6015369843680466
last_third_by_subject,S1,meta_rule_extra_trees,extra_trees,0.5,0.6015741380113632
last_third_by_subject,S1,meta_rule_extra_trees,extra_trees,0.75,0.6082522734284882
last_third_by_subject,S1,meta_rule_extra_trees,extra_trees,1.0,0.6232679814252122
last_third_by_subject,S1,meta_rule_lightgbm,lightgbm,0.0,0.6142841097592358
last_third_by_subject,S1,meta_rule_lightgbm,lightgbm,0.15,0.6037727134577922
last_third_by_subject,S1,meta_rule_lightgbm,lightgbm,0.25,0.5979044374194318
last_third_by_subject,S1,meta_rule_lightgbm,lightgbm,0.35,0.5928963277145015
last_third_by_subject,S1,meta_rule_lightgbm,lightgbm,0.5,0.5869361359351771
last_third_by_subject,S1,meta_rule_lightgbm,lightgbm,0.75,0.5810474514976116
last_third_by_subject,S1,meta_rule_lightgbm,lightgbm,1.0,0.5803407968108752
last_third_by_subject,S1,meta_rule_catboost,catboost,0.0,0.6142841097592358
last_third_by_subject,S1,meta_rule_catboost,catboost,0.15,0.6042822231896259
last_third_by_subject,S1,meta_rule_catboost,catboost,0.25,0.5984058826310431
last_third_by_subject,S1,meta_rule_catboost,catboost,0.35,0.5931182672260684
last_third_by_subject,S1,meta_rule_catboost,catboost,0.5,0.5862283779704162
last_third_by_subject,S1,meta_rule_catboost,catboost,0.75,0.5773612022550467
last_third_by_subject,S1,meta_rule_catboost,catboost,1.0,0.571630602798794
last_third_by_subject,S1,meta_rule_hist_gradient_boosting,hist_gradient_boosting,0.0,0.6142841097592358
last_third_by_subject,S1,meta_rule_hist_gradient_boosting,hist_gradient_boosting,0.15,0.6048445449231233
last_third_by_subject,S1,meta_rule_hist_gradient_boosting,hist_gradient_boosting,0.25,0.6008847292739683
last_third_by_subject,S1,meta_rule_hist_gradient_boosting,hist_gradient_boosting,0.35,0.5987358908154821
last_third_by_subject,S1,meta_rule_hist_gradient_boosting,hist_gradient_boosting,0.5,0.5989590271802093
last_third_by_subject,S1,meta_rule_hist_gradient_boosting,hist_gradient_boosting,0.75,0.6095443538353773
last_third_by_subject,S1,meta_rule_hist_gradient_boosting,hist_gradient_boosting,1.0,0.6377852966807956
last_third_by_subject,S2,history_blend,history,1.0,0.6345174451890409
last_third_by_subject,S2,rule_subject_strategy_tuned,rule,0.0,0.6649877725757857
last_third_by_subject,S2,rule_subject_strategy_tuned,rule,0.15,0.6640228663459603
last_third_by_subject,S2,rule_subject_strategy_tuned,rule,0.25,0.6749017414794899
last_third_by_subject,S2,rule_subject_strategy_tuned,rule,0.35,0.6958337100536994
last_third_by_subject,S2,rule_subject_strategy_tuned,rule,0.5,0.7505365443836434
last_third_by_subject,S2,rule_subject_strategy_tuned,rule,0.75,0.9519132273000327
last_third_by_subject,S2,rule_subject_strategy_tuned,rule,1.0,3.635721202490829
last_third_by_subject,S2,model_logistic_regression,logistic_regression,0.0,0.6649877725757857
last_third_by_subject,S2,model_logistic_regression,logistic_regression,0.15,0.643809410478318
last_third_by_subject,S2,model_logistic_regression,logistic_regression,0.25,0.6404808765239883
last_third_by_subject,S2,model_logistic_regression,logistic_regression,0.35,0.6454863638107802
last_third_by_subject,S2,model_logistic_regression,logistic_regression,0.5,0.670211800904802
last_third_by_subject,S2,model_logistic_regression,logistic_regression,0.75,0.7804978634502241
last_third_by_subject,S2,model_logistic_regression,logistic_regression,1.0,1.6074166093774982
last_third_by_subject,S2,blend_logistic_regression_rule_0.25,logistic_regression,0.0,0.6649877725757857
last_third_by_subject,S2,blend_logistic_regression_rule_0.25,logistic_regression,0.15,0.6557579932153663
last_third_by_subject,S2,blend_logistic_regression_rule_0.25,logistic_regression,0.25,0.6572734525709819
last_third_by_subject,S2,blend_logistic_regression_rule_0.25,logistic_regression,0.35,0.6650298573064871
last_third_by_subject,S2,blend_logistic_regression_rule_0.25,logistic_regression,0.5,0.6901005977793253
last_third_by_subject,S2,blend_logistic_regression_rule_0.25,logistic_regression,0.75,0.7880392649137891
last_third_by_subject,S2,blend_logistic_regression_rule_0.25,logistic_regression,1.0,1.5365240582789748
last_third_by_subject,S2,blend_logistic_regression_rule_0.5,logistic_regression,0.0,0.6649877725757857
last_third_by_subject,S2,blend_logistic_regression_rule_0.5,logistic_regression,0.15,0.64978143782568
last_third_by_subject,S2,blend_logistic_regression_rule_0.5,logistic_regression,0.25,0.6463475919280922
last_third_by_subject,S2,blend_logistic_regression_rule_0.5,logistic_regression,0.35,0.6483130227589714
last_third_by_subject,S2,blend_logistic_regression_rule_0.5,logistic_regression,0.5,0.6627848756168527
last_third_by_subject,S2,blend_logistic_regression_rule_0.5,logistic_regression,0.75,0.7347633470421586
last_third_by_subject,S2,blend_logistic_regression_rule_0.5,logistic_regression,1.0,1.3571093163581587
last_third_by_subject,S2,blend_logistic_regression_rule_0.75,logistic_regression,0.0,0.6649877725757857
last_third_by_subject,S2,blend_logistic_regression_rule_0.75,logistic_regression,0.15,0.6458495362126103
last_third_by_subject,S2,blend_logistic_regression_rule_0.75,logistic_regression,0.25,0.6409305782830227
last_third_by_subject,S2,blend_logistic_regression_rule_0.75,logistic_regression,0.35,0.642166354879067
last_third_by_subject,S2,blend_logistic_regression_rule_0.75,logistic_regression,0.5,0.6567255180194362
last_third_by_subject,S2,blend_logistic_regression_rule_0.75,logistic_regression,0.75,0.7307396263785755
last_third_by_subject,S2,blend_logistic_regression_rule_0.75,logistic_regression,1.0,1.3110623055456194
last_third_by_subject,S2,model_linear_svc,linear_svc,0.0,0.6649877725757857
last_third_by_subject,S2,model_linear_svc,linear_svc,0.15,0.6489719409359909
last_third_by_subject,S2,model_linear_svc,linear_svc,0.25,0.6468917018337291
last_third_by_subject,S2,model_linear_svc,linear_svc,0.35,0.6513486919224032
last_third_by_subject,S2,model_linear_svc,linear_svc,0.5,0.6711026753558793
last_third_by_subject,S2,model_linear_svc,linear_svc,0.75,0.7521833588359559
last_third_by_subject,S2,model_linear_svc,linear_svc,1.0,1.0869042179513704
last_third_by_subject,S2,blend_linear_svc_rule_0.25,linear_svc,0.0,0.6649877725757857
last_third_by_subject,S2,blend_linear_svc_rule_0.25,linear_svc,0.15,0.6571640664307573
last_third_by_subject,S2,blend_linear_svc_rule_0.25,linear_svc,0.25,0.6591010205226787
last_third_by_subject,S2,blend_linear_svc_rule_0.25,linear_svc,0.35,0.6667553950146202
last_third_by_subject,S2,blend_linear_svc_rule_0.25,linear_svc,0.5,0.6902409298105714
last_third_by_subject,S2,blend_linear_svc_rule_0.25,linear_svc,0.75,0.7765787084435407
last_third_by_subject,S2,blend_linear_svc_rule_0.25,linear_svc,1.0,1.1664858860029657
last_third_by_subject,S2,blend_linear_svc_rule_0.5,linear_svc,0.0,0.6649877725757857
last_third_by_subject,S2,blend_linear_svc_rule_0.5,linear_svc,0.15,0.6524980427260408
last_third_by_subject,S2,blend_linear_svc_rule_0.5,linear_svc,0.25,0.6497831250183732
last_third_by_subject,S2,blend_linear_svc_rule_0.5,linear_svc,0.35,0.6514429427236236
last_third_by_subject,S2,blend_linear_svc_rule_0.5,linear_svc,0.5,0.662901858038019
last_third_by_subject,S2,blend_linear_svc_rule_0.5,linear_svc,0.75,0.7162923416313701
last_third_by_subject,S2,blend_linear_svc_rule_0.5,linear_svc,1.0,0.9770576228522231
last_third_by_subject,S2,blend_linear_svc_rule_0.75,linear_svc,0.0,0.6649877725757857
last_third_by_subject,S2,blend_linear_svc_rule_0.75,linear_svc,0.15,0.6498137691791326
last_third_by_subject,S2,blend_linear_svc_rule_0.75,linear_svc,0.25,0.6458893449260508
last_third_by_subject,S2,blend_linear_svc_rule_0.75,linear_svc,0.35,0.6466998019874177
last_third_by_subject,S2,blend_linear_svc_rule_0.75,linear_svc,0.5,0.6573147423441532
last_third_by_subject,S2,blend_linear_svc_rule_0.75,linear_svc,0.75,0.708645830009731
last_third_by_subject,S2,blend_linear_svc_rule_0.75,linear_svc,1.0,0.9324775039586048
last_third_by_subject,S2,model_svc_rbf,svc_rbf,0.0,0.6649877725757857
last_third_by_subject,S2,model_svc_rbf,svc_rbf,0.15,0.6528239659297002
last_third_by_subject,S2,model_svc_rbf,svc_rbf,0.25,0.6461394506398662
last_third_by_subject,S2,model_svc_rbf,svc_rbf,0.35,0.6405322681375614
last_third_by_subject,S2,model_svc_rbf,svc_rbf,0.5,0.6340830376492788
last_third_by_subject,S2,model_svc_rbf,svc_rbf,0.75,0.6285880435637491
last_third_by_subject,S2,model_svc_rbf,svc_rbf,1.0,0.6302825858351246
last_third_by_subject,S2,blend_svc_rbf_rule_0.25,svc_rbf,0.0,0.6649877725757857
last_third_by_subject,S2,blend_svc_rbf_rule_0.25,svc_rbf,0.15,0.6595246163439094
last_third_by_subject,S2,blend_svc_rbf_rule_0.25,svc_rbf,0.25,0.6628175631843687
last_third_by_subject,S2,blend_svc_rbf_rule_0.25,svc_rbf,0.35,0.6717502743445726
last_third_by_subject,S2,blend_svc_rbf_rule_0.25,svc_rbf,0.5,0.6968295911763156
last_third_by_subject,S2,blend_svc_rbf_rule_0.25,svc_rbf,0.75,0.7802631851765195
last_third_by_subject,S2,blend_svc_rbf_rule_0.25,svc_rbf,1.0,0.9700851249305199
last_third_by_subject,S2,blend_svc_rbf_rule_0.5,svc_rbf,0.0,0.6649877725757857
last_third_by_subject,S2,blend_svc_rbf_rule_0.5,svc_rbf,0.15,0.6561846387299641
last_third_by_subject,S2,blend_svc_rbf_rule_0.5,svc_rbf,0.25,0.654173040840783
last_third_by_subject,S2,blend_svc_rbf_rule_0.5,svc_rbf,0.35,0.6551660876961529
last_third_by_subject,S2,blend_svc_rbf_rule_0.5,svc_rbf,0.5,0.6624661453009856
last_third_by_subject,S2,blend_svc_rbf_rule_0.5,svc_rbf,0.75,0.692499113043351
last_third_by_subject,S2,blend_svc_rbf_rule_0.5,svc_rbf,1.0,0.7551778848573697
last_third_by_subject,S2,blend_svc_rbf_rule_0.75,svc_rbf,0.0,0.6649877725757857
last_third_by_subject,S2,blend_svc_rbf_rule_0.75,svc_rbf,0.15,0.6539598972583911
last_third_by_subject,S2,blend_svc_rbf_rule_0.75,svc_rbf,0.25,0.6486696610379075
last_third_by_subject,S2,blend_svc_rbf_rule_0.75,svc_rbf,0.35,0.6449544391807517
last_third_by_subject,S2,blend_svc_rbf_rule_0.75,svc_rbf,0.5,0.6423133064194743
last_third_by_subject,S2,blend_svc_rbf_rule_0.75,svc_rbf,0.75,0.6461838241501754
last_third_by_subject,S2,blend_svc_rbf_rule_0.75,svc_rbf,1.0,0.6627105067590641
last_third_by_subject,S2,model_random_forest,random_forest,0.0,0.6649877725757857
last_third_by_subject,S2,model_random_forest,random_forest,0.15,0.6501826711026498
last_third_by_subject,S2,model_random_forest,random_forest,0.25,0.6421061713485304
last_third_by_subject,S2,model_random_forest,random_forest,0.35,0.6353650607657956
last_third_by_subject,S2,model_random_forest,random_forest,0.5,0.6276536393277014
last_third_by_subject,S2,model_random_forest,random_forest,0.75,0.6211435082966016
last_third_by_subject,S2,model_random_forest,random_forest,1.0,0.6232744948759911
last_third_by_subject,S2,blend_random_forest_rule_0.25,random_forest,0.0,0.6649877725757857
last_third_by_subject,S2,blend_random_forest_rule_0.25,random_forest,0.15,0.6587348050163705
last_third_by_subject,S2,blend_random_forest_rule_0.25,random_forest,0.25,0.661374265436514
last_third_by_subject,S2,blend_random_forest_rule_0.25,random_forest,0.35,0.6694652778282448
last_third_by_subject,S2,blend_random_forest_rule_0.25,random_forest,0.5,0.6927462048667303
last_third_by_subject,S2,blend_random_forest_rule_0.25,random_forest,0.75,0.7705973859415919
last_third_by_subject,S2,blend_random_forest_rule_0.25,random_forest,1.0,0.9468091667788466
last_third_by_subject,S2,blend_random_forest_rule_0.5,random_forest,0.0,0.6649877725757857
last_third_by_subject,S2,blend_random_forest_rule_0.5,random_forest,0.15,0.65470972934417
last_third_by_subject,S2,blend_random_forest_rule_0.5,random_forest,0.25,0.6516586539660136
last_third_by_subject,S2,blend_random_forest_rule_0.5,random_forest,0.35,0.6514861989251701
last_third_by_subject,S2,blend_random_forest_rule_0.5,random_forest,0.5,0.6566762794070492
last_third_by_subject,S2,blend_random_forest_rule_0.5,random_forest,0.75,0.6817584758236256
last_third_by_subject,S2,blend_random_forest_rule_0.5,random_forest,1.0,0.7370031663855289
last_third_by_subject,S2,blend_random_forest_rule_0.75,random_forest,0.0,0.6649877725757857
last_third_by_subject,S2,blend_random_forest_rule_0.75,random_forest,0.15,0.6518768931637983
last_third_by_subject,S2,blend_random_forest_rule_0.75,random_forest,0.25,0.6453300086552299
last_third_by_subject,S2,blend_random_forest_rule_0.75,random_forest,0.35,0.6404092222915194
last_third_by_subject,S2,blend_random_forest_rule_0.75,random_forest,0.5,0.6359849695291924
last_third_by_subject,S2,blend_random_forest_rule_0.75,random_forest,0.75,0.6367857154430134
last_third_by_subject,S2,blend_random_forest_rule_0.75,random_forest,1.0,0.6501594759709273
last_third_by_subject,S2,model_extra_trees,extra_trees,0.0,0.6649877725757857
last_third_by_subject,S2,model_extra_trees,extra_trees,0.15,0.6512556740585504
last_third_by_subject,S2,model_extra_trees,extra_trees,0.25,0.6440000653779174
last_third_by_subject,S2,model_extra_trees,extra_trees,0.35,0.6381447395160884
last_third_by_subject,S2,model_extra_trees,extra_trees,0.5,0.6318658623936547
last_third_by_subject,S2,model_extra_trees,extra_trees,0.75,0.6280231083984754
last_third_by_subject,S2,model_extra_trees,extra_trees,1.0,0.6333864287526086
last_third_by_subject,S2,blend_extra_trees_rule_0.25,extra_trees,0.0,0.6649877725757857
last_third_by_subject,S2,blend_extra_trees_rule_0.25,extra_trees,0.15,0.6588880839797236
last_third_by_subject,S2,blend_extra_trees_rule_0.25,extra_trees,0.25,0.6615151771481124
last_third_by_subject,S2,blend_extra_trees_rule_0.25,extra_trees,0.35,0.6694776843331669
last_third_by_subject,S2,blend_extra_trees_rule_0.25,extra_trees,0.5,0.6922816261409283
last_third_by_subject,S2,blend_extra_trees_rule_0.25,extra_trees,0.75,0.7680793725983771
last_third_by_subject,S2,blend_extra_trees_rule_0.25,extra_trees,1.0,0.9381818097727577
last_third_by_subject,S2,blend_extra_trees_rule_0.5,extra_trees,0.0,0.6649877725757857
last_third_by_subject,S2,blend_extra_trees_rule_0.5,extra_trees,0.15,0.6550962310658204
last_third_by_subject,S2,blend_extra_trees_rule_0.5,extra_trees,0.25,0.6521799485732166
last_third_by_subject,S2,blend_extra_trees_rule_0.5,extra_trees,0.35,0.6520232062370742
last_third_by_subject,S2,blend_extra_trees_rule_0.5,extra_trees,0.5,0.6569745914340244
last_third_by_subject,S2,blend_extra_trees_rule_0.5,extra_trees,0.75,0.6807631993322162
last_third_by_subject,S2,blend_extra_trees_rule_0.5,extra_trees,1.0,0.7331384311190196
last_third_by_subject,S2,blend_extra_trees_rule_0.75,extra_trees,0.0,0.6649877725757857
last_third_by_subject,S2,blend_extra_trees_rule_0.75,extra_trees,0.15,0.6525711877059472
last_third_by_subject,S2,blend_extra_trees_rule_0.75,extra_trees,0.25,0.6464410513588256
last_third_by_subject,S2,blend_extra_trees_rule_0.75,extra_trees,0.35,0.6418830025411278
last_third_by_subject,S2,blend_extra_trees_rule_0.75,extra_trees,0.5,0.6378809729888667
last_third_by_subject,S2,blend_extra_trees_rule_0.75,extra_trees,0.75,0.6390072069409776
last_third_by_subject,S2,blend_extra_trees_rule_0.75,extra_trees,1.0,0.6522398645646782
last_third_by_subject,S2,model_hist_gradient_boosting,hist_gradient_boosting,0.0,0.6649877725757857
last_third_by_subject,S2,model_hist_gradient_boosting,hist_gradient_boosting,0.15,0.6523017495594176
last_third_by_subject,S2,model_hist_gradient_boosting,hist_gradient_boosting,0.25,0.6463253474904606
last_third_by_subject,S2,model_hist_gradient_boosting,hist_gradient_boosting,0.35,0.6422791009671052
last_third_by_subject,S2,model_hist_gradient_boosting,hist_gradient_boosting,0.5,0.6399117496012923
last_third_by_subject,S2,model_hist_gradient_boosting,hist_gradient_boosting,0.75,0.6471908085585841
last_third_by_subject,S2,model_hist_gradient_boosting,hist_gradient_boosting,1.0,0.6755588955869765
last_third_by_subject,S2,blend_hist_gradient_boosting_rule_0.25,hist_gradient_boosting,0.0,0.6649877725757857
last_third_by_subject,S2,blend_hist_gradient_boosting_rule_0.25,hist_gradient_boosting,0.15,0.65955740735859
last_third_by_subject,S2,blend_hist_gradient_boosting_rule_0.25,hist_gradient_boosting,0.25,0.6633695535970149
last_third_by_subject,S2,blend_hist_gradient_boosting_rule_0.25,hist_gradient_boosting,0.35,0.6733111041035901
last_third_by_subject,S2,blend_hist_gradient_boosting_rule_0.25,hist_gradient_boosting,0.5,0.7011681895417258
last_third_by_subject,S2,blend_hist_gradient_boosting_rule_0.25,hist_gradient_boosting,0.75,0.7959846347524424
last_third_by_subject,S2,blend_hist_gradient_boosting_rule_0.25,hist_gradient_boosting,1.0,1.041377217957903
last_third_by_subject,S2,blend_hist_gradient_boosting_rule_0.5,hist_gradient_boosting,0.0,0.6649877725757857
last_third_by_subject,S2,blend_hist_gradient_boosting_rule_0.5,hist_gradient_boosting,0.15,0.6561347758344475
last_third_by_subject,S2,blend_hist_gradient_boosting_rule_0.5,hist_gradient_boosting,0.25,0.6549033342688777
last_third_by_subject,S2,blend_hist_gradient_boosting_rule_0.5,hist_gradient_boosting,0.35,0.6574143982990467
last_third_by_subject,S2,blend_hist_gradient_boosting_rule_0.5,hist_gradient_boosting,0.5,0.668707231827775
last_third_by_subject,S2,blend_hist_gradient_boosting_rule_0.5,hist_gradient_boosting,0.75,0.7127877789805444
last_third_by_subject,S2,blend_hist_gradient_boosting_rule_0.5,hist_gradient_boosting,1.0,0.8170383880030442
last_third_by_subject,S2,blend_hist_gradient_boosting_rule_0.75,hist_gradient_boosting,0.0,0.6649877725757857
last_third_by_subject,S2,blend_hist_gradient_boosting_rule_0.75,hist_gradient_boosting,0.15,0.6537212969274321
last_third_by_subject,S2,blend_hist_gradient_boosting_rule_0.75,hist_gradient_boosting,0.25,0.649257512365068
last_third_by_subject,S2,blend_hist_gradient_boosting_rule_0.75,hist_gradient_boosting,0.35,0.6472005914247497
last_third_by_subject,S2,blend_hist_gradient_boosting_rule_0.75,hist_gradient_boosting,0.5,0.6488272056477676
last_third_by_subject,S2,blend_hist_gradient_boosting_rule_0.75,hist_gradient_boosting,0.75,0.666441881411985
last_third_by_subject,S2,blend_hist_gradient_boosting_rule_0.75,hist_gradient_boosting,1.0,0.7151114234539057
last_third_by_subject,S2,model_mlp,mlp,0.0,0.6649877725757857
last_third_by_subject,S2,model_mlp,mlp,0.15,0.6352533614776628
last_third_by_subject,S2,model_mlp,mlp,0.25,0.6258411153871
last_third_by_subject,S2,model_mlp,mlp,0.35,0.6244964688743962
last_third_by_subject,S2,model_mlp,mlp,0.5,0.6391444142738079
last_third_by_subject,S2,model_mlp,mlp,0.75,0.7301625847310752
last_third_by_subject,S2,model_mlp,mlp,1.0,1.466832159162547
last_third_by_subject,S2,blend_mlp_rule_0.25,mlp,0.0,0.6649877725757857
last_third_by_subject,S2,blend_mlp_rule_0.25,mlp,0.15,0.6540390071811928
last_third_by_subject,S2,blend_mlp_rule_0.25,mlp,0.25,0.6547720148289119
last_third_by_subject,S2,blend_mlp_rule_0.25,mlp,0.35,0.6620669436629268
last_third_by_subject,S2,blend_mlp_rule_0.25,mlp,0.5,0.6871656907281685
last_third_by_subject,S2,blend_mlp_rule_0.25,mlp,0.75,0.7882804031777922
last_third_by_subject,S2,blend_mlp_rule_0.25,mlp,1.0,1.5453042757689663
last_third_by_subject,S2,blend_mlp_rule_0.5,mlp,0.0,0.6649877725757857
last_third_by_subject,S2,blend_mlp_rule_0.5,mlp,0.15,0.6460401817854174
last_third_by_subject,S2,blend_mlp_rule_0.5,mlp,0.25,0.6404740079034766
last_third_by_subject,S2,blend_mlp_rule_0.5,mlp,0.35,0.6406135173412724
last_third_by_subject,S2,blend_mlp_rule_0.5,mlp,0.5,0.6530200048441311
last_third_by_subject,S2,blend_mlp_rule_0.5,mlp,0.75,0.724499686166754
last_third_by_subject,S2,blend_mlp_rule_0.5,mlp,1.0,1.3389521905493338
last_third_by_subject,S2,blend_mlp_rule_0.75,mlp,0.0,0.6649877725757857
last_third_by_subject,S2,blend_mlp_rule_0.75,mlp,0.15,0.639819914106084
last_third_by_subject,S2,blend_mlp_rule_0.75,mlp,0.25,0.6309779310246975
last_third_by_subject,S2,blend_mlp_rule_0.75,mlp,0.35,0.6283919837252687
last_third_by_subject,S2,blend_mlp_rule_0.75,mlp,0.5,0.6374928501258617
last_third_by_subject,S2,blend_mlp_rule_0.75,mlp,0.75,0.7040777546947452
last_third_by_subject,S2,blend_mlp_rule_0.75,mlp,1.0,1.2614493842203756
last_third_by_subject,S2,model_lightgbm,lightgbm,0.0,0.6649877725757857
last_third_by_subject,S2,model_lightgbm,lightgbm,0.15,0.6521857767367732
last_third_by_subject,S2,model_lightgbm,lightgbm,0.25,0.6455441794642575
last_third_by_subject,S2,model_lightgbm,lightgbm,0.35,0.6403473408412798
last_third_by_subject,S2,model_lightgbm,lightgbm,0.5,0.6352340338382091
last_third_by_subject,S2,model_lightgbm,lightgbm,0.75,0.6342403492280543
last_third_by_subject,S2,model_lightgbm,lightgbm,1.0,0.6446993730291057
last_third_by_subject,S2,blend_lightgbm_rule_0.25,lightgbm,0.0,0.6649877725757857
last_third_by_subject,S2,blend_lightgbm_rule_0.25,lightgbm,0.15,0.6595273337816362
last_third_by_subject,S2,blend_lightgbm_rule_0.25,lightgbm,0.25,0.6631440487164163
last_third_by_subject,S2,blend_lightgbm_rule_0.25,lightgbm,0.35,0.6727076486443542
last_third_by_subject,S2,blend_lightgbm_rule_0.25,lightgbm,0.5,0.699505465439764
last_third_by_subject,S2,blend_lightgbm_rule_0.25,lightgbm,0.75,0.7897343440838542
last_third_by_subject,S2,blend_lightgbm_rule_0.25,lightgbm,1.0,1.0072592387607076
last_third_by_subject,S2,blend_lightgbm_rule_0.5,lightgbm,0.0,0.6649877725757857
last_third_by_subject,S2,blend_lightgbm_rule_0.5,lightgbm,0.15,0.6560774391901502
last_third_by_subject,S2,blend_lightgbm_rule_0.5,lightgbm,0.25,0.6544836738927714
last_third_by_subject,S2,blend_lightgbm_rule_0.5,lightgbm,0.35,0.6563253499718616
last_third_by_subject,S2,blend_lightgbm_rule_0.5,lightgbm,0.5,0.665869756499562
last_third_by_subject,S2,blend_lightgbm_rule_0.5,lightgbm,0.75,0.7035706993124524
last_third_by_subject,S2,blend_lightgbm_rule_0.5,lightgbm,1.0,0.7856076313647467
last_third_by_subject,S2,blend_lightgbm_rule_0.75,lightgbm,0.0,0.6649877725757857
last_third_by_subject,S2,blend_lightgbm_rule_0.75,lightgbm,0.15,0.6536369831007678
last_third_by_subject,S2,blend_lightgbm_rule_0.75,lightgbm,0.25,0.6486620168792726
last_third_by_subject,S2,blend_lightgbm_rule_0.75,lightgbm,0.35,0.6456989391306593
last_third_by_subject,S2,blend_lightgbm_rule_0.75,lightgbm,0.5,0.6450924951265435
last_third_by_subject,S2,blend_lightgbm_rule_0.75,lightgbm,0.75,0.6554977211275341
last_third_by_subject,S2,blend_lightgbm_rule_0.75,lightgbm,1.0,0.6854786921815803
last_third_by_subject,S2,model_catboost,catboost,0.0,0.6649877725757857
last_third_by_subject,S2,model_catboost,catboost,0.15,0.653792465694261
last_third_by_subject,S2,model_catboost,catboost,0.25,0.6475241402178615
last_third_by_subject,S2,model_catboost,catboost,0.35,0.6421494158054185
last_third_by_subject,S2,model_catboost,catboost,0.5,0.6356971545740533
last_third_by_subject,S2,model_catboost,catboost,0.75,0.6291910543373402
last_third_by_subject,S2,model_catboost,catboost,1.0,0.6283799082323432
last_third_by_subject,S2,blend_catboost_rule_0.25,catboost,0.0,0.6649877725757857
last_third_by_subject,S2,blend_catboost_rule_0.25,catboost,0.15,0.659893519172289
last_third_by_subject,S2,blend_catboost_rule_0.25,catboost,0.25,0.6635074733651289
last_third_by_subject,S2,blend_catboost_rule_0.25,catboost,0.35,0.6728183167323525
last_third_by_subject,S2,blend_catboost_rule_0.25,catboost,0.5,0.6985734262692025
last_third_by_subject,S2,blend_catboost_rule_0.25,catboost,0.75,0.78335838928299
last_third_by_subject,S2,blend_catboost_rule_0.25,catboost,1.0,0.9724527737960427
last_third_by_subject,S2,blend_catboost_rule_0.5,catboost,0.0,0.6649877725757857
last_third_by_subject,S2,blend_catboost_rule_0.5,catboost,0.15,0.6568341038733028
last_third_by_subject,S2,blend_catboost_rule_0.5,catboost,0.25,0.6553017039284029
last_third_by_subject,S2,blend_catboost_rule_0.5,catboost,0.35,0.6567885320441454
last_third_by_subject,S2,blend_catboost_rule_0.5,catboost,0.5,0.6648081071459663
last_third_by_subject,S2,blend_catboost_rule_0.5,catboost,0.75,0.6956598393412865
last_third_by_subject,S2,blend_catboost_rule_0.5,catboost,1.0,0.7570929250899954
last_third_by_subject,S2,blend_catboost_rule_0.75,catboost,0.0,0.6649877725757857
last_third_by_subject,S2,blend_catboost_rule_0.75,catboost,0.15,0.6548082405474517
last_third_by_subject,S2,blend_catboost_rule_0.75,catboost,0.25,0.6500257142063512
last_third_by_subject,S2,blend_catboost_rule_0.75,catboost,0.35,0.6467499440890158
last_third_by_subject,S2,blend_catboost_rule_0.75,catboost,0.5,0.6445935145685905
last_third_by_subject,S2,blend_catboost_rule_0.75,catboost,0.75,0.6485577452877173
last_third_by_subject,S2,blend_catboost_rule_0.75,catboost,1.0,0.6635065466336851
last_third_by_subject,S2,meta_rule_extra_trees,extra_trees,0.0,0.6649877725757857
last_third_by_subject,S2,meta_rule_extra_trees,extra_trees,0.15,0.6505917699206701
last_third_by_subject,S2,meta_rule_extra_trees,extra_trees,0.25,0.6428538984595423
last_third_by_subject,S2,meta_rule_extra_trees,extra_trees,0.35,0.6364887708363718
last_third_by_subject,S2,meta_rule_extra_trees,extra_trees,0.5,0.6293963787760302
last_third_by_subject,S2,meta_rule_extra_trees,extra_trees,0.75,0.6240559332048248
last_third_by_subject,S2,meta_rule_extra_trees,extra_trees,1.0,0.6276551510874893
last_third_by_subject,S2,meta_rule_lightgbm,lightgbm,0.0,0.6649877725757857
last_third_by_subject,S2,meta_rule_lightgbm,lightgbm,0.15,0.651339282054144
last_third_by_subject,S2,meta_rule_lightgbm,lightgbm,0.25,0.6440808962028656
last_third_by_subject,S2,meta_rule_lightgbm,lightgbm,0.35,0.6382233183317318
last_third_by_subject,S2,meta_rule_lightgbm,lightgbm,0.5,0.6320263960217155
last_third_by_subject,S2,meta_rule_lightgbm,lightgbm,0.75,0.6289060391958795
last_third_by_subject,S2,meta_rule_lightgbm,lightgbm,1.0,0.6365672874995973
last_third_by_subject,S2,meta_rule_catboost,catboost,0.0,0.6649877725757857
last_third_by_subject,S2,meta_rule_catboost,catboost,0.15,0.652468204429725
last_third_by_subject,S2,meta_rule_catboost,catboost,0.25,0.6452905608867908
last_third_by_subject,S2,meta_rule_catboost,catboost,0.35,0.6389795265395396
last_third_by_subject,S2,meta_rule_catboost,catboost,0.5,0.6310594137437434
last_third_by_subject,S2,meta_rule_catboost,catboost,0.75,0.6218660147858845
last_third_by_subject,S2,meta_rule_catboost,catboost,1.0,0.6178502935650247
last_third_by_subject,S2,meta_rule_hist_gradient_boosting,hist_gradient_boosting,0.0,0.6649877725757857
last_third_by_subject,S2,meta_rule_hist_gradient_boosting,hist_gradient_boosting,0.15,0.6523017495594176
last_third_by_subject,S2,meta_rule_hist_gradient_boosting,hist_gradient_boosting,0.25,0.6463253474904606
last_third_by_subject,S2,meta_rule_hist_gradient_boosting,hist_gradient_boosting,0.35,0.6422791009671052
last_third_by_subject,S2,meta_rule_hist_gradient_boosting,hist_gradient_boosting,0.5,0.6399117496012923
last_third_by_subject,S2,meta_rule_hist_gradient_boosting,hist_gradient_boosting,0.75,0.6471908085585841
last_third_by_subject,S2,meta_rule_hist_gradient_boosting,hist_gradient_boosting,1.0,0.6755588955869765
last_third_by_subject,S3,history_blend,history,1.0,0.6068321069634183
last_third_by_subject,S3,rule_subject_strategy_tuned,rule,0.0,0.6522030538085724
last_third_by_subject,S3,rule_subject_strategy_tuned,rule,0.15,0.6435663556854528
last_third_by_subject,S3,rule_subject_strategy_tuned,rule,0.25,0.6486710226170537
last_third_by_subject,S3,rule_subject_strategy_tuned,rule,0.35,0.6631172984275266
last_third_by_subject,S3,rule_subject_strategy_tuned,rule,0.5,0.7062033266025631
last_third_by_subject,S3,rule_subject_strategy_tuned,rule,0.75,0.8781228319981488
last_third_by_subject,S3,rule_subject_strategy_tuned,rule,1.0,3.2721590827417812
last_third_by_subject,S3,model_logistic_regression,logistic_regression,0.0,0.6522030538085724
last_third_by_subject,S3,model_logistic_regression,logistic_regression,0.15,0.638687611810372
last_third_by_subject,S3,model_logistic_regression,logistic_regression,0.25,0.6414427622281543
last_third_by_subject,S3,model_logistic_regression,logistic_regression,0.35,0.6532958220380402
last_third_by_subject,S3,model_logistic_regression,logistic_regression,0.5,0.6899593452977714
last_third_by_subject,S3,model_logistic_regression,logistic_regression,0.75,0.8270780083103608
last_third_by_subject,S3,model_logistic_regression,logistic_regression,1.0,1.629816820939657
last_third_by_subject,S3,blend_logistic_regression_rule_0.25,logistic_regression,0.0,0.6522030538085724
last_third_by_subject,S3,blend_logistic_regression_rule_0.25,logistic_regression,0.15,0.6385664228975667
last_third_by_subject,S3,blend_logistic_regression_rule_0.25,logistic_regression,0.25,0.6362320230396012
last_third_by_subject,S3,blend_logistic_regression_rule_0.25,logistic_regression,0.35,0.6391946170534362
last_third_by_subject,S3,blend_logistic_regression_rule_0.25,logistic_regression,0.5,0.6546781536824564
last_third_by_subject,S3,blend_logistic_regression_rule_0.25,logistic_regression,0.75,0.7246819448168389
last_third_by_subject,S3,blend_logistic_regression_rule_0.25,logistic_regression,1.0,1.2327566565757764
last_third_by_subject,S3,blend_logistic_regression_rule_0.5,logistic_regression,0.0,0.6522030538085724
last_third_by_subject,S3,blend_logistic_regression_rule_0.5,logistic_regression,0.15,0.6362457252376277
last_third_by_subject,S3,blend_logistic_regression_rule_0.5,logistic_regression,0.25,0.6316024340203227
last_third_by_subject,S3,blend_logistic_regression_rule_0.5,logistic_regression,0.35,0.6315746145839306
last_third_by_subject,S3,blend_logistic_regression_rule_0.5,logistic_regression,0.5,0.6409825503260645
last_third_by_subject,S3,blend_logistic_regression_rule_0.5,logistic_regression,0.75,0.6938468144355521
last_third_by_subject,S3,blend_logistic_regression_rule_0.5,logistic_regression,1.0,1.0999604350100787
last_third_by_subject,S3,blend_logistic_regression_rule_0.75,logistic_regression,0.0,0.6522030538085724
last_third_by_subject,S3,blend_logistic_regression_rule_0.75,logistic_regression,0.15,0.6363394465809069
last_third_by_subject,S3,blend_logistic_regression_rule_0.75,logistic_regression,0.25,0.6335124524246809
last_third_by_subject,S3,blend_logistic_regression_rule_0.75,logistic_regression,0.35,0.6365766181412894
last_third_by_subject,S3,blend_logistic_regression_rule_0.75,logistic_regression,0.5,0.6529077640165258
last_third_by_subject,S3,blend_logistic_regression_rule_0.75,logistic_regression,0.75,0.723139626191266
last_third_by_subject,S3,blend_logistic_regression_rule_0.75,logistic_regression,1.0,1.115409531633509
last_third_by_subject,S3,model_linear_svc,linear_svc,0.0,0.6522030538085724
last_third_by_subject,S3,model_linear_svc,linear_svc,0.15,0.6422206684167745
last_third_by_subject,S3,model_linear_svc,linear_svc,0.25,0.6447035674124786
last_third_by_subject,S3,model_linear_svc,linear_svc,0.35,0.6540381161703919
last_third_by_subject,S3,model_linear_svc,linear_svc,0.5,0.6815870146278092
last_third_by_subject,S3,model_linear_svc,linear_svc,0.75,0.7760900196629842
last_third_by_subject,S3,model_linear_svc,linear_svc,1.0,1.0580646552194897
last_third_by_subject,S3,blend_linear_svc_rule_0.25,linear_svc,0.0,0.6522030538085724
last_third_by_subject,S3,blend_linear_svc_rule_0.25,linear_svc,0.15,0.6397334506811183
last_third_by_subject,S3,blend_linear_svc_rule_0.25,linear_svc,0.25,0.6377946210774074
last_third_by_subject,S3,blend_linear_svc_rule_0.25,linear_svc,0.35,0.6407852686575111
last_third_by_subject,S3,blend_linear_svc_rule_0.25,linear_svc,0.5,0.6553055997808358
last_third_by_subject,S3,blend_linear_svc_rule_0.25,linear_svc,0.75,0.7170719513320691
last_third_by_subject,S3,blend_linear_svc_rule_0.25,linear_svc,1.0,0.9669132839764035
last_third_by_subject,S3,blend_linear_svc_rule_0.5,linear_svc,0.0,0.6522030538085724
last_third_by_subject,S3,blend_linear_svc_rule_0.5,linear_svc,0.15,0.6383628301952087
last_third_by_subject,S3,blend_linear_svc_rule_0.5,linear_svc,0.25,0.6341277258498492
last_third_by_subject,S3,blend_linear_svc_rule_0.5,linear_svc,0.35,0.6336065003680189
last_third_by_subject,S3,blend_linear_svc_rule_0.5,linear_svc,0.5,0.6400948555258088
last_third_by_subject,S3,blend_linear_svc_rule_0.5,linear_svc,0.75,0.6767132443719062
last_third_by_subject,S3,blend_linear_svc_rule_0.5,linear_svc,1.0,0.8293747518447182
last_third_by_subject,S3,blend_linear_svc_rule_0.75,linear_svc,0.0,0.6522030538085724
last_third_by_subject,S3,blend_linear_svc_rule_0.75,linear_svc,0.15,0.6392366504242372
last_third_by_subject,S3,blend_linear_svc_rule_0.75,linear_svc,0.25,0.6365885423243226
last_third_by_subject,S3,blend_linear_svc_rule_0.75,linear_svc,0.35,0.6383425904411052
last_third_by_subject,S3,blend_linear_svc_rule_0.75,linear_svc,0.5,0.6493298447462987
last_third_by_subject,S3,blend_linear_svc_rule_0.75,linear_svc,0.75,0.6950174101313168
last_third_by_subject,S3,blend_linear_svc_rule_0.75,linear_svc,1.0,0.8375223238196987
last_third_by_subject,S3,model_svc_rbf,svc_rbf,0.0,0.6522030538085724
last_third_by_subject,S3,model_svc_rbf,svc_rbf,0.15,0.636098012070021
last_third_by_subject,S3,model_svc_rbf,svc_rbf,0.25,0.6276396674286048
last_third_by_subject,S3,model_svc_rbf,svc_rbf,0.35,0.6208296590204896
last_third_by_subject,S3,model_svc_rbf,svc_rbf,0.5,0.6135288564608338
last_third_by_subject,S3,model_svc_rbf,svc_rbf,0.75,0.609019373225274
last_third_by_subject,S3,model_svc_rbf,svc_rbf,1.0,0.6152993576660571
last_third_by_subject,S3,blend_svc_rbf_rule_0.25,svc_rbf,0.0,0.6522030538085724
last_third_by_subject,S3,blend_svc_rbf_rule_0.25,svc_rbf,0.15,0.6395687718436764
last_third_by_subject,S3,blend_svc_rbf_rule_0.25,svc_rbf,0.25,0.6373294046384058
last_third_by_subject,S3,blend_svc_rbf_rule_0.25,svc_rbf,0.35,0.6399665944745194
last_third_by_subject,S3,blend_svc_rbf_rule_0.25,svc_rbf,0.5,0.6537448356335279
last_third_by_subject,S3,blend_svc_rbf_rule_0.25,svc_rbf,0.75,0.7104421366739643
last_third_by_subject,S3,blend_svc_rbf_rule_0.25,svc_rbf,1.0,0.8502635617982924
last_third_by_subject,S3,blend_svc_rbf_rule_0.5,svc_rbf,0.0,0.6522030538085724
last_third_by_subject,S3,blend_svc_rbf_rule_0.5,svc_rbf,0.15,0.637044551252584
last_third_by_subject,S3,blend_svc_rbf_rule_0.5,svc_rbf,0.25,0.6303471437406011
last_third_by_subject,S3,blend_svc_rbf_rule_0.5,svc_rbf,0.35,0.6262143993169568
last_third_by_subject,S3,blend_svc_rbf_rule_0.5,svc_rbf,0.5,0.624829021293489
last_third_by_subject,S3,blend_svc_rbf_rule_0.5,svc_rbf,0.75,0.6368133567625309
last_third_by_subject,S3,blend_svc_rbf_rule_0.5,svc_rbf,1.0,0.6745690301733417
last_third_by_subject,S3,blend_svc_rbf_rule_0.75,svc_rbf,0.0,0.6522030538085724
last_third_by_subject,S3,blend_svc_rbf_rule_0.75,svc_rbf,0.15,0.6359068986403177
last_third_by_subject,S3,blend_svc_rbf_rule_0.75,svc_rbf,0.25,0.6272132469738411
last_third_by_subject,S3,blend_svc_rbf_rule_0.75,svc_rbf,0.35,0.620118430192689
last_third_by_subject,S3,blend_svc_rbf_rule_0.75,svc_rbf,0.5,0.6123546150430954
last_third_by_subject,S3,blend_svc_rbf_rule_0.75,svc_rbf,0.75,0.6072029870942014
last_third_by_subject,S3,blend_svc_rbf_rule_0.75,svc_rbf,1.0,0.6137299428717073
last_third_by_subject,S3,model_random_forest,random_forest,0.0,0.6522030538085724
last_third_by_subject,S3,model_random_forest,random_forest,0.15,0.641076698015565
last_third_by_subject,S3,model_random_forest,random_forest,0.25,0.6353710968750693
last_third_by_subject,S3,model_random_forest,random_forest,0.35,0.6309213246733115
last_third_by_subject,S3,model_random_forest,random_forest,0.5,0.626473838994062
last_third_by_subject,S3,model_random_forest,random_forest,0.75,0.6248261584279455
last_third_by_subject,S3,model_random_forest,random_forest,1.0,0.6307255015577878
last_third_by_subject,S3,blend_random_forest_rule_0.25,random_forest,0.0,0.6522030538085724
last_third_by_subject,S3,blend_random_forest_rule_0.25,random_forest,0.15,0.6411350224886263
last_third_by_subject,S3,blend_random_forest_rule_0.25,random_forest,0.25,0.6401299960236434
last_third_by_subject,S3,blend_random_forest_rule_0.25,random_forest,0.35,0.6441669911208233
last_third_by_subject,S3,blend_random_forest_rule_0.25,random_forest,0.5,0.6604222049689025
last_third_by_subject,S3,blend_random_forest_rule_0.25,random_forest,0.75,0.7227463051314366
last_third_by_subject,S3,blend_random_forest_rule_0.25,random_forest,1.0,0.8712427320488987
last_third_by_subject,S3,blend_random_forest_rule_0.5,random_forest,0.0,0.6522030538085724
last_third_by_subject,S3,blend_random_forest_rule_0.5,random_forest,0.15,0.6399464914503519
last_third_by_subject,S3,blend_random_forest_rule_0.5,random_forest,0.25,0.6352902969056969
last_third_by_subject,S3,blend_random_forest_rule_0.5,random_forest,0.35,0.6332664453718312
last_third_by_subject,S3,blend_random_forest_rule_0.5,random_forest,0.5,0.6351588880662927
last_third_by_subject,S3,blend_random_forest_rule_0.5,random_forest,0.75,0.6528987036744847
last_third_by_subject,S3,blend_random_forest_rule_0.5,random_forest,1.0,0.6962852587762121
last_third_by_subject,S3,blend_random_forest_rule_0.75,random_forest,0.0,0.6522030538085724
last_third_by_subject,S3,blend_random_forest_rule_0.75,random_forest,0.15,0.6399409679310173
last_third_by_subject,S3,blend_random_forest_rule_0.75,random_forest,0.25,0.6337796676050311
last_third_by_subject,S3,blend_random_forest_rule_0.75,random_forest,0.35,0.6290894834578181
last_third_by_subject,S3,blend_random_forest_rule_0.75,random_forest,0.5,0.6246893845044891
last_third_by_subject,S3,blend_random_forest_rule_0.75,random_forest,0.75,0.6244499924405946
last_third_by_subject,S3,blend_random_forest_rule_0.75,random_forest,1.0,0.6345345614428171
last_third_by_subject,S3,model_extra_trees,extra_trees,0.0,0.6522030538085724
last_third_by_subject,S3,model_extra_trees,extra_trees,0.15,0.6384739569629646
last_third_by_subject,S3,model_extra_trees,extra_trees,0.25,0.6313454898501875
last_third_by_subject,S3,model_extra_trees,extra_trees,0.35,0.6256667590830662
last_third_by_subject,S3,model_extra_trees,extra_trees,0.5,0.6196616861444624
last_third_by_subject,S3,model_extra_trees,extra_trees,0.75,0.6159440280139681
last_third_by_subject,S3,model_extra_trees,extra_trees,1.0,0.6200627843462193
last_third_by_subject,S3,blend_extra_trees_rule_0.25,extra_trees,0.0,0.6522030538085724
last_third_by_subject,S3,blend_extra_trees_rule_0.25,extra_trees,0.15,0.6402730601348424
last_third_by_subject,S3,blend_extra_trees_rule_0.25,extra_trees,0.25,0.6384919798317777
last_third_by_subject,S3,blend_extra_trees_rule_0.25,extra_trees,0.35,0.6415202241439895
last_third_by_subject,S3,blend_extra_trees_rule_0.25,extra_trees,0.5,0.6556448255519303
last_third_by_subject,S3,blend_extra_trees_rule_0.25,extra_trees,0.75,0.7114504998383074
last_third_by_subject,S3,blend_extra_trees_rule_0.25,extra_trees,1.0,0.842120889682619
last_third_by_subject,S3,blend_extra_trees_rule_0.5,extra_trees,0.0,0.6522030538085724
last_third_by_subject,S3,blend_extra_trees_rule_0.5,extra_trees,0.15,0.638377184959297
last_third_by_subject,S3,blend_extra_trees_rule_0.5,extra_trees,0.25,0.6325016721218817
last_third_by_subject,S3,blend_extra_trees_rule_0.5,extra_trees,0.35,0.6290567312633937
last_third_by_subject,S3,blend_extra_trees_rule_0.5,extra_trees,0.5,0.6283160975477046
last_third_by_subject,S3,blend_extra_trees_rule_0.5,extra_trees,0.75,0.6396765235519549
last_third_by_subject,S3,blend_extra_trees_rule_0.5,extra_trees,1.0,0.671950443945632
last_third_by_subject,S3,blend_extra_trees_rule_0.75,extra_trees,0.0,0.6522030538085724
last_third_by_subject,S3,blend_extra_trees_rule_0.75,extra_trees,0.15,0.6377973802531721
last_third_by_subject,S3,blend_extra_trees_rule_0.75,extra_trees,0.25,0.6302205757556657
last_third_by_subject,S3,blend_extra_trees_rule_0.75,extra_trees,0.35,0.6240749174752046
last_third_by_subject,S3,blend_extra_trees_rule_0.75,extra_trees,0.5,0.6173354619902097
last_third_by_subject,S3,blend_extra_trees_rule_0.75,extra_trees,0.75,0.6124528567812895
last_third_by_subject,S3,blend_extra_trees_rule_0.75,extra_trees,1.0,0.6161711315195088
last_third_by_subject,S3,model_hist_gradient_boosting,hist_gradient_boosting,0.0,0.6522030538085724
last_third_by_subject,S3,model_hist_gradient_boosting,hist_gradient_boosting,0.15,0.641841650680499
last_third_by_subject,S3,model_hist_gradient_boosting,hist_gradient_boosting,0.25,0.6383308156659918
last_third_by_subject,S3,model_hist_gradient_boosting,hist_gradient_boosting,0.35,0.637438402579392
last_third_by_subject,S3,model_hist_gradient_boosting,hist_gradient_boosting,0.5,0.6411635538859063
last_third_by_subject,S3,model_hist_gradient_boosting,hist_gradient_boosting,0.75,0.6634225624213572
last_third_by_subject,S3,model_hist_gradient_boosting,hist_gradient_boosting,1.0,0.7213518674564847
last_third_by_subject,S3,blend_hist_gradient_boosting_rule_0.25,hist_gradient_boosting,0.0,0.6522030538085724
last_third_by_subject,S3,blend_hist_gradient_boosting_rule_0.25,hist_gradient_boosting,0.15,0.6418001299925212
last_third_by_subject,S3,blend_hist_gradient_boosting_rule_0.25,hist_gradient_boosting,0.25,0.6422591203836995
last_third_by_subject,S3,blend_hist_gradient_boosting_rule_0.25,hist_gradient_boosting,0.35,0.6487338242587648
last_third_by_subject,S3,blend_hist_gradient_boosting_rule_0.25,hist_gradient_boosting,0.5,0.6711089484831623
last_third_by_subject,S3,blend_hist_gradient_boosting_rule_0.25,hist_gradient_boosting,0.75,0.7564169585442072
last_third_by_subject,S3,blend_hist_gradient_boosting_rule_0.25,hist_gradient_boosting,1.0,1.0121210523904638
last_third_by_subject,S3,blend_hist_gradient_boosting_rule_0.5,hist_gradient_boosting,0.0,0.6522030538085724
last_third_by_subject,S3,blend_hist_gradient_boosting_rule_0.5,hist_gradient_boosting,0.15,0.6409444938049168
last_third_by_subject,S3,blend_hist_gradient_boosting_rule_0.5,hist_gradient_boosting,0.25,0.6385291976496997
last_third_by_subject,S3,blend_hist_gradient_boosting_rule_0.5,hist_gradient_boosting,0.35,0.640128858579582
last_third_by_subject,S3,blend_hist_gradient_boosting_rule_0.5,hist_gradient_boosting,0.5,0.6506048735219698
last_third_by_subject,S3,blend_hist_gradient_boosting_rule_0.5,hist_gradient_boosting,0.75,0.6960031598199938
last_third_by_subject,S3,blend_hist_gradient_boosting_rule_0.5,hist_gradient_boosting,1.0,0.8201128979258745
last_third_by_subject,S3,blend_hist_gradient_boosting_rule_0.75,hist_gradient_boosting,0.0,0.6522030538085724
last_third_by_subject,S3,blend_hist_gradient_boosting_rule_0.75,hist_gradient_boosting,0.15,0.64096450114874
last_third_by_subject,S3,blend_hist_gradient_boosting_rule_0.75,hist_gradient_boosting,0.25,0.6372540464415228
last_third_by_subject,S3,blend_hist_gradient_boosting_rule_0.75,hist_gradient_boosting,0.35,0.6364749645439863
last_third_by_subject,S3,blend_hist_gradient_boosting_rule_0.75,hist_gradient_boosting,0.5,0.6410430596927142
last_third_by_subject,S3,blend_hist_gradient_boosting_rule_0.75,hist_gradient_boosting,0.75,0.6674393864986863
last_third_by_subject,S3,blend_hist_gradient_boosting_rule_0.75,hist_gradient_boosting,1.0,0.7404655007602213
last_third_by_subject,S3,model_mlp,mlp,0.0,0.6522030538085724
last_third_by_subject,S3,model_mlp,mlp,0.15,0.6328813469988616
last_third_by_subject,S3,model_mlp,mlp,0.25,0.6307172798621309
last_third_by_subject,S3,model_mlp,mlp,0.35,0.6367714554087925
last_third_by_subject,S3,model_mlp,mlp,0.5,0.6626788863931521
last_third_by_subject,S3,model_mlp,mlp,0.75,0.7716795299022801
last_third_by_subject,S3,model_mlp,mlp,1.0,1.4146163652995258
last_third_by_subject,S3,blend_mlp_rule_0.25,mlp,0.0,0.6522030538085724
last_third_by_subject,S3,blend_mlp_rule_0.25,mlp,0.15,0.6377520631048924
last_third_by_subject,S3,blend_mlp_rule_0.25,mlp,0.25,0.6353974990456579
last_third_by_subject,S3,blend_mlp_rule_0.25,mlp,0.35,0.6388841687942087
last_third_by_subject,S3,blend_mlp_rule_0.25,mlp,0.5,0.656543173772605
last_third_by_subject,S3,blend_mlp_rule_0.25,mlp,0.75,0.7371533622160603
last_third_by_subject,S3,blend_mlp_rule_0.25,mlp,1.0,1.3283474602626593
last_third_by_subject,S3,blend_mlp_rule_0.5,mlp,0.0,0.6522030538085724
last_third_by_subject,S3,blend_mlp_rule_0.5,mlp,0.15,0.6341696695987465
last_third_by_subject,S3,blend_mlp_rule_0.5,mlp,0.25,0.6286096172180602
last_third_by_subject,S3,blend_mlp_rule_0.5,mlp,0.35,0.6281736348140629
last_third_by_subject,S3,blend_mlp_rule_0.5,mlp,0.5,0.6382827695385882
last_third_by_subject,S3,blend_mlp_rule_0.5,mlp,0.75,0.6987087530139213
last_third_by_subject,S3,blend_mlp_rule_0.5,mlp,1.0,1.1735125279035477
last_third_by_subject,S3,blend_mlp_rule_0.75,mlp,0.0,0.6522030538085724
last_third_by_subject,S3,blend_mlp_rule_0.75,mlp,0.15,0.6325916082672766
last_third_by_subject,S3,blend_mlp_rule_0.75,mlp,0.25,0.6272028470952014
last_third_by_subject,S3,blend_mlp_rule_0.75,mlp,0.35,0.6277596265514613
last_third_by_subject,S3,blend_mlp_rule_0.75,mlp,0.5,0.6406671917128272
last_third_by_subject,S3,blend_mlp_rule_0.75,mlp,0.75,0.7079808143082139
last_third_by_subject,S3,blend_mlp_rule_0.75,mlp,1.0,1.1515923338756537
last_third_by_subject,S3,model_lightgbm,lightgbm,0.0,0.6522030538085724
last_third_by_subject,S3,model_lightgbm,lightgbm,0.15,0.6408555562078234
last_third_by_subject,S3,model_lightgbm,lightgbm,0.25,0.6349854198413597
last_third_by_subject,S3,model_lightgbm,lightgbm,0.35,0.6303569589157864
last_third_by_subject,S3,model_lightgbm,lightgbm,0.5,0.6256352370524021
last_third_by_subject,S3,model_lightgbm,lightgbm,0.75,0.623683919037704
last_third_by_subject,S3,model_lightgbm,lightgbm,1.0,0.6300657942280057
last_third_by_subject,S3,blend_lightgbm_rule_0.25,lightgbm,0.0,0.6522030538085724
last_third_by_subject,S3,blend_lightgbm_rule_0.25,lightgbm,0.15,0.6414615858466083
last_third_by_subject,S3,blend_lightgbm_rule_0.25,lightgbm,0.25,0.6411533146818703
last_third_by_subject,S3,blend_lightgbm_rule_0.25,lightgbm,0.35,0.6463615228493336
last_third_by_subject,S3,blend_lightgbm_rule_0.25,lightgbm,0.5,0.6655494598952709
last_third_by_subject,S3,blend_lightgbm_rule_0.25,lightgbm,0.75,0.7382129327748774
last_third_by_subject,S3,blend_lightgbm_rule_0.25,lightgbm,1.0,0.9186393366536523
last_third_by_subject,S3,blend_lightgbm_rule_0.5,lightgbm,0.0,0.6522030538085724
last_third_by_subject,S3,blend_lightgbm_rule_0.5,lightgbm,0.15,0.6403227184203865
last_third_by_subject,S3,blend_lightgbm_rule_0.5,lightgbm,0.25,0.6364823344443087
last_third_by_subject,S3,blend_lightgbm_rule_0.5,lightgbm,0.35,0.6357795008181838
last_third_by_subject,S3,blend_lightgbm_rule_0.5,lightgbm,0.5,0.6407662089989646
last_third_by_subject,S3,blend_lightgbm_rule_0.5,lightgbm,0.75,0.6677688586551888
last_third_by_subject,S3,blend_lightgbm_rule_0.5,lightgbm,1.0,0.7303145337227025
last_third_by_subject,S3,blend_lightgbm_rule_0.75,lightgbm,0.0,0.6522030538085724
last_third_by_subject,S3,blend_lightgbm_rule_0.75,lightgbm,0.15,0.6401243881382166
last_third_by_subject,S3,blend_lightgbm_rule_0.75,lightgbm,0.25,0.6344571302001377
last_third_by_subject,S3,blend_lightgbm_rule_0.75,lightgbm,0.35,0.6305661807764787
last_third_by_subject,S3,blend_lightgbm_rule_0.75,lightgbm,0.5,0.6279961408287899
last_third_by_subject,S3,blend_lightgbm_rule_0.75,lightgbm,0.75,0.6329507231925966
last_third_by_subject,S3,blend_lightgbm_rule_0.75,lightgbm,1.0,0.6526370182248538
last_third_by_subject,S3,model_catboost,catboost,0.0,0.6522030538085724
last_third_by_subject,S3,model_catboost,catboost,0.15,0.6395954088288629
last_third_by_subject,S3,model_catboost,catboost,0.25,0.6325159667866896
last_third_by_subject,S3,model_catboost,catboost,0.35,0.6263966806200862
last_third_by_subject,S3,model_catboost,catboost,0.5,0.6189038444388807
last_third_by_subject,S3,model_catboost,catboost,0.75,0.6107379109416237
last_third_by_subject,S3,model_catboost,catboost,1.0,0.6082134074218576
last_third_by_subject,S3,blend_catboost_rule_0.25,catboost,0.0,0.6522030538085724
last_third_by_subject,S3,blend_catboost_rule_0.25,catboost,0.15,0.6409765888456989
last_third_by_subject,S3,blend_catboost_rule_0.25,catboost,0.25,0.6400416255441583
last_third_by_subject,S3,blend_catboost_rule_0.25,catboost,0.35,0.6443351024399153
last_third_by_subject,S3,blend_catboost_rule_0.25,catboost,0.5,0.6614330657889242
last_third_by_subject,S3,blend_catboost_rule_0.25,catboost,0.75,0.7270964840393773
last_third_by_subject,S3,blend_catboost_rule_0.25,catboost,1.0,0.8845210505079578
last_third_by_subject,S3,blend_catboost_rule_0.5,catboost,0.0,0.6522030538085724
last_third_by_subject,S3,blend_catboost_rule_0.5,catboost,0.15,0.6394745177174874
last_third_by_subject,S3,blend_catboost_rule_0.5,catboost,0.25,0.6346329712241526
last_third_by_subject,S3,blend_catboost_rule_0.5,catboost,0.35,0.6325572012640842
last_third_by_subject,S3,blend_catboost_rule_0.5,catboost,0.5,0.6346719828083414
last_third_by_subject,S3,blend_catboost_rule_0.5,catboost,0.75,0.6537950467273884
last_third_by_subject,S3,blend_catboost_rule_0.5,catboost,1.0,0.70040902236479
last_third_by_subject,S3,blend_catboost_rule_0.75,catboost,0.0,0.6522030538085724
last_third_by_subject,S3,blend_catboost_rule_0.75,catboost,0.15,0.6390217066776662
last_third_by_subject,S3,blend_catboost_rule_0.75,catboost,0.25,0.6321741468076203
last_third_by_subject,S3,blend_catboost_rule_0.75,catboost,0.35,0.6267534933906591
last_third_by_subject,S3,blend_catboost_rule_0.75,catboost,0.5,0.6211969466161993
last_third_by_subject,S3,blend_catboost_rule_0.75,catboost,0.75,0.6189453102479638
last_third_by_subject,S3,blend_catboost_rule_0.75,catboost,1.0,0.6270821966402855
last_third_by_subject,S3,meta_rule_extra_trees,extra_trees,0.0,0.6522030538085724
last_third_by_subject,S3,meta_rule_extra_trees,extra_trees,0.15,0.6383511799277549
last_third_by_subject,S3,meta_rule_extra_trees,extra_trees,0.25,0.6311869704011435
last_third_by_subject,S3,meta_rule_extra_trees,extra_trees,0.35,0.6254982236234315
last_third_by_subject,S3,meta_rule_extra_trees,extra_trees,0.5,0.6195176262810406
last_third_by_subject,S3,meta_rule_extra_trees,extra_trees,0.75,0.6159590363716437
last_third_by_subject,S3,meta_rule_extra_trees,extra_trees,1.0,0.6205462050283439
last_third_by_subject,S3,meta_rule_lightgbm,lightgbm,0.0,0.6522030538085724
last_third_by_subject,S3,meta_rule_lightgbm,lightgbm,0.15,0.6411607263685146
last_third_by_subject,S3,meta_rule_lightgbm,lightgbm,0.25,0.6355331537276283
last_third_by_subject,S3,meta_rule_lightgbm,lightgbm,0.35,0.6311812364092675
last_third_by_subject,S3,meta_rule_lightgbm,lightgbm,0.5,0.6269480540690244
last_third_by_subject,S3,meta_rule_lightgbm,lightgbm,0.75,0.6260756616483494
last_third_by_subject,S3,meta_rule_lightgbm,lightgbm,1.0,0.6341153662559639
last_third_by_subject,S3,meta_rule_catboost,catboost,0.0,0.6522030538085724
last_third_by_subject,S3,meta_rule_catboost,catboost,0.15,0.6403610825833708
last_third_by_subject,S3,meta_rule_catboost,catboost,0.25,0.6337553502584745
last_third_by_subject,S3,meta_rule_catboost,catboost,0.35,0.6280982652309005
last_third_by_subject,S3,meta_rule_catboost,catboost,0.5,0.6212961636933031
last_third_by_subject,S3,meta_rule_catboost,catboost,0.75,0.6143003649793651
last_third_by_subject,S3,meta_rule_catboost,catboost,1.0,0.6129055039391785
last_third_by_subject,S3,meta_rule_hist_gradient_boosting,hist_gradient_boosting,0.0,0.6522030538085724
last_third_by_subject,S3,meta_rule_hist_gradient_boosting,hist_gradient_boosting,0.15,0.641841650680499
last_third_by_subject,S3,meta_rule_hist_gradient_boosting,hist_gradient_boosting,0.25,0.6383308156659918
last_third_by_subject,S3,meta_rule_hist_gradient_boosting,hist_gradient_boosting,0.35,0.637438402579392
last_third_by_subject,S3,meta_rule_hist_gradient_boosting,hist_gradient_boosting,0.5,0.6411635538859063
last_third_by_subject,S3,meta_rule_hist_gradient_boosting,hist_gradient_boosting,0.75,0.6634225624213572
last_third_by_subject,S3,meta_rule_hist_gradient_boosting,hist_gradient_boosting,1.0,0.7213518674564847
last_third_by_subject,S4,history_blend,history,1.0,0.6620971677354542
last_third_by_subject,S4,rule_subject_strategy_tuned,rule,0.0,0.6943827548259608
last_third_by_subject,S4,rule_subject_strategy_tuned,rule,0.15,0.662969351219216
last_third_by_subject,S4,rule_subject_strategy_tuned,rule,0.25,0.6539501866656741
last_third_by_subject,S4,rule_subject_strategy_tuned,rule,0.35,0.655056129666899
last_third_by_subject,S4,rule_subject_strategy_tuned,rule,0.5,0.6792492854377684
last_third_by_subject,S4,rule_subject_strategy_tuned,rule,0.75,0.820240831035959
last_third_by_subject,S4,rule_subject_strategy_tuned,rule,1.0,3.1509717094920986
last_third_by_subject,S4,model_logistic_regression,logistic_regression,0.0,0.6943827548259608
last_third_by_subject,S4,model_logistic_regression,logistic_regression,0.15,0.6924089116559461
last_third_by_subject,S4,model_logistic_regression,logistic_regression,0.25,0.7001014462046303
last_third_by_subject,S4,model_logistic_regression,logistic_regression,0.35,0.7154532126831047
last_third_by_subject,S4,model_logistic_regression,logistic_regression,0.5,0.755288075625594
last_third_by_subject,S4,model_logistic_regression,logistic_regression,0.75,0.8919160614517703
last_third_by_subject,S4,model_logistic_regression,logistic_regression,1.0,1.6668000892866606
last_third_by_subject,S4,blend_logistic_regression_rule_0.25,logistic_regression,0.0,0.6943827548259608
last_third_by_subject,S4,blend_logistic_regression_rule_0.25,logistic_regression,0.15,0.6678164740010025
last_third_by_subject,S4,blend_logistic_regression_rule_0.25,logistic_regression,0.25,0.6584165584017805
last_third_by_subject,S4,blend_logistic_regression_rule_0.25,logistic_regression,0.35,0.6558920484474516
last_third_by_subject,S4,blend_logistic_regression_rule_0.25,logistic_regression,0.5,0.666787142074273
last_third_by_subject,S4,blend_logistic_regression_rule_0.25,logistic_regression,0.75,0.7443228084795224
last_third_by_subject,S4,blend_logistic_regression_rule_0.25,logistic_regression,1.0,1.3882770113259766
last_third_by_subject,S4,blend_logistic_regression_rule_0.5,logistic_regression,0.0,0.6943827548259608
last_third_by_subject,S4,blend_logistic_regression_rule_0.5,logistic_regression,0.15,0.6743377581995851
last_third_by_subject,S4,blend_logistic_regression_rule_0.5,logistic_regression,0.25,0.6676230417601111
last_third_by_subject,S4,blend_logistic_regression_rule_0.5,logistic_regression,0.35,0.6664014777542567
last_third_by_subject,S4,blend_logistic_regression_rule_0.5,logistic_regression,0.5,0.6763141641951494
last_third_by_subject,S4,blend_logistic_regression_rule_0.5,logistic_regression,0.75,0.7406130075254482
last_third_by_subject,S4,blend_logistic_regression_rule_0.5,logistic_regression,1.0,1.252066114612728
last_third_by_subject,S4,blend_logistic_regression_rule_0.75,logistic_regression,0.0,0.6943827548259608
last_third_by_subject,S4,blend_logistic_regression_rule_0.75,logistic_regression,0.15,0.6825228503449834
last_third_by_subject,S4,blend_logistic_regression_rule_0.75,logistic_regression,0.25,0.6814384345440266
last_third_by_subject,S4,blend_logistic_regression_rule_0.75,logistic_regression,0.35,0.6859709049457635
last_third_by_subject,S4,blend_logistic_regression_rule_0.75,logistic_regression,0.5,0.7046391191816961
last_third_by_subject,S4,blend_logistic_regression_rule_0.75,logistic_regression,0.75,0.7825269986765765
last_third_by_subject,S4,blend_logistic_regression_rule_0.75,logistic_regression,1.0,1.2529178988565677
last_third_by_subject,S4,model_linear_svc,linear_svc,0.0,0.6943827548259608
last_third_by_subject,S4,model_linear_svc,linear_svc,0.15,0.6923409211492021
last_third_by_subject,S4,model_linear_svc,linear_svc,0.25,0.6973284138397787
last_third_by_subject,S4,model_linear_svc,linear_svc,0.35,0.7076294301677372
last_third_by_subject,S4,model_linear_svc,linear_svc,0.5,0.7343772039419476
last_third_by_subject,S4,model_linear_svc,linear_svc,0.75,0.8222879623311188
last_third_by_subject,S4,model_linear_svc,linear_svc,1.0,1.1391629950879212
last_third_by_subject,S4,blend_linear_svc_rule_0.25,linear_svc,0.0,0.6943827548259608
last_third_by_subject,S4,blend_linear_svc_rule_0.25,linear_svc,0.15,0.6679656612909488
last_third_by_subject,S4,blend_linear_svc_rule_0.25,linear_svc,0.25,0.6581802293986393
last_third_by_subject,S4,blend_linear_svc_rule_0.25,linear_svc,0.35,0.6548126464569123
last_third_by_subject,S4,blend_linear_svc_rule_0.25,linear_svc,0.5,0.6632229364153472
last_third_by_subject,S4,blend_linear_svc_rule_0.25,linear_svc,0.75,0.7288479698689211
last_third_by_subject,S4,blend_linear_svc_rule_0.25,linear_svc,1.0,1.069857039815892
last_third_by_subject,S4,blend_linear_svc_rule_0.5,linear_svc,0.0,0.6943827548259608
last_third_by_subject,S4,blend_linear_svc_rule_0.5,linear_svc,0.15,0.6745290002493729
last_third_by_subject,S4,blend_linear_svc_rule_0.5,linear_svc,0.25,0.6668703557943494
last_third_by_subject,S4,blend_linear_svc_rule_0.5,linear_svc,0.35,0.6637507014067312
last_third_by_subject,S4,blend_linear_svc_rule_0.5,linear_svc,0.5,0.668498544301666
last_third_by_subject,S4,blend_linear_svc_rule_0.5,linear_svc,0.75,0.7118425135923695
last_third_by_subject,S4,blend_linear_svc_rule_0.5,linear_svc,1.0,0.9291573411833247
last_third_by_subject,S4,blend_linear_svc_rule_0.75,linear_svc,0.0,0.6943827548259608
last_third_by_subject,S4,blend_linear_svc_rule_0.75,linear_svc,0.15,0.6826463990864076
last_third_by_subject,S4,blend_linear_svc_rule_0.75,linear_svc,0.25,0.6798744142193239
last_third_by_subject,S4,blend_linear_svc_rule_0.75,linear_svc,0.35,0.6812030518511558
last_third_by_subject,S4,blend_linear_svc_rule_0.75,linear_svc,0.5,0.6916205075650678
last_third_by_subject,S4,blend_linear_svc_rule_0.75,linear_svc,0.75,0.7396219291895229
last_third_by_subject,S4,blend_linear_svc_rule_0.75,linear_svc,1.0,0.922602740379385
last_third_by_subject,S4,model_svc_rbf,svc_rbf,0.0,0.6943827548259608
last_third_by_subject,S4,model_svc_rbf,svc_rbf,0.15,0.6880576267700113
last_third_by_subject,S4,model_svc_rbf,svc_rbf,0.25,0.6845656347940747
last_third_by_subject,S4,model_svc_rbf,svc_rbf,0.35,0.6816465531672273
last_third_by_subject,S4,model_svc_rbf,svc_rbf,0.5,0.678343272216926
last_third_by_subject,S4,model_svc_rbf,svc_rbf,0.75,0.6757778324244583
last_third_by_subject,S4,model_svc_rbf,svc_rbf,1.0,0.6771744616510248
last_third_by_subject,S4,blend_svc_rbf_rule_0.25,svc_rbf,0.0,0.6943827548259608
last_third_by_subject,S4,blend_svc_rbf_rule_0.25,svc_rbf,0.15,0.6675445190482422
last_third_by_subject,S4,blend_svc_rbf_rule_0.25,svc_rbf,0.25,0.6568301601782429
last_third_by_subject,S4,blend_svc_rbf_rule_0.25,svc_rbf,0.35,0.6519542384144347
last_third_by_subject,S4,blend_svc_rbf_rule_0.25,svc_rbf,0.5,0.656520297470986
last_third_by_subject,S4,blend_svc_rbf_rule_0.25,svc_rbf,0.75,0.7048697151079034
last_third_by_subject,S4,blend_svc_rbf_rule_0.25,svc_rbf,1.0,0.8502944485652618
last_third_by_subject,S4,blend_svc_rbf_rule_0.5,svc_rbf,0.0,0.6943827548259608
last_third_by_subject,S4,blend_svc_rbf_rule_0.5,svc_rbf,0.15,0.6732511815146132
last_third_by_subject,S4,blend_svc_rbf_rule_0.5,svc_rbf,0.25,0.6629418758473533
last_third_by_subject,S4,blend_svc_rbf_rule_0.5,svc_rbf,0.35,0.6556344060450818
last_third_by_subject,S4,blend_svc_rbf_rule_0.5,svc_rbf,0.5,0.6504743007444156
last_third_by_subject,S4,blend_svc_rbf_rule_0.5,svc_rbf,0.75,0.6592295930982276
last_third_by_subject,S4,blend_svc_rbf_rule_0.5,svc_rbf,1.0,0.6971576189985502
last_third_by_subject,S4,blend_svc_rbf_rule_0.75,svc_rbf,0.0,0.6943827548259608
last_third_by_subject,S4,blend_svc_rbf_rule_0.75,svc_rbf,0.15,0.6800862586630402
last_third_by_subject,S4,blend_svc_rbf_rule_0.75,svc_rbf,0.25,0.6721898434618335
last_third_by_subject,S4,blend_svc_rbf_rule_0.75,svc_rbf,0.35,0.665581590801186
last_third_by_subject,S4,blend_svc_rbf_rule_0.75,svc_rbf,0.5,0.6580995861487423
last_third_by_subject,S4,blend_svc_rbf_rule_0.75,svc_rbf,0.75,0.652431366915995
last_third_by_subject,S4,blend_svc_rbf_rule_0.75,svc_rbf,1.0,0.6565222073975141
last_third_by_subject,S4,model_random_forest,random_forest,0.0,0.6943827548259608
last_third_by_subject,S4,model_random_forest,random_forest,0.15,0.688342940908531
last_third_by_subject,S4,model_random_forest,random_forest,0.25,0.6853111800945146
last_third_by_subject,S4,model_random_forest,random_forest,0.35,0.6830651653291876
last_third_by_subject,S4,model_random_forest,random_forest,0.5,0.6811763512437621
last_third_by_subject,S4,model_random_forest,random_forest,0.75,0.6821338962394601
last_third_by_subject,S4,model_random_forest,random_forest,1.0,0.6888396221407939
last_third_by_subject,S4,blend_random_forest_rule_0.25,random_forest,0.0,0.6943827548259608
last_third_by_subject,S4,blend_random_forest_rule_0.25,random_forest,0.15,0.6674029597624092
last_third_by_subject,S4,blend_random_forest_rule_0.25,random_forest,0.25,0.6563863165950794
last_third_by_subject,S4,blend_random_forest_rule_0.25,random_forest,0.35,0.6509906539458057
last_third_by_subject,S4,blend_random_forest_rule_0.25,random_forest,0.5,0.6542349054073997
last_third_by_subject,S4,blend_random_forest_rule_0.25,random_forest,0.75,0.6979843738241115
last_third_by_subject,S4,blend_random_forest_rule_0.25,random_forest,1.0,0.8318556807853742
last_third_by_subject,S4,blend_random_forest_rule_0.5,random_forest,0.0,0.6943827548259608
last_third_by_subject,S4,blend_random_forest_rule_0.5,random_forest,0.15,0.6731184826445422
last_third_by_subject,S4,blend_random_forest_rule_0.5,random_forest,0.25,0.6625169178445579
last_third_by_subject,S4,blend_random_forest_rule_0.5,random_forest,0.35,0.6547166246003159
last_third_by_subject,S4,blend_random_forest_rule_0.5,random_forest,0.5,0.6483711916799588
last_third_by_subject,S4,blend_random_forest_rule_0.5,random_forest,0.75,0.6536664269276532
last_third_by_subject,S4,blend_random_forest_rule_0.5,random_forest,1.0,0.6858881460282863
last_third_by_subject,S4,blend_random_forest_rule_0.75,random_forest,0.0,0.6943827548259608
last_third_by_subject,S4,blend_random_forest_rule_0.75,random_forest,0.15,0.6800995120064206
last_third_by_subject,S4,blend_random_forest_rule_0.75,random_forest,0.25,0.6721771802369441
last_third_by_subject,S4,blend_random_forest_rule_0.75,random_forest,0.35,0.665498346590304
last_third_by_subject,S4,blend_random_forest_rule_0.75,random_forest,0.5,0.657806146031389
last_third_by_subject,S4,blend_random_forest_rule_0.75,random_forest,0.75,0.6514873927154036
last_third_by_subject,S4,blend_random_forest_rule_0.75,random_forest,1.0,0.6547336363500786
last_third_by_subject,S4,model_extra_trees,extra_trees,0.0,0.6943827548259608
last_third_by_subject,S4,model_extra_trees,extra_trees,0.15,0.6883130510412614
last_third_by_subject,S4,model_extra_trees,extra_trees,0.25,0.6851068787285733
last_third_by_subject,S4,model_extra_trees,extra_trees,0.35,0.6825518635540708
last_third_by_subject,S4,model_extra_trees,extra_trees,0.5,0.6799161874026843
last_third_by_subject,S4,model_extra_trees,extra_trees,0.75,0.6786886737502095
last_third_by_subject,S4,model_extra_trees,extra_trees,1.0,0.6815098344683883
last_third_by_subject,S4,blend_extra_trees_rule_0.25,extra_trees,0.0,0.6943827548259608
last_third_by_subject,S4,blend_extra_trees_rule_0.25,extra_trees,0.15,0.6673980891030906
last_third_by_subject,S4,blend_extra_trees_rule_0.25,extra_trees,0.25,0.6563379917977099
last_third_by_subject,S4,blend_extra_trees_rule_0.25,extra_trees,0.35,0.6508557496209132
last_third_by_subject,S4,blend_extra_trees_rule_0.25,extra_trees,0.5,0.6538495221677119
last_third_by_subject,S4,blend_extra_trees_rule_0.25,extra_trees,0.75,0.6964542574741375
last_third_by_subject,S4,blend_extra_trees_rule_0.25,extra_trees,1.0,0.8242991362722413
last_third_by_subject,S4,blend_extra_trees_rule_0.5,extra_trees,0.0,0.6943827548259608
last_third_by_subject,S4,blend_extra_trees_rule_0.5,extra_trees,0.15,0.6731064971895698
last_third_by_subject,S4,blend_extra_trees_rule_0.5,extra_trees,0.25,0.662416427462759
last_third_by_subject,S4,blend_extra_trees_rule_0.5,extra_trees,0.35,0.6544472463148882
last_third_by_subject,S4,blend_extra_trees_rule_0.5,extra_trees,0.5,0.6476482607646383
last_third_by_subject,S4,blend_extra_trees_rule_0.5,extra_trees,0.75,0.6512746939451461
last_third_by_subject,S4,blend_extra_trees_rule_0.5,extra_trees,1.0,0.678855514628641
last_third_by_subject,S4,blend_extra_trees_rule_0.75,extra_trees,0.0,0.6943827548259608
last_third_by_subject,S4,blend_extra_trees_rule_0.75,extra_trees,0.15,0.6800790880182727
last_third_by_subject,S4,blend_extra_trees_rule_0.75,extra_trees,0.25,0.6720248854127713
last_third_by_subject,S4,blend_extra_trees_rule_0.75,extra_trees,0.35,0.6651053458034438
last_third_by_subject,S4,blend_extra_trees_rule_0.75,extra_trees,0.5,0.6568093030793581
last_third_by_subject,S4,blend_extra_trees_rule_0.75,extra_trees,0.75,0.6485939890732741
last_third_by_subject,S4,blend_extra_trees_rule_0.75,extra_trees,1.0,0.6480180537340714
last_third_by_subject,S4,model_hist_gradient_boosting,hist_gradient_boosting,0.0,0.6943827548259608
last_third_by_subject,S4,model_hist_gradient_boosting,hist_gradient_boosting,0.15,0.6860530083841744
last_third_by_subject,S4,model_hist_gradient_boosting,hist_gradient_boosting,0.25,0.6833016121995306
last_third_by_subject,S4,model_hist_gradient_boosting,hist_gradient_boosting,0.35,0.6828633951692769
last_third_by_subject,S4,model_hist_gradient_boosting,hist_gradient_boosting,0.5,0.6868729764339827
last_third_by_subject,S4,model_hist_gradient_boosting,hist_gradient_boosting,0.75,0.7086235924789983
last_third_by_subject,S4,model_hist_gradient_boosting,hist_gradient_boosting,1.0,0.7598000929884395
last_third_by_subject,S4,blend_hist_gradient_boosting_rule_0.25,hist_gradient_boosting,0.0,0.6943827548259608
last_third_by_subject,S4,blend_hist_gradient_boosting_rule_0.25,hist_gradient_boosting,0.15,0.6670092845237766
last_third_by_subject,S4,blend_hist_gradient_boosting_rule_0.25,hist_gradient_boosting,0.25,0.6564086861820225
last_third_by_subject,S4,blend_hist_gradient_boosting_rule_0.25,hist_gradient_boosting,0.35,0.6520687226761928
last_third_by_subject,S4,blend_hist_gradient_boosting_rule_0.25,hist_gradient_boosting,0.5,0.6585104948456821
last_third_by_subject,S4,blend_hist_gradient_boosting_rule_0.25,hist_gradient_boosting,0.75,0.7162715058969936
last_third_by_subject,S4,blend_hist_gradient_boosting_rule_0.25,hist_gradient_boosting,1.0,0.9237526751984447
last_third_by_subject,S4,blend_hist_gradient_boosting_rule_0.5,hist_gradient_boosting,0.0,0.6943827548259608
last_third_by_subject,S4,blend_hist_gradient_boosting_rule_0.5,hist_gradient_boosting,0.15,0.6722017765893172
last_third_by_subject,S4,blend_hist_gradient_boosting_rule_0.5,hist_gradient_boosting,0.25,0.6621588517319692
last_third_by_subject,S4,blend_hist_gradient_boosting_rule_0.5,hist_gradient_boosting,0.35,0.6559522752761325
last_third_by_subject,S4,blend_hist_gradient_boosting_rule_0.5,hist_gradient_boosting,0.5,0.6543704120037448
last_third_by_subject,S4,blend_hist_gradient_boosting_rule_0.5,hist_gradient_boosting,0.75,0.6778664805154119
last_third_by_subject,S4,blend_hist_gradient_boosting_rule_0.5,hist_gradient_boosting,1.0,0.7661473732424678
last_third_by_subject,S4,blend_hist_gradient_boosting_rule_0.75,hist_gradient_boosting,0.0,0.6943827548259608
last_third_by_subject,S4,blend_hist_gradient_boosting_rule_0.75,hist_gradient_boosting,0.15,0.6785447675414734
last_third_by_subject,S4,blend_hist_gradient_boosting_rule_0.75,hist_gradient_boosting,0.25,0.6711092795375243
last_third_by_subject,S4,blend_hist_gradient_boosting_rule_0.75,hist_gradient_boosting,0.35,0.6662034489253824
last_third_by_subject,S4,blend_hist_gradient_boosting_rule_0.75,hist_gradient_boosting,0.5,0.6639012845619148
last_third_by_subject,S4,blend_hist_gradient_boosting_rule_0.75,hist_gradient_boosting,0.75,0.6765714052720844
last_third_by_subject,S4,blend_hist_gradient_boosting_rule_0.75,hist_gradient_boosting,1.0,0.7246689546237784
last_third_by_subject,S4,model_mlp,mlp,0.0,0.6943827548259608
last_third_by_subject,S4,model_mlp,mlp,0.15,0.6839872948360431
last_third_by_subject,S4,model_mlp,mlp,0.25,0.686323997741146
last_third_by_subject,S4,model_mlp,mlp,0.35,0.6966300759042247
last_third_by_subject,S4,model_mlp,mlp,0.5,0.7297547042878803
last_third_by_subject,S4,model_mlp,mlp,0.75,0.8598881048247827
last_third_by_subject,S4,model_mlp,mlp,1.0,1.6090376053236677
last_third_by_subject,S4,blend_mlp_rule_0.25,mlp,0.0,0.6943827548259608
last_third_by_subject,S4,blend_mlp_rule_0.25,mlp,0.15,0.6657117291660266
last_third_by_subject,S4,blend_mlp_rule_0.25,mlp,0.25,0.6549914775706819
last_third_by_subject,S4,blend_mlp_rule_0.25,mlp,0.35,0.6512494000129488
last_third_by_subject,S4,blend_mlp_rule_0.25,mlp,0.5,0.660600395066461
last_third_by_subject,S4,blend_mlp_rule_0.25,mlp,0.75,0.7374329197399104
last_third_by_subject,S4,blend_mlp_rule_0.25,mlp,1.0,1.4450893163329177
last_third_by_subject,S4,blend_mlp_rule_0.5,mlp,0.0,0.6943827548259608
last_third_by_subject,S4,blend_mlp_rule_0.5,mlp,0.15,0.6701236512827313
last_third_by_subject,S4,blend_mlp_rule_0.5,mlp,0.25,0.6607493385051512
last_third_by_subject,S4,blend_mlp_rule_0.5,mlp,0.35,0.6570655333627053
last_third_by_subject,S4,blend_mlp_rule_0.5,mlp,0.5,0.663866514299122
last_third_by_subject,S4,blend_mlp_rule_0.5,mlp,0.75,0.7266577343750185
last_third_by_subject,S4,blend_mlp_rule_0.5,mlp,1.0,1.293300650527279
last_third_by_subject,S4,blend_mlp_rule_0.75,mlp,0.0,0.6943827548259608
last_third_by_subject,S4,blend_mlp_rule_0.75,mlp,0.15,0.6761999355207658
last_third_by_subject,S4,blend_mlp_rule_0.75,mlp,0.25,0.6711004960667597
last_third_by_subject,S4,blend_mlp_rule_0.75,mlp,0.35,0.6718733150719798
last_third_by_subject,S4,blend_mlp_rule_0.75,mlp,0.5,0.6856423186097734
last_third_by_subject,S4,blend_mlp_rule_0.75,mlp,0.75,0.7597613913149793
last_third_by_subject,S4,blend_mlp_rule_0.75,mlp,1.0,1.2784616970266995
last_third_by_subject,S4,model_lightgbm,lightgbm,0.0,0.6943827548259608
last_third_by_subject,S4,model_lightgbm,lightgbm,0.15,0.6896914337242709
last_third_by_subject,S4,model_lightgbm,lightgbm,0.25,0.6877659721275583
last_third_by_subject,S4,model_lightgbm,lightgbm,0.35,0.6868002877313115
last_third_by_subject,S4,model_lightgbm,lightgbm,0.5,0.6871854379102343
last_third_by_subject,S4,model_lightgbm,lightgbm,0.75,0.693048613017965
last_third_by_subject,S4,model_lightgbm,lightgbm,1.0,0.7065740733506225
last_third_by_subject,S4,blend_lightgbm_rule_0.25,lightgbm,0.0,0.6943827548259608
last_third_by_subject,S4,blend_lightgbm_rule_0.25,lightgbm,0.15,0.6679770144293068
last_third_by_subject,S4,blend_lightgbm_rule_0.25,lightgbm,0.25,0.6576982279252824
last_third_by_subject,S4,blend_lightgbm_rule_0.25,lightgbm,0.35,0.6533925830207914
last_third_by_subject,S4,blend_lightgbm_rule_0.25,lightgbm,0.5,0.6591539804721781
last_third_by_subject,S4,blend_lightgbm_rule_0.25,lightgbm,0.75,0.7113139754261024
last_third_by_subject,S4,blend_lightgbm_rule_0.25,lightgbm,1.0,0.8709480131046616
last_third_by_subject,S4,blend_lightgbm_rule_0.5,lightgbm,0.0,0.6943827548259608
last_third_by_subject,S4,blend_lightgbm_rule_0.5,lightgbm,0.15,0.674096870289477
last_third_by_subject,S4,blend_lightgbm_rule_0.5,lightgbm,0.25,0.6646148627546544
last_third_by_subject,S4,blend_lightgbm_rule_0.5,lightgbm,0.35,0.6583541680813642
last_third_by_subject,S4,blend_lightgbm_rule_0.5,lightgbm,0.5,0.6552461168486907
last_third_by_subject,S4,blend_lightgbm_rule_0.5,lightgbm,0.75,0.6693781518033397
last_third_by_subject,S4,blend_lightgbm_rule_0.5,lightgbm,1.0,0.7185727381940642
last_third_by_subject,S4,blend_lightgbm_rule_0.75,lightgbm,0.0,0.6943827548259608
last_third_by_subject,S4,blend_lightgbm_rule_0.75,lightgbm,0.15,0.6813306272487185
last_third_by_subject,S4,blend_lightgbm_rule_0.75,lightgbm,0.25,0.6746304640420039
last_third_by_subject,S4,blend_lightgbm_rule_0.75,lightgbm,0.35,0.6695085492918833
last_third_by_subject,S4,blend_lightgbm_rule_0.75,lightgbm,0.5,0.6648301799882311
last_third_by_subject,S4,blend_lightgbm_rule_0.75,lightgbm,0.75,0.6656987393678823
last_third_by_subject,S4,blend_lightgbm_rule_0.75,lightgbm,1.0,0.6800590179067857
last_third_by_subject,S4,model_catboost,catboost,0.0,0.6943827548259608
last_third_by_subject,S4,model_catboost,catboost,0.15,0.6896693740880694
last_third_by_subject,S4,model_catboost,catboost,0.25,0.6870712759327093
last_third_by_subject,S4,model_catboost,catboost,0.35,0.6849035291031974
last_third_by_subject,S4,model_catboost,catboost,0.5,0.6824569357036794
last_third_by_subject,S4,model_catboost,catboost,0.75,0.6805538481690756
last_third_by_subject,S4,model_catboost,catboost,1.0,0.6814940980466789
last_third_by_subject,S4,blend_catboost_rule_0.25,catboost,0.0,0.6943827548259608
last_third_by_subject,S4,blend_catboost_rule_0.25,catboost,0.15,0.6678977316653217
last_third_by_subject,S4,blend_catboost_rule_0.25,catboost,0.25,0.6573151140442604
last_third_by_subject,S4,blend_catboost_rule_0.25,catboost,0.35,0.6524788532002779
last_third_by_subject,S4,blend_catboost_rule_0.25,catboost,0.5,0.656889439971552
last_third_by_subject,S4,blend_catboost_rule_0.25,catboost,0.75,0.7039735660495519
last_third_by_subject,S4,blend_catboost_rule_0.25,catboost,1.0,0.8435512197016855
last_third_by_subject,S4,blend_catboost_rule_0.5,catboost,0.0,0.6943827548259608
last_third_by_subject,S4,blend_catboost_rule_0.5,catboost,0.15,0.6739910969378254
last_third_by_subject,S4,blend_catboost_rule_0.5,catboost,0.25,0.6640088553835194
last_third_by_subject,S4,blend_catboost_rule_0.5,catboost,0.35,0.6568885955107524
last_third_by_subject,S4,blend_catboost_rule_0.5,catboost,0.5,0.6517143847687771
last_third_by_subject,S4,blend_catboost_rule_0.5,catboost,0.75,0.6593872936675843
last_third_by_subject,S4,blend_catboost_rule_0.5,catboost,1.0,0.6937447595208498
last_third_by_subject,S4,blend_catboost_rule_0.75,catboost,0.0,0.6943827548259608
last_third_by_subject,S4,blend_catboost_rule_0.75,catboost,0.15,0.6812459281824719
last_third_by_subject,S4,blend_catboost_rule_0.75,catboost,0.25,0.673932177705022
last_third_by_subject,S4,blend_catboost_rule_0.75,catboost,0.35,0.6677533884721066
last_third_by_subject,S4,blend_catboost_rule_0.75,catboost,0.5,0.6606165247216378
last_third_by_subject,S4,blend_catboost_rule_0.75,catboost,0.75,0.6546234582208733
last_third_by_subject,S4,blend_catboost_rule_0.75,catboost,1.0,0.656906334287212
last_third_by_subject,S4,meta_rule_extra_trees,extra_trees,0.0,0.6943827548259608
last_third_by_subject,S4,meta_rule_extra_trees,extra_trees,0.15,0.6878150333512005
last_third_by_subject,S4,meta_rule_extra_trees,extra_trees,0.25,0.6842727474267388
last_third_by_subject,S4,meta_rule_extra_trees,extra_trees,0.35,0.6813814760165137
last_third_by_subject,S4,meta_rule_extra_trees,extra_trees,0.5,0.6782476831263777
last_third_by_subject,S4,meta_rule_extra_trees,extra_trees,0.75,0.6762383475168987
last_third_by_subject,S4,meta_rule_extra_trees,extra_trees,1.0,0.6784183955447468
last_third_by_subject,S4,meta_rule_lightgbm,lightgbm,0.0,0.6943827548259608
last_third_by_subject,S4,meta_rule_lightgbm,lightgbm,0.15,0.6882841864462153
last_third_by_subject,S4,meta_rule_lightgbm,lightgbm,0.25,0.6854933880712512
last_third_by_subject,S4,meta_rule_lightgbm,lightgbm,0.35,0.6837204661987197
last_third_by_subject,S4,meta_rule_lightgbm,lightgbm,0.5,0.6830087209960235
last_third_by_subject,S4,meta_rule_lightgbm,lightgbm,0.75,0.6873972955967507
last_third_by_subject,S4,meta_rule_lightgbm,lightgbm,1.0,0.700078861605497
last_third_by_subject,S4,meta_rule_catboost,catboost,0.0,0.6943827548259608
last_third_by_subject,S4,meta_rule_catboost,catboost,0.15,0.6893854541875476
last_third_by_subject,S4,meta_rule_catboost,catboost,0.25,0.6865628490353395
last_third_by_subject,S4,meta_rule_catboost,catboost,0.35,0.6841426928247738
last_third_by_subject,S4,meta_rule_catboost,catboost,0.5,0.6812656332831651
last_third_by_subject,S4,meta_rule_catboost,catboost,0.75,0.678509434725744
last_third_by_subject,S4,meta_rule_catboost,catboost,1.0,0.6784382075717378
last_third_by_subject,S4,meta_rule_hist_gradient_boosting,hist_gradient_boosting,0.0,0.6943827548259608
last_third_by_subject,S4,meta_rule_hist_gradient_boosting,hist_gradient_boosting,0.15,0.6860530083841744
last_third_by_subject,S4,meta_rule_hist_gradient_boosting,hist_gradient_boosting,0.25,0.6833016121995306
last_third_by_subject,S4,meta_rule_hist_gradient_boosting,hist_gradient_boosting,0.35,0.6828633951692769
last_third_by_subject,S4,meta_rule_hist_gradient_boosting,hist_gradient_boosting,0.5,0.6868729764339827
last_third_by_subject,S4,meta_rule_hist_gradient_boosting,hist_gradient_boosting,0.75,0.7086235924789983
last_third_by_subject,S4,meta_rule_hist_gradient_boosting,hist_gradient_boosting,1.0,0.7598000929884395
last_fifth_by_subject,Q1,history_blend,history,1.0,0.6647961745178605
last_fifth_by_subject,Q1,rule_subject_strategy_tuned,rule,0.0,0.7008531133902871
last_fifth_by_subject,Q1,rule_subject_strategy_tuned,rule,0.15,0.6996296276739752
last_fifth_by_subject,Q1,rule_subject_strategy_tuned,rule,0.25,0.712090519582467
last_fifth_by_subject,Q1,rule_subject_strategy_tuned,rule,0.35,0.7364358822196488
last_fifth_by_subject,Q1,rule_subject_strategy_tuned,rule,0.5,0.8006433066898331
last_fifth_by_subject,Q1,rule_subject_strategy_tuned,rule,0.75,1.0380052296881177
last_fifth_by_subject,Q1,rule_subject_strategy_tuned,rule,1.0,4.265895543389171
last_fifth_by_subject,Q1,model_logistic_regression,logistic_regression,0.0,0.7008531133902871
last_fifth_by_subject,Q1,model_logistic_regression,logistic_regression,0.15,0.715245568490466
last_fifth_by_subject,Q1,model_logistic_regression,logistic_regression,0.25,0.7331137561336175
last_fifth_by_subject,Q1,model_logistic_regression,logistic_regression,0.35,0.7584726844799842
last_fifth_by_subject,Q1,model_logistic_regression,logistic_regression,0.5,0.813767198153142
last_fifth_by_subject,Q1,model_logistic_regression,logistic_regression,0.75,0.9814862161021022
last_fifth_by_subject,Q1,model_logistic_regression,logistic_regression,1.0,1.7516133285915374
last_fifth_by_subject,Q1,blend_logistic_regression_rule_0.25,logistic_regression,0.0,0.7008531133902871
last_fifth_by_subject,Q1,blend_logistic_regression_rule_0.25,logistic_regression,0.15,0.6999643413896781
last_fifth_by_subject,Q1,blend_logistic_regression_rule_0.25,logistic_regression,0.25,0.7072099559608589
last_fifth_by_subject,Q1,blend_logistic_regression_rule_0.25,logistic_regression,0.35,0.7212932942278678
last_fifth_by_subject,Q1,blend_logistic_regression_rule_0.25,logistic_regression,0.5,0.757554676290845
last_fifth_by_subject,Q1,blend_logistic_regression_rule_0.25,logistic_regression,0.75,0.880333620047563
last_fifth_by_subject,Q1,blend_logistic_regression_rule_0.25,logistic_regression,1.0,1.5014190364592521
last_fifth_by_subject,Q1,blend_logistic_regression_rule_0.5,logistic_regression,0.0,0.7008531133902871
last_fifth_by_subject,Q1,blend_logistic_regression_rule_0.5,logistic_regression,0.15,0.7026603886218235
last_fifth_by_subject,Q1,blend_logistic_regression_rule_0.5,logistic_regression,0.25,0.7090662609367275
last_fifth_by_subject,Q1,blend_logistic_regression_rule_0.5,logistic_regression,0.35,0.7200545986624631
last_fifth_by_subject,Q1,blend_logistic_regression_rule_0.5,logistic_regression,0.5,0.7468425220779707
last_fifth_by_subject,Q1,blend_logistic_regression_rule_0.5,logistic_regression,0.75,0.835420026189684
last_fifth_by_subject,Q1,blend_logistic_regression_rule_0.5,logistic_regression,1.0,1.2951941669486655
last_fifth_by_subject,Q1,blend_logistic_regression_rule_0.75,logistic_regression,0.0,0.7008531133902871
last_fifth_by_subject,Q1,blend_logistic_regression_rule_0.75,logistic_regression,0.15,0.7077287066264868
last_fifth_by_subject,Q1,blend_logistic_regression_rule_0.75,logistic_regression,0.25,0.7175604614898089
last_fifth_by_subject,Q1,blend_logistic_regression_rule_0.75,logistic_regression,0.35,0.7319892530783455
last_fifth_by_subject,Q1,blend_logistic_regression_rule_0.75,logistic_regression,0.5,0.7638247599217399
last_fifth_by_subject,Q1,blend_logistic_regression_rule_0.75,logistic_regression,0.75,0.8587586503836455
last_fifth_by_subject,Q1,blend_logistic_regression_rule_0.75,logistic_regression,1.0,1.2759854282027945
last_fifth_by_subject,Q1,model_linear_svc,linear_svc,0.0,0.7008531133902871
last_fifth_by_subject,Q1,model_linear_svc,linear_svc,0.15,0.7158153952405543
last_fifth_by_subject,Q1,model_linear_svc,linear_svc,0.25,0.7318367226635112
last_fifth_by_subject,Q1,model_linear_svc,linear_svc,0.35,0.7532577927736094
last_fifth_by_subject,Q1,model_linear_svc,linear_svc,0.5,0.7974447063616036
last_fifth_by_subject,Q1,model_linear_svc,linear_svc,0.75,0.919209537424392
last_fifth_by_subject,Q1,model_linear_svc,linear_svc,1.0,1.2709055080565483
last_fifth_by_subject,Q1,blend_linear_svc_rule_0.25,linear_svc,0.0,0.7008531133902871
last_fifth_by_subject,Q1,blend_linear_svc_rule_0.25,linear_svc,0.15,0.7004427847238385
last_fifth_by_subject,Q1,blend_linear_svc_rule_0.25,linear_svc,0.25,0.7078526236351136
last_fifth_by_subject,Q1,blend_linear_svc_rule_0.25,linear_svc,0.35,0.7219446370547493
last_fifth_by_subject,Q1,blend_linear_svc_rule_0.25,linear_svc,0.5,0.7577407673862488
last_fifth_by_subject,Q1,blend_linear_svc_rule_0.25,linear_svc,0.75,0.875767071955316
last_fifth_by_subject,Q1,blend_linear_svc_rule_0.25,linear_svc,1.0,1.3137099619182453
last_fifth_by_subject,Q1,blend_linear_svc_rule_0.5,linear_svc,0.0,0.7008531133902871
last_fifth_by_subject,Q1,blend_linear_svc_rule_0.5,linear_svc,0.15,0.7033969396722949
last_fifth_by_subject,Q1,blend_linear_svc_rule_0.5,linear_svc,0.25,0.7097304107469921
last_fifth_by_subject,Q1,blend_linear_svc_rule_0.5,linear_svc,0.35,0.7201207858737811
last_fifth_by_subject,Q1,blend_linear_svc_rule_0.5,linear_svc,0.5,0.7446480705639131
last_fifth_by_subject,Q1,blend_linear_svc_rule_0.5,linear_svc,0.75,0.8212682316383944
last_fifth_by_subject,Q1,blend_linear_svc_rule_0.5,linear_svc,1.0,1.0994924046980386
last_fifth_by_subject,Q1,blend_linear_svc_rule_0.75,linear_svc,0.0,0.7008531133902871
last_fifth_by_subject,Q1,blend_linear_svc_rule_0.75,linear_svc,0.15,0.7085012448621071
last_fifth_by_subject,Q1,blend_linear_svc_rule_0.75,linear_svc,0.25,0.7176244763738049
last_fifth_by_subject,Q1,blend_linear_svc_rule_0.75,linear_svc,0.35,0.7302543511518247
last_fifth_by_subject,Q1,blend_linear_svc_rule_0.75,linear_svc,0.5,0.756835998433212
last_fifth_by_subject,Q1,blend_linear_svc_rule_0.75,linear_svc,0.75,0.8306535441321264
last_fifth_by_subject,Q1,blend_linear_svc_rule_0.75,linear_svc,1.0,1.062907043675428
last_fifth_by_subject,Q1,model_svc_rbf,svc_rbf,0.0,0.7008531133902871
last_fifth_by_subject,Q1,model_svc_rbf,svc_rbf,0.15,0.6972136104737668
last_fifth_by_subject,Q1,model_svc_rbf,svc_rbf,0.25,0.6953570971851497
last_fifth_by_subject,Q1,model_svc_rbf,svc_rbf,0.35,0.693950464804357
last_fifth_by_subject,Q1,model_svc_rbf,svc_rbf,0.5,0.6926822789232612
last_fifth_by_subject,Q1,model_svc_rbf,svc_rbf,0.75,0.6928504018244729
last_fifth_by_subject,Q1,model_svc_rbf,svc_rbf,1.0,0.6960314822730278
last_fifth_by_subject,Q1,blend_svc_rbf_rule_0.25,svc_rbf,0.0,0.7008531133902871
last_fifth_by_subject,Q1,blend_svc_rbf_rule_0.25,svc_rbf,0.15,0.696993590638804
last_fifth_by_subject,Q1,blend_svc_rbf_rule_0.25,svc_rbf,0.25,0.7020423834277602
last_fifth_by_subject,Q1,blend_svc_rbf_rule_0.25,svc_rbf,0.35,0.713547502401926
last_fifth_by_subject,Q1,blend_svc_rbf_rule_0.25,svc_rbf,0.5,0.7443983456261398
last_fifth_by_subject,Q1,blend_svc_rbf_rule_0.25,svc_rbf,0.75,0.8440813540114487
last_fifth_by_subject,Q1,blend_svc_rbf_rule_0.25,svc_rbf,1.0,1.0589746311345325
last_fifth_by_subject,Q1,blend_svc_rbf_rule_0.5,svc_rbf,0.0,0.7008531133902871
last_fifth_by_subject,Q1,blend_svc_rbf_rule_0.5,svc_rbf,0.15,0.6957249854266948
last_fifth_by_subject,Q1,blend_svc_rbf_rule_0.5,svc_rbf,0.25,0.6960227003320554
last_fifth_by_subject,Q1,blend_svc_rbf_rule_0.5,svc_rbf,0.35,0.6993566628383996
last_fifth_by_subject,Q1,blend_svc_rbf_rule_0.5,svc_rbf,0.5,0.710356562016856
last_fifth_by_subject,Q1,blend_svc_rbf_rule_0.5,svc_rbf,0.75,0.7469966147428065
last_fifth_by_subject,Q1,blend_svc_rbf_rule_0.5,svc_rbf,1.0,0.8143182814374655
last_fifth_by_subject,Q1,blend_svc_rbf_rule_0.75,svc_rbf,0.0,0.7008531133902871
last_fifth_by_subject,Q1,blend_svc_rbf_rule_0.75,svc_rbf,0.15,0.6958013885649018
last_fifth_by_subject,Q1,blend_svc_rbf_rule_0.75,svc_rbf,0.25,0.69382596653956
last_fifth_by_subject,Q1,blend_svc_rbf_rule_0.75,svc_rbf,0.35,0.6929633227442117
last_fifth_by_subject,Q1,blend_svc_rbf_rule_0.75,svc_rbf,0.5,0.6937909925177084
last_fifth_by_subject,Q1,blend_svc_rbf_rule_0.75,svc_rbf,0.75,0.7011559769433116
last_fifth_by_subject,Q1,blend_svc_rbf_rule_0.75,svc_rbf,1.0,0.7170685359123822
last_fifth_by_subject,Q1,model_random_forest,random_forest,0.0,0.7008531133902871
last_fifth_by_subject,Q1,model_random_forest,random_forest,0.15,0.6945263642661234
last_fifth_by_subject,Q1,model_random_forest,random_forest,0.25,0.6907624674420264
last_fifth_by_subject,Q1,model_random_forest,random_forest,0.35,0.6873540683629952
last_fifth_by_subject,Q1,model_random_forest,random_forest,0.5,0.6828992988844297
last_fifth_by_subject,Q1,model_random_forest,random_forest,0.75,0.677220526177069
last_fifth_by_subject,Q1,model_random_forest,random_forest,1.0,0.6737633168374452
last_fifth_by_subject,Q1,blend_random_forest_rule_0.25,random_forest,0.0,0.7008531133902871
last_fifth_by_subject,Q1,blend_random_forest_rule_0.25,random_forest,0.15,0.6964273408494478
last_fifth_by_subject,Q1,blend_random_forest_rule_0.25,random_forest,0.25,0.7011708590242446
last_fifth_by_subject,Q1,blend_random_forest_rule_0.25,random_forest,0.35,0.7124134100668219
last_fifth_by_subject,Q1,blend_random_forest_rule_0.25,random_forest,0.5,0.7429246482541235
last_fifth_by_subject,Q1,blend_random_forest_rule_0.25,random_forest,0.75,0.8420310467231128
last_fifth_by_subject,Q1,blend_random_forest_rule_0.25,random_forest,1.0,1.055014284121892
last_fifth_by_subject,Q1,blend_random_forest_rule_0.5,random_forest,0.0,0.7008531133902871
last_fifth_by_subject,Q1,blend_random_forest_rule_0.5,random_forest,0.15,0.6945259712796822
last_fifth_by_subject,Q1,blend_random_forest_rule_0.5,random_forest,0.25,0.69410996274751
last_fifth_by_subject,Q1,blend_random_forest_rule_0.5,random_forest,0.35,0.6967799215021107
last_fifth_by_subject,Q1,blend_random_forest_rule_0.5,random_forest,0.5,0.7068393643460872
last_fifth_by_subject,Q1,blend_random_forest_rule_0.5,random_forest,0.75,0.741863294236064
last_fifth_by_subject,Q1,blend_random_forest_rule_0.5,random_forest,1.0,0.8068209173043271
last_fifth_by_subject,Q1,blend_random_forest_rule_0.75,random_forest,0.0,0.7008531133902871
last_fifth_by_subject,Q1,blend_random_forest_rule_0.75,random_forest,0.15,0.6938977571135454
last_fifth_by_subject,Q1,blend_random_forest_rule_0.75,random_forest,0.25,0.6906829631078849
last_fifth_by_subject,Q1,blend_random_forest_rule_0.75,random_forest,0.35,0.6885949037894001
last_fifth_by_subject,Q1,blend_random_forest_rule_0.75,random_forest,0.5,0.6875884624866743
last_fifth_by_subject,Q1,blend_random_forest_rule_0.75,random_forest,0.75,0.6917962310605836
last_fifth_by_subject,Q1,blend_random_forest_rule_0.75,random_forest,1.0,0.7041434239455825
last_fifth_by_subject,Q1,model_extra_trees,extra_trees,0.0,0.7008531133902871
last_fifth_by_subject,Q1,model_extra_trees,extra_trees,0.15,0.6915753128344221
last_fifth_by_subject,Q1,model_extra_trees,extra_trees,0.25,0.6859189343164529
last_fifth_by_subject,Q1,model_extra_trees,extra_trees,0.35,0.6806705993647705
last_fifth_by_subject,Q1,model_extra_trees,extra_trees,0.5,0.6735432492648227
last_fifth_by_subject,Q1,model_extra_trees,extra_trees,0.75,0.663611575389549
last_fifth_by_subject,Q1,model_extra_trees,extra_trees,1.0,0.6561281084090484
last_fifth_by_subject,Q1,blend_extra_trees_rule_0.25,extra_trees,0.0,0.7008531133902871
last_fifth_by_subject,Q1,blend_extra_trees_rule_0.25,extra_trees,0.15,0.6956780195896322
last_fifth_by_subject,Q1,blend_extra_trees_rule_0.25,extra_trees,0.25,0.6999062761637035
last_fifth_by_subject,Q1,blend_extra_trees_rule_0.25,extra_trees,0.35,0.71059331918122
last_fifth_by_subject,Q1,blend_extra_trees_rule_0.25,extra_trees,0.5,0.7401298392440592
last_fifth_by_subject,Q1,blend_extra_trees_rule_0.25,extra_trees,0.75,0.83678900049292
last_fifth_by_subject,Q1,blend_extra_trees_rule_0.25,extra_trees,1.0,1.044119448080053
last_fifth_by_subject,Q1,blend_extra_trees_rule_0.5,extra_trees,0.0,0.7008531133902871
last_fifth_by_subject,Q1,blend_extra_trees_rule_0.5,extra_trees,0.15,0.6930391232729078
last_fifth_by_subject,Q1,blend_extra_trees_rule_0.5,extra_trees,0.25,0.6916361925551583
last_fifth_by_subject,Q1,blend_extra_trees_rule_0.5,extra_trees,0.35,0.6932966720140347
last_fifth_by_subject,Q1,blend_extra_trees_rule_0.5,extra_trees,0.5,0.7017497257228749
last_fifth_by_subject,Q1,blend_extra_trees_rule_0.5,extra_trees,0.75,0.7336242524760132
last_fifth_by_subject,Q1,blend_extra_trees_rule_0.5,extra_trees,1.0,0.7943195741572192
last_fifth_by_subject,Q1,blend_extra_trees_rule_0.75,extra_trees,0.0,0.7008531133902871
last_fifth_by_subject,Q1,blend_extra_trees_rule_0.75,extra_trees,0.15,0.6916789826571901
last_fifth_by_subject,Q1,blend_extra_trees_rule_0.75,extra_trees,0.25,0.6870252175984948
last_fifth_by_subject,Q1,blend_extra_trees_rule_0.75,extra_trees,0.35,0.683514864805022
last_fifth_by_subject,Q1,blend_extra_trees_rule_0.75,extra_trees,0.5,0.6803809914062853
last_fifth_by_subject,Q1,blend_extra_trees_rule_0.75,extra_trees,0.75,0.6809752935157917
last_fifth_by_subject,Q1,blend_extra_trees_rule_0.75,extra_trees,1.0,0.6895197119923218
last_fifth_by_subject,Q1,model_hist_gradient_boosting,hist_gradient_boosting,0.0,0.7008531133902871
last_fifth_by_subject,Q1,model_hist_gradient_boosting,hist_gradient_boosting,0.15,0.6969932442200334
last_fifth_by_subject,Q1,model_hist_gradient_boosting,hist_gradient_boosting,0.25,0.6964222065446138
last_fifth_by_subject,Q1,model_hist_gradient_boosting,hist_gradient_boosting,0.35,0.6975019403575738
last_fifth_by_subject,Q1,model_hist_gradient_boosting,hist_gradient_boosting,0.5,0.7024213204827149
last_fifth_by_subject,Q1,model_hist_gradient_boosting,hist_gradient_boosting,0.75,0.7209787987605552
last_fifth_by_subject,Q1,model_hist_gradient_boosting,hist_gradient_boosting,1.0,0.7585349337722386
last_fifth_by_subject,Q1,blend_hist_gradient_boosting_rule_0.25,hist_gradient_boosting,0.0,0.7008531133902871
last_fifth_by_subject,Q1,blend_hist_gradient_boosting_rule_0.25,hist_gradient_boosting,0.15,0.6969055437438437
last_fifth_by_subject,Q1,blend_hist_gradient_boosting_rule_0.25,hist_gradient_boosting,0.25,0.7022272661328002
last_fifth_by_subject,Q1,blend_hist_gradient_boosting_rule_0.25,hist_gradient_boosting,0.35,0.7143240649100353
last_fifth_by_subject,Q1,blend_hist_gradient_boosting_rule_0.25,hist_gradient_boosting,0.5,0.746909065268034
last_fifth_by_subject,Q1,blend_hist_gradient_boosting_rule_0.25,hist_gradient_boosting,0.75,0.8545751788744046
last_fifth_by_subject,Q1,blend_hist_gradient_boosting_rule_0.25,hist_gradient_boosting,1.0,1.118393428290006
last_fifth_by_subject,Q1,blend_hist_gradient_boosting_rule_0.5,hist_gradient_boosting,0.0,0.7008531133902871
last_fifth_by_subject,Q1,blend_hist_gradient_boosting_rule_0.5,hist_gradient_boosting,0.15,0.6955707263978433
last_fifth_by_subject,Q1,blend_hist_gradient_boosting_rule_0.5,hist_gradient_boosting,0.25,0.6964450091422989
last_fifth_by_subject,Q1,blend_hist_gradient_boosting_rule_0.5,hist_gradient_boosting,0.35,0.7009739786857345
last_fifth_by_subject,Q1,blend_hist_gradient_boosting_rule_0.5,hist_gradient_boosting,0.5,0.7152461607938473
last_fifth_by_subject,Q1,blend_hist_gradient_boosting_rule_0.5,hist_gradient_boosting,0.75,0.764210948448865
last_fifth_by_subject,Q1,blend_hist_gradient_boosting_rule_0.5,hist_gradient_boosting,1.0,0.8709063621037438
last_fifth_by_subject,Q1,blend_hist_gradient_boosting_rule_0.75,hist_gradient_boosting,0.0,0.7008531133902871
last_fifth_by_subject,Q1,blend_hist_gradient_boosting_rule_0.75,hist_gradient_boosting,0.15,0.6956018762674712
last_fifth_by_subject,Q1,blend_hist_gradient_boosting_rule_0.75,hist_gradient_boosting,0.25,0.6945325139207867
last_fifth_by_subject,Q1,blend_hist_gradient_boosting_rule_0.75,hist_gradient_boosting,0.35,0.6954689838709354
last_fifth_by_subject,Q1,blend_hist_gradient_boosting_rule_0.75,hist_gradient_boosting,0.5,0.7009245081509848
last_fifth_by_subject,Q1,blend_hist_gradient_boosting_rule_0.75,hist_gradient_boosting,0.75,0.7232251602698239
last_fifth_by_subject,Q1,blend_hist_gradient_boosting_rule_0.75,hist_gradient_boosting,1.0,0.7729075598611069
last_fifth_by_subject,Q1,model_mlp,mlp,0.0,0.7008531133902871
last_fifth_by_subject,Q1,model_mlp,mlp,0.15,0.7228561781274377
last_fifth_by_subject,Q1,model_mlp,mlp,0.25,0.7459183854921864
last_fifth_by_subject,Q1,model_mlp,mlp,0.35,0.7766920204964949
last_fifth_by_subject,Q1,model_mlp,mlp,0.5,0.8408585965491281
last_fifth_by_subject,Q1,model_mlp,mlp,0.75,1.0280726937715354
last_fifth_by_subject,Q1,model_mlp,mlp,1.0,1.830716982566949
last_fifth_by_subject,Q1,blend_mlp_rule_0.25,mlp,0.0,0.7008531133902871
last_fifth_by_subject,Q1,blend_mlp_rule_0.25,mlp,0.15,0.7026225500112279
last_fifth_by_subject,Q1,blend_mlp_rule_0.25,mlp,0.25,0.7125874384663635
last_fifth_by_subject,Q1,blend_mlp_rule_0.25,mlp,0.35,0.7303373147080515
last_fifth_by_subject,Q1,blend_mlp_rule_0.25,mlp,0.5,0.7745540257656152
last_fifth_by_subject,Q1,blend_mlp_rule_0.25,mlp,0.75,0.9237645657634226
last_fifth_by_subject,Q1,blend_mlp_rule_0.25,mlp,1.0,1.7553143870494108
last_fifth_by_subject,Q1,blend_mlp_rule_0.5,mlp,0.0,0.7008531133902871
last_fifth_by_subject,Q1,blend_mlp_rule_0.5,mlp,0.15,0.7074637778229674
last_fifth_by_subject,Q1,blend_mlp_rule_0.5,mlp,0.25,0.7183119069373408
last_fifth_by_subject,Q1,blend_mlp_rule_0.5,mlp,0.35,0.7349405697204977
last_fifth_by_subject,Q1,blend_mlp_rule_0.5,mlp,0.5,0.7731319864892491
last_fifth_by_subject,Q1,blend_mlp_rule_0.5,mlp,0.75,0.8949593155709488
last_fifth_by_subject,Q1,blend_mlp_rule_0.5,mlp,1.0,1.5373092160063495
last_fifth_by_subject,Q1,blend_mlp_rule_0.75,mlp,0.0,0.7008531133902871
last_fifth_by_subject,Q1,blend_mlp_rule_0.75,mlp,0.15,0.7141823011359142
last_fifth_by_subject,Q1,blend_mlp_rule_0.75,mlp,0.25,0.7292849018968055
last_fifth_by_subject,Q1,blend_mlp_rule_0.75,mlp,0.35,0.7499594047160784
last_fifth_by_subject,Q1,blend_mlp_rule_0.75,mlp,0.5,0.7936454327718316
last_fifth_by_subject,Q1,blend_mlp_rule_0.75,mlp,0.75,0.9208928619542984
last_fifth_by_subject,Q1,blend_mlp_rule_0.75,mlp,1.0,1.4974535615138385
last_fifth_by_subject,Q1,model_lightgbm,lightgbm,0.0,0.7008531133902871
last_fifth_by_subject,Q1,model_lightgbm,lightgbm,0.15,0.6960363879732816
last_fifth_by_subject,Q1,model_lightgbm,lightgbm,0.25,0.6936493495838698
last_fifth_by_subject,Q1,model_lightgbm,lightgbm,0.35,0.6919278912240474
last_fifth_by_subject,Q1,model_lightgbm,lightgbm,0.5,0.6906239128198383
last_fifth_by_subject,Q1,model_lightgbm,lightgbm,0.75,0.6920755877925844
last_fifth_by_subject,Q1,model_lightgbm,lightgbm,1.0,0.6986961080295796
last_fifth_by_subject,Q1,blend_lightgbm_rule_0.25,lightgbm,0.0,0.7008531133902871
last_fifth_by_subject,Q1,blend_lightgbm_rule_0.25,lightgbm,0.15,0.6968109086108594
last_fifth_by_subject,Q1,blend_lightgbm_rule_0.25,lightgbm,0.25,0.7019279500767028
last_fifth_by_subject,Q1,blend_lightgbm_rule_0.25,lightgbm,0.35,0.7136739336788078
last_fifth_by_subject,Q1,blend_lightgbm_rule_0.25,lightgbm,0.5,0.7453078561798275
last_fifth_by_subject,Q1,blend_lightgbm_rule_0.25,lightgbm,0.75,0.8484599584752341
last_fifth_by_subject,Q1,blend_lightgbm_rule_0.25,lightgbm,1.0,1.0786459626144653
last_fifth_by_subject,Q1,blend_lightgbm_rule_0.5,lightgbm,0.0,0.7008531133902871
last_fifth_by_subject,Q1,blend_lightgbm_rule_0.5,lightgbm,0.15,0.6952881331939188
last_fifth_by_subject,Q1,blend_lightgbm_rule_0.5,lightgbm,0.25,0.6955954757484314
last_fifth_by_subject,Q1,blend_lightgbm_rule_0.5,lightgbm,0.35,0.6992048083369866
last_fifth_by_subject,Q1,blend_lightgbm_rule_0.5,lightgbm,0.5,0.711214448439112
last_fifth_by_subject,Q1,blend_lightgbm_rule_0.5,lightgbm,0.75,0.7519368085133317
last_fifth_by_subject,Q1,blend_lightgbm_rule_0.5,lightgbm,1.0,0.8300864988761099
last_fifth_by_subject,Q1,blend_lightgbm_rule_0.75,lightgbm,0.0,0.7008531133902871
last_fifth_by_subject,Q1,blend_lightgbm_rule_0.75,lightgbm,0.15,0.6950346710157587
last_fifth_by_subject,Q1,blend_lightgbm_rule_0.75,lightgbm,0.25,0.6928739473994543
last_fifth_by_subject,Q1,blend_lightgbm_rule_0.75,lightgbm,0.35,0.692108569474005
last_fifth_by_subject,Q1,blend_lightgbm_rule_0.75,lightgbm,0.5,0.693679812177601
last_fifth_by_subject,Q1,blend_lightgbm_rule_0.75,lightgbm,0.75,0.7043253306792923
last_fifth_by_subject,Q1,blend_lightgbm_rule_0.75,lightgbm,1.0,0.7275398851682692
last_fifth_by_subject,Q1,model_catboost,catboost,0.0,0.7008531133902871
last_fifth_by_subject,Q1,model_catboost,catboost,0.15,0.694506459667242
last_fifth_by_subject,Q1,model_catboost,catboost,0.25,0.6906726848243842
last_fifth_by_subject,Q1,model_catboost,catboost,0.35,0.6871488987663595
last_fifth_by_subject,Q1,model_catboost,catboost,0.5,0.6824349781055233
last_fifth_by_subject,Q1,model_catboost,catboost,0.75,0.6760903109697481
last_fifth_by_subject,Q1,model_catboost,catboost,1.0,0.6716639698723885
last_fifth_by_subject,Q1,blend_catboost_rule_0.25,catboost,0.0,0.7008531133902871
last_fifth_by_subject,Q1,blend_catboost_rule_0.25,catboost,0.15,0.6964065946223202
last_fifth_by_subject,Q1,blend_catboost_rule_0.25,catboost,0.25,0.7011023473841139
last_fifth_by_subject,Q1,blend_catboost_rule_0.25,catboost,0.35,0.7122648321297516
last_fifth_by_subject,Q1,blend_catboost_rule_0.25,catboost,0.5,0.7425754795344646
last_fifth_by_subject,Q1,blend_catboost_rule_0.25,catboost,0.75,0.8409473311619056
last_fifth_by_subject,Q1,blend_catboost_rule_0.25,catboost,1.0,1.051425823801246
last_fifth_by_subject,Q1,blend_catboost_rule_0.5,catboost,0.0,0.7008531133902871
last_fifth_by_subject,Q1,blend_catboost_rule_0.5,catboost,0.15,0.6944953510523775
last_fifth_by_subject,Q1,blend_catboost_rule_0.5,catboost,0.25,0.6940059226219076
last_fifth_by_subject,Q1,blend_catboost_rule_0.5,catboost,0.35,0.6965559177962252
last_fifth_by_subject,Q1,blend_catboost_rule_0.5,catboost,0.5,0.7063333041762359
last_fifth_by_subject,Q1,blend_catboost_rule_0.5,catboost,0.75,0.7405063170573483
last_fifth_by_subject,Q1,blend_catboost_rule_0.5,catboost,1.0,0.8037364541010553
last_fifth_by_subject,Q1,blend_catboost_rule_0.75,catboost,0.0,0.7008531133902871
last_fifth_by_subject,Q1,blend_catboost_rule_0.75,catboost,0.15,0.6938676040647566
last_fifth_by_subject,Q1,blend_catboost_rule_0.75,catboost,0.25,0.6905729779682553
last_fifth_by_subject,Q1,blend_catboost_rule_0.75,catboost,0.35,0.6883559567679325
last_fifth_by_subject,Q1,blend_catboost_rule_0.75,catboost,0.5,0.6870588655226966
last_fifth_by_subject,Q1,blend_catboost_rule_0.75,catboost,0.75,0.6904890388209642
last_fifth_by_subject,Q1,blend_catboost_rule_0.75,catboost,1.0,0.7015956779081127
last_fifth_by_subject,Q1,meta_rule_extra_trees,extra_trees,0.0,0.7008531133902871
last_fifth_by_subject,Q1,meta_rule_extra_trees,extra_trees,0.15,0.6917324016961103
last_fifth_by_subject,Q1,meta_rule_extra_trees,extra_trees,0.25,0.6861845112867435
last_fifth_by_subject,Q1,meta_rule_extra_trees,extra_trees,0.35,0.6810450434932567
last_fifth_by_subject,Q1,meta_rule_extra_trees,extra_trees,0.5,0.674077742497659
last_fifth_by_subject,Q1,meta_rule_extra_trees,extra_trees,0.75,0.664391146677003
last_fifth_by_subject,Q1,meta_rule_extra_trees,extra_trees,1.0,0.6571035833077762
last_fifth_by_subject,Q1,meta_rule_lightgbm,lightgbm,0.0,0.7008531133902871
last_fifth_by_subject,Q1,meta_rule_lightgbm,lightgbm,0.15,0.6966157451018135
last_fifth_by_subject,Q1,meta_rule_lightgbm,lightgbm,0.25,0.6946248559273472
last_fifth_by_subject,Q1,meta_rule_lightgbm,lightgbm,0.35,0.6933014488514491
last_fifth_by_subject,Q1,meta_rule_lightgbm,lightgbm,0.5,0.6925853823189931
last_fifth_by_subject,Q1,meta_rule_lightgbm,lightgbm,0.75,0.6949298246905807
last_fifth_by_subject,Q1,meta_rule_lightgbm,lightgbm,1.0,0.7021719632924505
last_fifth_by_subject,Q1,meta_rule_catboost,catboost,0.0,0.7008531133902871
last_fifth_by_subject,Q1,meta_rule_catboost,catboost,0.15,0.6943865182543717
last_fifth_by_subject,Q1,meta_rule_catboost,catboost,0.25,0.6903970087468211
last_fifth_by_subject,Q1,meta_rule_catboost,catboost,0.35,0.6866595841362012
last_fifth_by_subject,Q1,meta_rule_catboost,catboost,0.5,0.6815191949205708
last_fifth_by_subject,Q1,meta_rule_catboost,catboost,0.75,0.6741797231005998
last_fifth_by_subject,Q1,meta_rule_catboost,catboost,1.0,0.6683771356939053
last_fifth_by_subject,Q1,meta_rule_hist_gradient_boosting,hist_gradient_boosting,0.0,0.7008531133902871
last_fifth_by_subject,Q1,meta_rule_hist_gradient_boosting,hist_gradient_boosting,0.15,0.6969932442200334
last_fifth_by_subject,Q1,meta_rule_hist_gradient_boosting,hist_gradient_boosting,0.25,0.6964222065446138
last_fifth_by_subject,Q1,meta_rule_hist_gradient_boosting,hist_gradient_boosting,0.35,0.6975019403575738
last_fifth_by_subject,Q1,meta_rule_hist_gradient_boosting,hist_gradient_boosting,0.5,0.7024213204827149
last_fifth_by_subject,Q1,meta_rule_hist_gradient_boosting,hist_gradient_boosting,0.75,0.7209787987605552
last_fifth_by_subject,Q1,meta_rule_hist_gradient_boosting,hist_gradient_boosting,1.0,0.7585349337722386
last_fifth_by_subject,Q2,history_blend,history,1.0,0.6549659659565019
last_fifth_by_subject,Q2,rule_subject_strategy_tuned,rule,0.0,0.67271325891889
last_fifth_by_subject,Q2,rule_subject_strategy_tuned,rule,0.15,0.6527964222700157
last_fifth_by_subject,Q2,rule_subject_strategy_tuned,rule,0.25,0.651336116337007
last_fifth_by_subject,Q2,rule_subject_strategy_tuned,rule,0.35,0.6602702845494152
last_fifth_by_subject,Q2,rule_subject_strategy_tuned,rule,0.5,0.6974371557231667
last_fifth_by_subject,Q2,rule_subject_strategy_tuned,rule,0.75,0.8685373582083478
last_fifth_by_subject,Q2,rule_subject_strategy_tuned,rule,1.0,3.4902963545912025
last_fifth_by_subject,Q2,model_logistic_regression,logistic_regression,0.0,0.67271325891889
last_fifth_by_subject,Q2,model_logistic_regression,logistic_regression,0.15,0.668382487181809
last_fifth_by_subject,Q2,model_logistic_regression,logistic_regression,0.25,0.673021525875857
last_fifth_by_subject,Q2,model_logistic_regression,logistic_regression,0.35,0.6842376176332291
last_fifth_by_subject,Q2,model_logistic_regression,logistic_regression,0.5,0.7157213128902377
last_fifth_by_subject,Q2,model_logistic_regression,logistic_regression,0.75,0.8298456484503521
last_fifth_by_subject,Q2,model_logistic_regression,logistic_regression,1.0,1.435570414015991
last_fifth_by_subject,Q2,blend_logistic_regression_rule_0.25,logistic_regression,0.0,0.67271325891889
last_fifth_by_subject,Q2,blend_logistic_regression_rule_0.25,logistic_regression,0.15,0.6539526471474886
last_fifth_by_subject,Q2,blend_logistic_regression_rule_0.25,logistic_regression,0.25,0.6489713918468266
last_fifth_by_subject,Q2,blend_logistic_regression_rule_0.25,logistic_regression,0.35,0.6503938244336925
last_fifth_by_subject,Q2,blend_logistic_regression_rule_0.25,logistic_regression,0.5,0.6663666522450189
last_fifth_by_subject,Q2,blend_logistic_regression_rule_0.25,logistic_regression,0.75,0.7482751063402662
last_fifth_by_subject,Q2,blend_logistic_regression_rule_0.25,logistic_regression,1.0,1.2190992553095399
last_fifth_by_subject,Q2,blend_logistic_regression_rule_0.5,logistic_regression,0.0,0.67271325891889
last_fifth_by_subject,Q2,blend_logistic_regression_rule_0.5,logistic_regression,0.15,0.6569370435022803
last_fifth_by_subject,Q2,blend_logistic_regression_rule_0.5,logistic_regression,0.25,0.6518458497717365
last_fifth_by_subject,Q2,blend_logistic_regression_rule_0.5,logistic_regression,0.35,0.6513624840817803
last_fifth_by_subject,Q2,blend_logistic_regression_rule_0.5,logistic_regression,0.5,0.6605972038470859
last_fifth_by_subject,Q2,blend_logistic_regression_rule_0.5,logistic_regression,0.75,0.7159945099558305
last_fifth_by_subject,Q2,blend_logistic_regression_rule_0.5,logistic_regression,1.0,1.0462110169979726
last_fifth_by_subject,Q2,blend_logistic_regression_rule_0.75,logistic_regression,0.0,0.67271325891889
last_fifth_by_subject,Q2,blend_logistic_regression_rule_0.75,logistic_regression,0.15,0.6617353325540771
last_fifth_by_subject,Q2,blend_logistic_regression_rule_0.75,logistic_regression,0.25,0.6597888457255022
last_fifth_by_subject,Q2,blend_logistic_regression_rule_0.75,logistic_regression,0.35,0.6623806228331431
last_fifth_by_subject,Q2,blend_logistic_regression_rule_0.75,logistic_regression,0.5,0.6759484944368553
last_fifth_by_subject,Q2,blend_logistic_regression_rule_0.75,logistic_regression,0.75,0.7360619849253929
last_fifth_by_subject,Q2,blend_logistic_regression_rule_0.75,logistic_regression,1.0,1.0255498395629439
last_fifth_by_subject,Q2,model_linear_svc,linear_svc,0.0,0.67271325891889
last_fifth_by_subject,Q2,model_linear_svc,linear_svc,0.15,0.6704150431536599
last_fifth_by_subject,Q2,model_linear_svc,linear_svc,0.25,0.6740338398230757
last_fifth_by_subject,Q2,model_linear_svc,linear_svc,0.35,0.6820842795262669
last_fifth_by_subject,Q2,model_linear_svc,linear_svc,0.5,0.7037545314210552
last_fifth_by_subject,Q2,model_linear_svc,linear_svc,0.75,0.7771628123424476
last_fifth_by_subject,Q2,model_linear_svc,linear_svc,1.0,1.0048683455649796
last_fifth_by_subject,Q2,blend_linear_svc_rule_0.25,linear_svc,0.0,0.67271325891889
last_fifth_by_subject,Q2,blend_linear_svc_rule_0.25,linear_svc,0.15,0.6546266974954824
last_fifth_by_subject,Q2,blend_linear_svc_rule_0.25,linear_svc,0.25,0.6497031098461584
last_fifth_by_subject,Q2,blend_linear_svc_rule_0.25,linear_svc,0.35,0.6508207176459716
last_fifth_by_subject,Q2,blend_linear_svc_rule_0.25,linear_svc,0.5,0.6653791085253381
last_fifth_by_subject,Q2,blend_linear_svc_rule_0.25,linear_svc,0.75,0.73871361615869
last_fifth_by_subject,Q2,blend_linear_svc_rule_0.25,linear_svc,1.0,1.0149873569951937
last_fifth_by_subject,Q2,blend_linear_svc_rule_0.5,linear_svc,0.0,0.67271325891889
last_fifth_by_subject,Q2,blend_linear_svc_rule_0.5,linear_svc,0.15,0.6581763734200987
last_fifth_by_subject,Q2,blend_linear_svc_rule_0.5,linear_svc,0.25,0.6530040414605124
last_fifth_by_subject,Q2,blend_linear_svc_rule_0.5,linear_svc,0.35,0.6516280476355542
last_fifth_by_subject,Q2,blend_linear_svc_rule_0.5,linear_svc,0.5,0.6575549694986257
last_fifth_by_subject,Q2,blend_linear_svc_rule_0.5,linear_svc,0.75,0.6969937925249108
last_fifth_by_subject,Q2,blend_linear_svc_rule_0.5,linear_svc,1.0,0.8446816473882113
last_fifth_by_subject,Q2,blend_linear_svc_rule_0.75,linear_svc,0.0,0.67271325891889
last_fifth_by_subject,Q2,blend_linear_svc_rule_0.75,linear_svc,0.15,0.6634308444539867
last_fifth_by_subject,Q2,blend_linear_svc_rule_0.75,linear_svc,0.25,0.6610669334326955
last_fifth_by_subject,Q2,blend_linear_svc_rule_0.75,linear_svc,0.35,0.6618922763636232
last_fifth_by_subject,Q2,blend_linear_svc_rule_0.75,linear_svc,0.5,0.6697443041571703
last_fifth_by_subject,Q2,blend_linear_svc_rule_0.75,linear_svc,0.75,0.7063888604301607
last_fifth_by_subject,Q2,blend_linear_svc_rule_0.75,linear_svc,1.0,0.8187030907299252
last_fifth_by_subject,Q2,model_svc_rbf,svc_rbf,0.0,0.67271325891889
last_fifth_by_subject,Q2,model_svc_rbf,svc_rbf,0.15,0.6661298507916495
last_fifth_by_subject,Q2,model_svc_rbf,svc_rbf,0.25,0.6626093587076757
last_fifth_by_subject,Q2,model_svc_rbf,svc_rbf,0.35,0.659778733676659
last_fifth_by_subject,Q2,model_svc_rbf,svc_rbf,0.5,0.656835490112938
last_fifth_by_subject,Q2,model_svc_rbf,svc_rbf,0.75,0.6555327648791318
last_fifth_by_subject,Q2,model_svc_rbf,svc_rbf,1.0,0.6591904682344268
last_fifth_by_subject,Q2,blend_svc_rbf_rule_0.25,svc_rbf,0.0,0.67271325891889
last_fifth_by_subject,Q2,blend_svc_rbf_rule_0.25,svc_rbf,0.15,0.6543773201910094
last_fifth_by_subject,Q2,blend_svc_rbf_rule_0.25,svc_rbf,0.25,0.649131859440062
last_fifth_by_subject,Q2,blend_svc_rbf_rule_0.25,svc_rbf,0.35,0.6497272738937102
last_fifth_by_subject,Q2,blend_svc_rbf_rule_0.25,svc_rbf,0.5,0.662773530692736
last_fifth_by_subject,Q2,blend_svc_rbf_rule_0.25,svc_rbf,0.75,0.7271729628587892
last_fifth_by_subject,Q2,blend_svc_rbf_rule_0.25,svc_rbf,1.0,0.8948751125225806
last_fifth_by_subject,Q2,blend_svc_rbf_rule_0.5,svc_rbf,0.0,0.67271325891889
last_fifth_by_subject,Q2,blend_svc_rbf_rule_0.5,svc_rbf,0.15,0.657134508759485
last_fifth_by_subject,Q2,blend_svc_rbf_rule_0.5,svc_rbf,0.25,0.6503604710983748
last_fifth_by_subject,Q2,blend_svc_rbf_rule_0.5,svc_rbf,0.35,0.6465171984825967
last_fifth_by_subject,Q2,blend_svc_rbf_rule_0.5,svc_rbf,0.5,0.6465165118607327
last_fifth_by_subject,Q2,blend_svc_rbf_rule_0.5,svc_rbf,0.75,0.6641207650901482
last_fifth_by_subject,Q2,blend_svc_rbf_rule_0.5,svc_rbf,1.0,0.7119503496825663
last_fifth_by_subject,Q2,blend_svc_rbf_rule_0.75,svc_rbf,0.0,0.67271325891889
last_fifth_by_subject,Q2,blend_svc_rbf_rule_0.75,svc_rbf,0.15,0.661053149074219
last_fifth_by_subject,Q2,blend_svc_rbf_rule_0.75,svc_rbf,0.25,0.6548714556016423
last_fifth_by_subject,Q2,blend_svc_rbf_rule_0.75,svc_rbf,0.35,0.6499578428110365
last_fifth_by_subject,Q2,blend_svc_rbf_rule_0.75,svc_rbf,0.5,0.6450039992449077
last_fifth_by_subject,Q2,blend_svc_rbf_rule_0.75,svc_rbf,0.75,0.6436038947879309
last_fifth_by_subject,Q2,blend_svc_rbf_rule_0.75,svc_rbf,1.0,0.6522133104958203
last_fifth_by_subject,Q2,model_random_forest,random_forest,0.0,0.67271325891889
last_fifth_by_subject,Q2,model_random_forest,random_forest,0.15,0.6673796157814035
last_fifth_by_subject,Q2,model_random_forest,random_forest,0.25,0.6643481359702899
last_fifth_by_subject,Q2,model_random_forest,random_forest,0.35,0.6617319732099679
last_fifth_by_subject,Q2,model_random_forest,random_forest,0.5,0.6585878382078083
last_fifth_by_subject,Q2,model_random_forest,random_forest,0.75,0.6554781362792725
last_fifth_by_subject,Q2,model_random_forest,random_forest,1.0,0.6552247198397659
last_fifth_by_subject,Q2,blend_random_forest_rule_0.25,random_forest,0.0,0.67271325891889
last_fifth_by_subject,Q2,blend_random_forest_rule_0.25,random_forest,0.15,0.6545743715843793
last_fifth_by_subject,Q2,blend_random_forest_rule_0.25,random_forest,0.25,0.6492355939230806
last_fifth_by_subject,Q2,blend_random_forest_rule_0.25,random_forest,0.35,0.6495321240802205
last_fifth_by_subject,Q2,blend_random_forest_rule_0.25,random_forest,0.5,0.6616369734774181
last_fifth_by_subject,Q2,blend_random_forest_rule_0.25,random_forest,0.75,0.7221118606038476
last_fifth_by_subject,Q2,blend_random_forest_rule_0.25,random_forest,1.0,0.8753424494486729
last_fifth_by_subject,Q2,blend_random_forest_rule_0.5,random_forest,0.0,0.67271325891889
last_fifth_by_subject,Q2,blend_random_forest_rule_0.5,random_forest,0.15,0.6576084647849183
last_fifth_by_subject,Q2,blend_random_forest_rule_0.5,random_forest,0.25,0.6508053123854174
last_fifth_by_subject,Q2,blend_random_forest_rule_0.5,random_forest,0.35,0.6466394586802862
last_fifth_by_subject,Q2,blend_random_forest_rule_0.5,random_forest,0.5,0.6455279335810635
last_fifth_by_subject,Q2,blend_random_forest_rule_0.5,random_forest,0.75,0.658986564011948
last_fifth_by_subject,Q2,blend_random_forest_rule_0.5,random_forest,1.0,0.6972257526260781
last_fifth_by_subject,Q2,blend_random_forest_rule_0.75,random_forest,0.0,0.67271325891889
last_fifth_by_subject,Q2,blend_random_forest_rule_0.75,random_forest,0.15,0.6618793930080232
last_fifth_by_subject,Q2,blend_random_forest_rule_0.75,random_forest,0.25,0.6558687771432484
last_fifth_by_subject,Q2,blend_random_forest_rule_0.75,random_forest,0.35,0.6508197757390103
last_fifth_by_subject,Q2,blend_random_forest_rule_0.75,random_forest,0.5,0.6450612566202444
last_fifth_by_subject,Q2,blend_random_forest_rule_0.75,random_forest,0.75,0.6404887286669236
last_fifth_by_subject,Q2,blend_random_forest_rule_0.75,random_forest,1.0,0.6428783666351003
last_fifth_by_subject,Q2,model_extra_trees,extra_trees,0.0,0.67271325891889
last_fifth_by_subject,Q2,model_extra_trees,extra_trees,0.15,0.6643227887284568
last_fifth_by_subject,Q2,model_extra_trees,extra_trees,0.25,0.6592992389976211
last_fifth_by_subject,Q2,model_extra_trees,extra_trees,0.35,0.6547238676428787
last_fifth_by_subject,Q2,model_extra_trees,extra_trees,0.5,0.6486950013559551
last_fifth_by_subject,Q2,model_extra_trees,extra_trees,0.75,0.6408888423458835
last_fifth_by_subject,Q2,model_extra_trees,extra_trees,1.0,0.6360079640170601
last_fifth_by_subject,Q2,blend_extra_trees_rule_0.25,extra_trees,0.0,0.67271325891889
last_fifth_by_subject,Q2,blend_extra_trees_rule_0.25,extra_trees,0.15,0.6537990231582981
last_fifth_by_subject,Q2,blend_extra_trees_rule_0.25,extra_trees,0.25,0.6479255326415976
last_fifth_by_subject,Q2,blend_extra_trees_rule_0.25,extra_trees,0.35,0.6476506381104081
last_fifth_by_subject,Q2,blend_extra_trees_rule_0.25,extra_trees,0.5,0.658772481396723
last_fifth_by_subject,Q2,blend_extra_trees_rule_0.25,extra_trees,0.75,0.7168771417844283
last_fifth_by_subject,Q2,blend_extra_trees_rule_0.25,extra_trees,1.0,0.8648131311891565
last_fifth_by_subject,Q2,blend_extra_trees_rule_0.5,extra_trees,0.0,0.67271325891889
last_fifth_by_subject,Q2,blend_extra_trees_rule_0.5,extra_trees,0.15,0.6560686152049094
last_fifth_by_subject,Q2,blend_extra_trees_rule_0.5,extra_trees,0.25,0.6482340495670973
last_fifth_by_subject,Q2,blend_extra_trees_rule_0.5,extra_trees,0.35,0.6430138276673202
last_fifth_by_subject,Q2,blend_extra_trees_rule_0.5,extra_trees,0.5,0.6402381622333417
last_fifth_by_subject,Q2,blend_extra_trees_rule_0.5,extra_trees,0.75,0.6505098805467253
last_fifth_by_subject,Q2,blend_extra_trees_rule_0.5,extra_trees,1.0,0.6845327707659952
last_fifth_by_subject,Q2,blend_extra_trees_rule_0.75,extra_trees,0.0,0.67271325891889
last_fifth_by_subject,Q2,blend_extra_trees_rule_0.75,extra_trees,0.15,0.6595806501935738
last_fifth_by_subject,Q2,blend_extra_trees_rule_0.75,extra_trees,0.25,0.6520586480279758
last_fifth_by_subject,Q2,blend_extra_trees_rule_0.75,extra_trees,0.35,0.6455056418024573
last_fifth_by_subject,Q2,blend_extra_trees_rule_0.75,extra_trees,0.5,0.6374878376771218
last_fifth_by_subject,Q2,blend_extra_trees_rule_0.75,extra_trees,0.75,0.6290747601060336
last_fifth_by_subject,Q2,blend_extra_trees_rule_0.75,extra_trees,1.0,0.6274067466034139
last_fifth_by_subject,Q2,model_hist_gradient_boosting,hist_gradient_boosting,0.0,0.67271325891889
last_fifth_by_subject,Q2,model_hist_gradient_boosting,hist_gradient_boosting,0.15,0.6603378074597275
last_fifth_by_subject,Q2,model_hist_gradient_boosting,hist_gradient_boosting,0.25,0.6537749110973387
last_fifth_by_subject,Q2,model_hist_gradient_boosting,hist_gradient_boosting,0.35,0.6485488613902726
last_fifth_by_subject,Q2,model_hist_gradient_boosting,hist_gradient_boosting,0.5,0.6432575378348074
last_fifth_by_subject,Q2,model_hist_gradient_boosting,hist_gradient_boosting,0.75,0.6417593085221681
last_fifth_by_subject,Q2,model_hist_gradient_boosting,hist_gradient_boosting,1.0,0.6514991047060732
last_fifth_by_subject,Q2,blend_hist_gradient_boosting_rule_0.25,hist_gradient_boosting,0.0,0.67271325891889
last_fifth_by_subject,Q2,blend_hist_gradient_boosting_rule_0.25,hist_gradient_boosting,0.15,0.6528235448594415
last_fifth_by_subject,Q2,blend_hist_gradient_boosting_rule_0.25,hist_gradient_boosting,0.25,0.6466125018525144
last_fifth_by_subject,Q2,blend_hist_gradient_boosting_rule_0.25,hist_gradient_boosting,0.35,0.6462814660643382
last_fifth_by_subject,Q2,blend_hist_gradient_boosting_rule_0.25,hist_gradient_boosting,0.5,0.6580094070371603
last_fifth_by_subject,Q2,blend_hist_gradient_boosting_rule_0.25,hist_gradient_boosting,0.75,0.7208129828259802
last_fifth_by_subject,Q2,blend_hist_gradient_boosting_rule_0.25,hist_gradient_boosting,1.0,0.8961275177299982
last_fifth_by_subject,Q2,blend_hist_gradient_boosting_rule_0.5,hist_gradient_boosting,0.0,0.67271325891889
last_fifth_by_subject,Q2,blend_hist_gradient_boosting_rule_0.5,hist_gradient_boosting,0.15,0.6541063714263394
last_fifth_by_subject,Q2,blend_hist_gradient_boosting_rule_0.5,hist_gradient_boosting,0.25,0.6455721386401858
last_fifth_by_subject,Q2,blend_hist_gradient_boosting_rule_0.5,hist_gradient_boosting,0.35,0.6401762419326125
last_fifth_by_subject,Q2,blend_hist_gradient_boosting_rule_0.5,hist_gradient_boosting,0.5,0.6382975484036038
last_fifth_by_subject,Q2,blend_hist_gradient_boosting_rule_0.5,hist_gradient_boosting,0.75,0.6547399750421278
last_fifth_by_subject,Q2,blend_hist_gradient_boosting_rule_0.5,hist_gradient_boosting,1.0,0.7087924964810215
last_fifth_by_subject,Q2,blend_hist_gradient_boosting_rule_0.75,hist_gradient_boosting,0.0,0.67271325891889
last_fifth_by_subject,Q2,blend_hist_gradient_boosting_rule_0.75,hist_gradient_boosting,0.15,0.6566155414430027
last_fifth_by_subject,Q2,blend_hist_gradient_boosting_rule_0.75,hist_gradient_boosting,0.25,0.6479904149899993
last_fifth_by_subject,Q2,blend_hist_gradient_boosting_rule_0.75,hist_gradient_boosting,0.35,0.6410476794365718
last_fifth_by_subject,Q2,blend_hist_gradient_boosting_rule_0.75,hist_gradient_boosting,0.5,0.6338802049138668
last_fifth_by_subject,Q2,blend_hist_gradient_boosting_rule_0.75,hist_gradient_boosting,0.75,0.6315460950796795
last_fifth_by_subject,Q2,blend_hist_gradient_boosting_rule_0.75,hist_gradient_boosting,1.0,0.6450909412251637
last_fifth_by_subject,Q2,model_mlp,mlp,0.0,0.67271325891889
last_fifth_by_subject,Q2,model_mlp,mlp,0.15,0.6562729225952602
last_fifth_by_subject,Q2,model_mlp,mlp,0.25,0.6534667579634067
last_fifth_by_subject,Q2,model_mlp,mlp,0.35,0.657702747377628
last_fifth_by_subject,Q2,model_mlp,mlp,0.5,0.6796870861052937
last_fifth_by_subject,Q2,model_mlp,mlp,0.75,0.7831682373905193
last_fifth_by_subject,Q2,model_mlp,mlp,1.0,1.634226324052383
last_fifth_by_subject,Q2,blend_mlp_rule_0.25,mlp,0.0,0.67271325891889
last_fifth_by_subject,Q2,blend_mlp_rule_0.25,mlp,0.15,0.6509728522462416
last_fifth_by_subject,Q2,blend_mlp_rule_0.25,mlp,0.25,0.6441816073147847
last_fifth_by_subject,Q2,blend_mlp_rule_0.25,mlp,0.35,0.6438862967821722
last_fifth_by_subject,Q2,blend_mlp_rule_0.25,mlp,0.5,0.65738335743464
last_fifth_by_subject,Q2,blend_mlp_rule_0.25,mlp,0.75,0.7354236594393205
last_fifth_by_subject,Q2,blend_mlp_rule_0.25,mlp,1.0,1.3785465126329217
last_fifth_by_subject,Q2,blend_mlp_rule_0.5,mlp,0.0,0.67271325891889
last_fifth_by_subject,Q2,blend_mlp_rule_0.5,mlp,0.15,0.6509547765133875
last_fifth_by_subject,Q2,blend_mlp_rule_0.5,mlp,0.25,0.6422436038398782
last_fifth_by_subject,Q2,blend_mlp_rule_0.5,mlp,0.35,0.6383872758439546
last_fifth_by_subject,Q2,blend_mlp_rule_0.5,mlp,0.5,0.6430095167208081
last_fifth_by_subject,Q2,blend_mlp_rule_0.5,mlp,0.75,0.6927791671272179
last_fifth_by_subject,Q2,blend_mlp_rule_0.5,mlp,1.0,1.2144776360267164
last_fifth_by_subject,Q2,blend_mlp_rule_0.75,mlp,0.0,0.67271325891889
last_fifth_by_subject,Q2,blend_mlp_rule_0.75,mlp,0.15,0.6527136918940559
last_fifth_by_subject,Q2,blend_mlp_rule_0.75,mlp,0.25,0.6452813027129822
last_fifth_by_subject,Q2,blend_mlp_rule_0.75,mlp,0.35,0.6427697297622766
last_fifth_by_subject,Q2,blend_mlp_rule_0.75,mlp,0.5,0.6494343251386246
last_fifth_by_subject,Q2,blend_mlp_rule_0.75,mlp,0.75,0.7015621633577506
last_fifth_by_subject,Q2,blend_mlp_rule_0.75,mlp,1.0,1.1897652510006542
last_fifth_by_subject,Q2,model_lightgbm,lightgbm,0.0,0.67271325891889
last_fifth_by_subject,Q2,model_lightgbm,lightgbm,0.15,0.6627016339398023
last_fifth_by_subject,Q2,model_lightgbm,lightgbm,0.25,0.6569876420109689
last_fifth_by_subject,Q2,model_lightgbm,lightgbm,0.35,0.652030078992138
last_fifth_by_subject,Q2,model_lightgbm,lightgbm,0.5,0.6460132377542902
last_fifth_by_subject,Q2,model_lightgbm,lightgbm,0.75,0.6398949104232524
last_fifth_by_subject,Q2,model_lightgbm,lightgbm,1.0,0.6391877934364274
last_fifth_by_subject,Q2,blend_lightgbm_rule_0.25,lightgbm,0.0,0.67271325891889
last_fifth_by_subject,Q2,blend_lightgbm_rule_0.25,lightgbm,0.15,0.6534033073615262
last_fifth_by_subject,Q2,blend_lightgbm_rule_0.25,lightgbm,0.25,0.6473779058942163
last_fifth_by_subject,Q2,blend_lightgbm_rule_0.25,lightgbm,0.35,0.6470507638506695
last_fifth_by_subject,Q2,blend_lightgbm_rule_0.25,lightgbm,0.5,0.6583337315899513
last_fifth_by_subject,Q2,blend_lightgbm_rule_0.25,lightgbm,0.75,0.7179322466728864
last_fifth_by_subject,Q2,blend_lightgbm_rule_0.25,lightgbm,1.0,0.8740891736613882
last_fifth_by_subject,Q2,blend_lightgbm_rule_0.5,lightgbm,0.0,0.67271325891889
last_fifth_by_subject,Q2,blend_lightgbm_rule_0.5,lightgbm,0.15,0.6552706548616298
last_fifth_by_subject,Q2,blend_lightgbm_rule_0.5,lightgbm,0.25,0.6471173324504224
last_fifth_by_subject,Q2,blend_lightgbm_rule_0.5,lightgbm,0.35,0.6417587348470419
last_fifth_by_subject,Q2,blend_lightgbm_rule_0.5,lightgbm,0.5,0.639165141429407
last_fifth_by_subject,Q2,blend_lightgbm_rule_0.5,lightgbm,0.75,0.6512332445415882
last_fifth_by_subject,Q2,blend_lightgbm_rule_0.5,lightgbm,1.0,0.6909973765605806
last_fifth_by_subject,Q2,blend_lightgbm_rule_0.75,lightgbm,0.0,0.67271325891889
last_fifth_by_subject,Q2,blend_lightgbm_rule_0.75,lightgbm,0.15,0.6583737811979881
last_fifth_by_subject,Q2,blend_lightgbm_rule_0.75,lightgbm,0.25,0.650350693285035
last_fifth_by_subject,Q2,blend_lightgbm_rule_0.75,lightgbm,0.35,0.6435400199972224
last_fifth_by_subject,Q2,blend_lightgbm_rule_0.75,lightgbm,0.5,0.6356129744076896
last_fifth_by_subject,Q2,blend_lightgbm_rule_0.75,lightgbm,0.75,0.6288193964396931
last_fifth_by_subject,Q2,blend_lightgbm_rule_0.75,lightgbm,1.0,0.6313187240083711
last_fifth_by_subject,Q2,model_catboost,catboost,0.0,0.67271325891889
last_fifth_by_subject,Q2,model_catboost,catboost,0.15,0.6622093722428984
last_fifth_by_subject,Q2,model_catboost,catboost,0.25,0.655909784645097
last_fifth_by_subject,Q2,model_catboost,catboost,0.35,0.65016375412085
last_fifth_by_subject,Q2,model_catboost,catboost,0.5,0.6425814947894785
last_fifth_by_subject,Q2,model_catboost,catboost,0.75,0.6327831417037061
last_fifth_by_subject,Q2,model_catboost,catboost,1.0,0.6268609105122664
last_fifth_by_subject,Q2,blend_catboost_rule_0.25,catboost,0.0,0.67271325891889
last_fifth_by_subject,Q2,blend_catboost_rule_0.25,catboost,0.15,0.6532729162402102
last_fifth_by_subject,Q2,blend_catboost_rule_0.25,catboost,0.25,0.6470772023698229
last_fifth_by_subject,Q2,blend_catboost_rule_0.25,catboost,0.35,0.6464947818586765
last_fifth_by_subject,Q2,blend_catboost_rule_0.25,catboost,0.5,0.6571689659459019
last_fifth_by_subject,Q2,blend_catboost_rule_0.25,catboost,0.75,0.7145201444979162
last_fifth_by_subject,Q2,blend_catboost_rule_0.25,catboost,1.0,0.8620747440107134
last_fifth_by_subject,Q2,blend_catboost_rule_0.5,catboost,0.0,0.67271325891889
last_fifth_by_subject,Q2,blend_catboost_rule_0.5,catboost,0.15,0.6550158562313967
last_fifth_by_subject,Q2,blend_catboost_rule_0.5,catboost,0.25,0.6465426822949384
last_fifth_by_subject,Q2,blend_catboost_rule_0.5,catboost,0.35,0.6407263463730082
last_fifth_by_subject,Q2,blend_catboost_rule_0.5,catboost,0.5,0.6371269900263283
last_fifth_by_subject,Q2,blend_catboost_rule_0.5,catboost,0.75,0.6462231726413793
last_fifth_by_subject,Q2,blend_catboost_rule_0.5,catboost,1.0,0.6796350153391546
last_fifth_by_subject,Q2,blend_catboost_rule_0.75,catboost,0.0,0.67271325891889
last_fifth_by_subject,Q2,blend_catboost_rule_0.75,catboost,0.15,0.6579991064495642
last_fifth_by_subject,Q2,blend_catboost_rule_0.75,catboost,0.25,0.6495213298181466
last_fifth_by_subject,Q2,blend_catboost_rule_0.75,catboost,0.35,0.6420853706065051
last_fifth_by_subject,Q2,blend_catboost_rule_0.75,catboost,0.5,0.6328743149102445
last_fifth_by_subject,Q2,blend_catboost_rule_0.75,catboost,0.75,0.6228387595838204
last_fifth_by_subject,Q2,blend_catboost_rule_0.75,catboost,1.0,0.6201770443982282
last_fifth_by_subject,Q2,meta_rule_extra_trees,extra_trees,0.0,0.67271325891889
last_fifth_by_subject,Q2,meta_rule_extra_trees,extra_trees,0.15,0.6627281351580473
last_fifth_by_subject,Q2,meta_rule_extra_trees,extra_trees,0.25,0.6566249392034784
last_fifth_by_subject,Q2,meta_rule_extra_trees,extra_trees,0.35,0.6509517006396329
last_fifth_by_subject,Q2,meta_rule_extra_trees,extra_trees,0.5,0.6432323861086415
last_fifth_by_subject,Q2,meta_rule_extra_trees,extra_trees,0.75,0.6324538166177264
last_fifth_by_subject,Q2,meta_rule_extra_trees,extra_trees,1.0,0.6243350386529639
last_fifth_by_subject,Q2,meta_rule_lightgbm,lightgbm,0.0,0.67271325891889
last_fifth_by_subject,Q2,meta_rule_lightgbm,lightgbm,0.15,0.6618553003150542
last_fifth_by_subject,Q2,meta_rule_lightgbm,lightgbm,0.25,0.655588600943744
last_fifth_by_subject,Q2,meta_rule_lightgbm,lightgbm,0.35,0.650085041797559
last_fifth_by_subject,Q2,meta_rule_lightgbm,lightgbm,0.5,0.6432581579242577
last_fifth_by_subject,Q2,meta_rule_lightgbm,lightgbm,0.75,0.635804413033684
last_fifth_by_subject,Q2,meta_rule_lightgbm,lightgbm,1.0,0.6337787913507421
last_fifth_by_subject,Q2,meta_rule_catboost,catboost,0.0,0.67271325891889
last_fifth_by_subject,Q2,meta_rule_catboost,catboost,0.15,0.6657863674891795
last_fifth_by_subject,Q2,meta_rule_catboost,catboost,0.25,0.6617333807276724
last_fifth_by_subject,Q2,meta_rule_catboost,catboost,0.35,0.65812461442833
last_fifth_by_subject,Q2,meta_rule_catboost,catboost,0.5,0.6535385936213516
last_fifth_by_subject,Q2,meta_rule_catboost,catboost,0.75,0.6481197216425566
last_fifth_by_subject,Q2,meta_rule_catboost,catboost,1.0,0.64560649850749
last_fifth_by_subject,Q2,meta_rule_hist_gradient_boosting,hist_gradient_boosting,0.0,0.67271325891889
last_fifth_by_subject,Q2,meta_rule_hist_gradient_boosting,hist_gradient_boosting,0.15,0.6603378074597275
last_fifth_by_subject,Q2,meta_rule_hist_gradient_boosting,hist_gradient_boosting,0.25,0.6537749110973387
last_fifth_by_subject,Q2,meta_rule_hist_gradient_boosting,hist_gradient_boosting,0.35,0.6485488613902726
last_fifth_by_subject,Q2,meta_rule_hist_gradient_boosting,hist_gradient_boosting,0.5,0.6432575378348074
last_fifth_by_subject,Q2,meta_rule_hist_gradient_boosting,hist_gradient_boosting,0.75,0.6417593085221681
last_fifth_by_subject,Q2,meta_rule_hist_gradient_boosting,hist_gradient_boosting,1.0,0.6514991047060732
last_fifth_by_subject,Q3,history_blend,history,1.0,0.7279000596747001
last_fifth_by_subject,Q3,rule_subject_strategy_tuned,rule,0.0,0.6581702683392379
last_fifth_by_subject,Q3,rule_subject_strategy_tuned,rule,0.15,0.6356086109632146
last_fifth_by_subject,Q3,rule_subject_strategy_tuned,rule,0.25,0.6316901385988946
last_fifth_by_subject,Q3,rule_subject_strategy_tuned,rule,0.35,0.637439813342923
last_fifth_by_subject,Q3,rule_subject_strategy_tuned,rule,0.5,0.6680274205953167
last_fifth_by_subject,Q3,rule_subject_strategy_tuned,rule,0.75,0.8193878321343193
last_fifth_by_subject,Q3,rule_subject_strategy_tuned,rule,1.0,3.199446658791968
last_fifth_by_subject,Q3,model_logistic_regression,logistic_regression,0.0,0.6581702683392379
last_fifth_by_subject,Q3,model_logistic_regression,logistic_regression,0.15,0.6459482280738196
last_fifth_by_subject,Q3,model_logistic_regression,logistic_regression,0.25,0.644716002864928
last_fifth_by_subject,Q3,model_logistic_regression,logistic_regression,0.35,0.6492819614558525
last_fifth_by_subject,Q3,model_logistic_regression,logistic_regression,0.5,0.668571745082522
last_fifth_by_subject,Q3,model_logistic_regression,logistic_regression,0.75,0.7502121688004131
last_fifth_by_subject,Q3,model_logistic_regression,logistic_regression,1.0,1.1806807762370817
last_fifth_by_subject,Q3,blend_logistic_regression_rule_0.25,logistic_regression,0.0,0.6581702683392379
last_fifth_by_subject,Q3,blend_logistic_regression_rule_0.25,logistic_regression,0.15,0.6352440262204033
last_fifth_by_subject,Q3,blend_logistic_regression_rule_0.25,logistic_regression,0.25,0.6265566097674249
last_fifth_by_subject,Q3,blend_logistic_regression_rule_0.25,logistic_regression,0.35,0.623275501689717
last_fifth_by_subject,Q3,blend_logistic_regression_rule_0.25,logistic_regression,0.5,0.6296149412254171
last_fifth_by_subject,Q3,blend_logistic_regression_rule_0.25,logistic_regression,0.75,0.6825307365989666
last_fifth_by_subject,Q3,blend_logistic_regression_rule_0.25,logistic_regression,1.0,1.0740789997113829
last_fifth_by_subject,Q3,blend_logistic_regression_rule_0.5,logistic_regression,0.0,0.6581702683392379
last_fifth_by_subject,Q3,blend_logistic_regression_rule_0.5,logistic_regression,0.15,0.6368635291405113
last_fifth_by_subject,Q3,blend_logistic_regression_rule_0.5,logistic_regression,0.25,0.6271515428481531
last_fifth_by_subject,Q3,blend_logistic_regression_rule_0.5,logistic_regression,0.35,0.6210640026663856
last_fifth_by_subject,Q3,blend_logistic_regression_rule_0.5,logistic_regression,0.5,0.6194128964984009
last_fifth_by_subject,Q3,blend_logistic_regression_rule_0.5,logistic_regression,0.75,0.6450353743143592
last_fifth_by_subject,Q3,blend_logistic_regression_rule_0.5,logistic_regression,1.0,0.934333278183468
last_fifth_by_subject,Q3,blend_logistic_regression_rule_0.75,logistic_regression,0.0,0.6581702683392379
last_fifth_by_subject,Q3,blend_logistic_regression_rule_0.75,logistic_regression,0.15,0.6404270537221936
last_fifth_by_subject,Q3,blend_logistic_regression_rule_0.75,logistic_regression,0.25,0.6331671875532053
last_fifth_by_subject,Q3,blend_logistic_regression_rule_0.75,logistic_regression,0.35,0.6295814466411843
last_fifth_by_subject,Q3,blend_logistic_regression_rule_0.75,logistic_regression,0.5,0.6317035732054859
last_fifth_by_subject,Q3,blend_logistic_regression_rule_0.75,logistic_regression,0.75,0.6628326043544301
last_fifth_by_subject,Q3,blend_logistic_regression_rule_0.75,logistic_regression,1.0,0.9319692922179161
last_fifth_by_subject,Q3,model_linear_svc,linear_svc,0.0,0.6581702683392379
last_fifth_by_subject,Q3,model_linear_svc,linear_svc,0.15,0.6510844147848753
last_fifth_by_subject,Q3,model_linear_svc,linear_svc,0.25,0.6514258497774034
last_fifth_by_subject,Q3,model_linear_svc,linear_svc,0.35,0.6560115004640577
last_fifth_by_subject,Q3,model_linear_svc,linear_svc,0.5,0.6718634640020036
last_fifth_by_subject,Q3,model_linear_svc,linear_svc,0.75,0.7319830663792435
last_fifth_by_subject,Q3,model_linear_svc,linear_svc,1.0,0.9252891691706043
last_fifth_by_subject,Q3,blend_linear_svc_rule_0.25,linear_svc,0.0,0.6581702683392379
last_fifth_by_subject,Q3,blend_linear_svc_rule_0.25,linear_svc,0.15,0.6367228649436999
last_fifth_by_subject,Q3,blend_linear_svc_rule_0.25,linear_svc,0.25,0.6287840307106415
last_fifth_by_subject,Q3,blend_linear_svc_rule_0.25,linear_svc,0.35,0.626054704030335
last_fifth_by_subject,Q3,blend_linear_svc_rule_0.25,linear_svc,0.5,0.6327332490236562
last_fifth_by_subject,Q3,blend_linear_svc_rule_0.25,linear_svc,0.75,0.683056365404584
last_fifth_by_subject,Q3,blend_linear_svc_rule_0.25,linear_svc,1.0,0.9198051105256959
last_fifth_by_subject,Q3,blend_linear_svc_rule_0.5,linear_svc,0.0,0.6581702683392379
last_fifth_by_subject,Q3,blend_linear_svc_rule_0.5,linear_svc,0.15,0.6396868944120023
last_fifth_by_subject,Q3,blend_linear_svc_rule_0.5,linear_svc,0.25,0.6312226505270312
last_fifth_by_subject,Q3,blend_linear_svc_rule_0.5,linear_svc,0.35,0.6258552947106679
last_fifth_by_subject,Q3,blend_linear_svc_rule_0.5,linear_svc,0.5,0.6240834910713864
last_fifth_by_subject,Q3,blend_linear_svc_rule_0.5,linear_svc,0.75,0.6436319265864286
last_fifth_by_subject,Q3,blend_linear_svc_rule_0.5,linear_svc,1.0,0.7769055558746772
last_fifth_by_subject,Q3,blend_linear_svc_rule_0.75,linear_svc,0.0,0.6581702683392379
last_fifth_by_subject,Q3,blend_linear_svc_rule_0.75,linear_svc,0.15,0.6444701211912506
last_fifth_by_subject,Q3,blend_linear_svc_rule_0.75,linear_svc,0.25,0.6387453880679143
last_fifth_by_subject,Q3,blend_linear_svc_rule_0.75,linear_svc,0.35,0.6357549142773234
last_fifth_by_subject,Q3,blend_linear_svc_rule_0.75,linear_svc,0.5,0.6367788054165846
last_fifth_by_subject,Q3,blend_linear_svc_rule_0.75,linear_svc,0.75,0.6578870054591961
last_fifth_by_subject,Q3,blend_linear_svc_rule_0.75,linear_svc,1.0,0.769833261118449
last_fifth_by_subject,Q3,model_svc_rbf,svc_rbf,0.0,0.6581702683392379
last_fifth_by_subject,Q3,model_svc_rbf,svc_rbf,0.15,0.6502807896708865
last_fifth_by_subject,Q3,model_svc_rbf,svc_rbf,0.25,0.6459506967599481
last_fifth_by_subject,Q3,model_svc_rbf,svc_rbf,0.35,0.6423630894488943
last_fifth_by_subject,Q3,model_svc_rbf,svc_rbf,0.5,0.6383956384862003
last_fifth_by_subject,Q3,model_svc_rbf,svc_rbf,0.75,0.6357742142445685
last_fifth_by_subject,Q3,model_svc_rbf,svc_rbf,1.0,0.6389438048978777
last_fifth_by_subject,Q3,blend_svc_rbf_rule_0.25,svc_rbf,0.0,0.6581702683392379
last_fifth_by_subject,Q3,blend_svc_rbf_rule_0.25,svc_rbf,0.15,0.6379042571624278
last_fifth_by_subject,Q3,blend_svc_rbf_rule_0.25,svc_rbf,0.25,0.6313449788944855
last_fifth_by_subject,Q3,blend_svc_rbf_rule_0.25,svc_rbf,0.35,0.6305696124432668
last_fifth_by_subject,Q3,blend_svc_rbf_rule_0.25,svc_rbf,0.5,0.6414607264378499
last_fifth_by_subject,Q3,blend_svc_rbf_rule_0.25,svc_rbf,0.75,0.7025661758986168
last_fifth_by_subject,Q3,blend_svc_rbf_rule_0.25,svc_rbf,1.0,0.8742441569577488
last_fifth_by_subject,Q3,blend_svc_rbf_rule_0.5,svc_rbf,0.0,0.6581702683392379
last_fifth_by_subject,Q3,blend_svc_rbf_rule_0.5,svc_rbf,0.15,0.6411173370050676
last_fifth_by_subject,Q3,blend_svc_rbf_rule_0.5,svc_rbf,0.25,0.6336580652438498
last_fifth_by_subject,Q3,blend_svc_rbf_rule_0.5,svc_rbf,0.35,0.6293658046926758
last_fifth_by_subject,Q3,blend_svc_rbf_rule_0.5,svc_rbf,0.5,0.6291887108743378
last_fifth_by_subject,Q3,blend_svc_rbf_rule_0.5,svc_rbf,0.75,0.6484208298707443
last_fifth_by_subject,Q3,blend_svc_rbf_rule_0.5,svc_rbf,1.0,0.7034708871171966
last_fifth_by_subject,Q3,blend_svc_rbf_rule_0.75,svc_rbf,0.0,0.6581702683392379
last_fifth_by_subject,Q3,blend_svc_rbf_rule_0.75,svc_rbf,0.15,0.6452420935319535
last_fifth_by_subject,Q3,blend_svc_rbf_rule_0.75,svc_rbf,0.25,0.6385362056359402
last_fifth_by_subject,Q3,blend_svc_rbf_rule_0.75,svc_rbf,0.35,0.6333607006656325
last_fifth_by_subject,Q3,blend_svc_rbf_rule_0.75,svc_rbf,0.5,0.6285423956352395
last_fifth_by_subject,Q3,blend_svc_rbf_rule_0.75,svc_rbf,0.75,0.6290969566089486
last_fifth_by_subject,Q3,blend_svc_rbf_rule_0.75,svc_rbf,1.0,0.6431508249882041
last_fifth_by_subject,Q3,model_random_forest,random_forest,0.0,0.6581702683392379
last_fifth_by_subject,Q3,model_random_forest,random_forest,0.15,0.6531975153125759
last_fifth_by_subject,Q3,model_random_forest,random_forest,0.25,0.6504572633682385
last_fifth_by_subject,Q3,model_random_forest,random_forest,0.35,0.6481592446434232
last_fifth_by_subject,Q3,model_random_forest,random_forest,0.5,0.645520887955175
last_fifth_by_subject,Q3,model_random_forest,random_forest,0.75,0.6432527313146272
last_fifth_by_subject,Q3,model_random_forest,random_forest,1.0,0.6437042174617393
last_fifth_by_subject,Q3,blend_random_forest_rule_0.25,random_forest,0.0,0.6581702683392379
last_fifth_by_subject,Q3,blend_random_forest_rule_0.25,random_forest,0.15,0.6384323626152657
last_fifth_by_subject,Q3,blend_random_forest_rule_0.25,random_forest,0.25,0.6318872172247135
last_fifth_by_subject,Q3,blend_random_forest_rule_0.25,random_forest,0.35,0.6308037778439226
last_fifth_by_subject,Q3,blend_random_forest_rule_0.25,random_forest,0.5,0.6404441143711952
last_fifth_by_subject,Q3,blend_random_forest_rule_0.25,random_forest,0.75,0.6956454480901885
last_fifth_by_subject,Q3,blend_random_forest_rule_0.25,random_forest,1.0,0.8432031429973595
last_fifth_by_subject,Q3,blend_random_forest_rule_0.5,random_forest,0.0,0.6581702683392379
last_fifth_by_subject,Q3,blend_random_forest_rule_0.5,random_forest,0.15,0.6423113415456303
last_fifth_by_subject,Q3,blend_random_forest_rule_0.5,random_forest,0.25,0.6351540447866555
last_fifth_by_subject,Q3,blend_random_forest_rule_0.5,random_forest,0.35,0.6307206614529823
last_fifth_by_subject,Q3,blend_random_forest_rule_0.5,random_forest,0.5,0.6293496474442541
last_fifth_by_subject,Q3,blend_random_forest_rule_0.5,random_forest,0.75,0.6428368014558603
last_fifth_by_subject,Q3,blend_random_forest_rule_0.5,random_forest,1.0,0.6823093324988994
last_fifth_by_subject,Q3,blend_random_forest_rule_0.75,random_forest,0.0,0.6581702683392379
last_fifth_by_subject,Q3,blend_random_forest_rule_0.75,random_forest,0.15,0.6472339051503796
last_fifth_by_subject,Q3,blend_random_forest_rule_0.75,random_forest,0.25,0.6413619780614075
last_fifth_by_subject,Q3,blend_random_forest_rule_0.75,random_forest,0.35,0.6365954160877599
last_fifth_by_subject,Q3,blend_random_forest_rule_0.75,random_forest,0.5,0.631507382102591
last_fifth_by_subject,Q3,blend_random_forest_rule_0.75,random_forest,0.75,0.6286912405890362
last_fifth_by_subject,Q3,blend_random_forest_rule_0.75,random_forest,1.0,0.6337442121317882
last_fifth_by_subject,Q3,model_extra_trees,extra_trees,0.0,0.6581702683392379
last_fifth_by_subject,Q3,model_extra_trees,extra_trees,0.15,0.6544411803553617
last_fifth_by_subject,Q3,model_extra_trees,extra_trees,0.25,0.6525251679867486
last_fifth_by_subject,Q3,model_extra_trees,extra_trees,0.35,0.6510528527823549
last_fifth_by_subject,Q3,model_extra_trees,extra_trees,0.5,0.6496652068045212
last_fifth_by_subject,Q3,model_extra_trees,extra_trees,0.75,0.6495499109377059
last_fifth_by_subject,Q3,model_extra_trees,extra_trees,1.0,0.6523061863384478
last_fifth_by_subject,Q3,blend_extra_trees_rule_0.25,extra_trees,0.0,0.6581702683392379
last_fifth_by_subject,Q3,blend_extra_trees_rule_0.25,extra_trees,0.15,0.6386451992953588
last_fifth_by_subject,Q3,blend_extra_trees_rule_0.25,extra_trees,0.25,0.6321277253469607
last_fifth_by_subject,Q3,blend_extra_trees_rule_0.25,extra_trees,0.35,0.6309706869854944
last_fifth_by_subject,Q3,blend_extra_trees_rule_0.25,extra_trees,0.5,0.6402677876088526
last_fifth_by_subject,Q3,blend_extra_trees_rule_0.25,extra_trees,0.75,0.6938794942445723
last_fifth_by_subject,Q3,blend_extra_trees_rule_0.25,extra_trees,1.0,0.8360578777940316
last_fifth_by_subject,Q3,blend_extra_trees_rule_0.5,extra_trees,0.0,0.6581702683392379
last_fifth_by_subject,Q3,blend_extra_trees_rule_0.5,extra_trees,0.15,0.6428028278806759
last_fifth_by_subject,Q3,blend_extra_trees_rule_0.5,extra_trees,0.25,0.635823668367622
last_fifth_by_subject,Q3,blend_extra_trees_rule_0.5,extra_trees,0.35,0.6314444477377452
last_fifth_by_subject,Q3,blend_extra_trees_rule_0.5,extra_trees,0.5,0.6299001165333823
last_fifth_by_subject,Q3,blend_extra_trees_rule_0.5,extra_trees,0.75,0.6422415892922321
last_fifth_by_subject,Q3,blend_extra_trees_rule_0.5,extra_trees,1.0,0.6787916014912005
last_fifth_by_subject,Q3,blend_extra_trees_rule_0.75,extra_trees,0.0,0.6581702683392379
last_fifth_by_subject,Q3,blend_extra_trees_rule_0.75,extra_trees,0.15,0.648068957649748
last_fifth_by_subject,Q3,blend_extra_trees_rule_0.75,extra_trees,0.25,0.6426407749939744
last_fifth_by_subject,Q3,blend_extra_trees_rule_0.75,extra_trees,0.35,0.638228760730746
last_fifth_by_subject,Q3,blend_extra_trees_rule_0.75,extra_trees,0.5,0.6335014836025246
last_fifth_by_subject,Q3,blend_extra_trees_rule_0.75,extra_trees,0.75,0.6307841728289748
last_fifth_by_subject,Q3,blend_extra_trees_rule_0.75,extra_trees,1.0,0.6351321735492899
last_fifth_by_subject,Q3,model_hist_gradient_boosting,hist_gradient_boosting,0.0,0.6581702683392379
last_fifth_by_subject,Q3,model_hist_gradient_boosting,hist_gradient_boosting,0.15,0.6466994622402515
last_fifth_by_subject,Q3,model_hist_gradient_boosting,hist_gradient_boosting,0.25,0.6410868239344094
last_fifth_by_subject,Q3,model_hist_gradient_boosting,hist_gradient_boosting,0.35,0.6371362102859413
last_fifth_by_subject,Q3,model_hist_gradient_boosting,hist_gradient_boosting,0.5,0.634515589182466
last_fifth_by_subject,Q3,model_hist_gradient_boosting,hist_gradient_boosting,0.75,0.6405412325874161
last_fifth_by_subject,Q3,model_hist_gradient_boosting,hist_gradient_boosting,1.0,0.6660767407339346
last_fifth_by_subject,Q3,blend_hist_gradient_boosting_rule_0.25,hist_gradient_boosting,0.0,0.6581702683392379
last_fifth_by_subject,Q3,blend_hist_gradient_boosting_rule_0.25,hist_gradient_boosting,0.15,0.6368670362707113
last_fifth_by_subject,Q3,blend_hist_gradient_boosting_rule_0.25,hist_gradient_boosting,0.25,0.6297394553690316
last_fifth_by_subject,Q3,blend_hist_gradient_boosting_rule_0.25,hist_gradient_boosting,0.35,0.6285160971726841
last_fifth_by_subject,Q3,blend_hist_gradient_boosting_rule_0.25,hist_gradient_boosting,0.5,0.6390757317722758
last_fifth_by_subject,Q3,blend_hist_gradient_boosting_rule_0.25,hist_gradient_boosting,0.75,0.7020669856545281
last_fifth_by_subject,Q3,blend_hist_gradient_boosting_rule_0.25,hist_gradient_boosting,1.0,0.9014039283766863
last_fifth_by_subject,Q3,blend_hist_gradient_boosting_rule_0.5,hist_gradient_boosting,0.0,0.6581702683392379
last_fifth_by_subject,Q3,blend_hist_gradient_boosting_rule_0.5,hist_gradient_boosting,0.15,0.6391425699073477
last_fifth_by_subject,Q3,blend_hist_gradient_boosting_rule_0.5,hist_gradient_boosting,0.25,0.6307334441399248
last_fifth_by_subject,Q3,blend_hist_gradient_boosting_rule_0.5,hist_gradient_boosting,0.35,0.6258375707447115
last_fifth_by_subject,Q3,blend_hist_gradient_boosting_rule_0.5,hist_gradient_boosting,0.5,0.6256189287865208
last_fifth_by_subject,Q3,blend_hist_gradient_boosting_rule_0.5,hist_gradient_boosting,0.75,0.6490779834641593
last_fifth_by_subject,Q3,blend_hist_gradient_boosting_rule_0.5,hist_gradient_boosting,1.0,0.7268282505445858
last_fifth_by_subject,Q3,blend_hist_gradient_boosting_rule_0.75,hist_gradient_boosting,0.0,0.6581702683392379
last_fifth_by_subject,Q3,blend_hist_gradient_boosting_rule_0.75,hist_gradient_boosting,0.15,0.6424202354101056
last_fifth_by_subject,Q3,blend_hist_gradient_boosting_rule_0.75,hist_gradient_boosting,0.25,0.6345265091568836
last_fifth_by_subject,Q3,blend_hist_gradient_boosting_rule_0.75,hist_gradient_boosting,0.35,0.6287673372477125
last_fifth_by_subject,Q3,blend_hist_gradient_boosting_rule_0.75,hist_gradient_boosting,0.5,0.6243984344066281
last_fifth_by_subject,Q3,blend_hist_gradient_boosting_rule_0.75,hist_gradient_boosting,0.75,0.6307807541591604
last_fifth_by_subject,Q3,blend_hist_gradient_boosting_rule_0.75,hist_gradient_boosting,1.0,0.6642119607329241
last_fifth_by_subject,Q3,model_mlp,mlp,0.0,0.6581702683392379
last_fifth_by_subject,Q3,model_mlp,mlp,0.15,0.6355780458637675
last_fifth_by_subject,Q3,model_mlp,mlp,0.25,0.627756866812185
last_fifth_by_subject,Q3,model_mlp,mlp,0.35,0.6261013819999122
last_fifth_by_subject,Q3,model_mlp,mlp,0.5,0.6370857065178845
last_fifth_by_subject,Q3,model_mlp,mlp,0.75,0.7111998244392644
last_fifth_by_subject,Q3,model_mlp,mlp,1.0,1.3013818944874265
last_fifth_by_subject,Q3,blend_mlp_rule_0.25,mlp,0.0,0.6581702683392379
last_fifth_by_subject,Q3,blend_mlp_rule_0.25,mlp,0.15,0.6335411703831235
last_fifth_by_subject,Q3,blend_mlp_rule_0.25,mlp,0.25,0.6248575387758223
last_fifth_by_subject,Q3,blend_mlp_rule_0.25,mlp,0.35,0.622665977998164
last_fifth_by_subject,Q3,blend_mlp_rule_0.25,mlp,0.5,0.6333369503641523
last_fifth_by_subject,Q3,blend_mlp_rule_0.25,mlp,0.75,0.7076321711583569
last_fifth_by_subject,Q3,blend_mlp_rule_0.25,mlp,1.0,1.3749755063299884
last_fifth_by_subject,Q3,blend_mlp_rule_0.5,mlp,0.0,0.6581702683392379
last_fifth_by_subject,Q3,blend_mlp_rule_0.5,mlp,0.15,0.6328571659484771
last_fifth_by_subject,Q3,blend_mlp_rule_0.5,mlp,0.25,0.6220184668748152
last_fifth_by_subject,Q3,blend_mlp_rule_0.5,mlp,0.35,0.6162504216590813
last_fifth_by_subject,Q3,blend_mlp_rule_0.5,mlp,0.5,0.6185585763809055
last_fifth_by_subject,Q3,blend_mlp_rule_0.5,mlp,0.75,0.6677177019540684
last_fifth_by_subject,Q3,blend_mlp_rule_0.5,mlp,1.0,1.2122787345471906
last_fifth_by_subject,Q3,blend_mlp_rule_0.75,mlp,0.0,0.6581702683392379
last_fifth_by_subject,Q3,blend_mlp_rule_0.75,mlp,0.15,0.6335313446029225
last_fifth_by_subject,Q3,blend_mlp_rule_0.75,mlp,0.25,0.622954870909884
last_fifth_by_subject,Q3,blend_mlp_rule_0.75,mlp,0.35,0.6172885208449875
last_fifth_by_subject,Q3,blend_mlp_rule_0.75,mlp,0.5,0.6193593897538977
last_fifth_by_subject,Q3,blend_mlp_rule_0.75,mlp,0.75,0.665974494210067
last_fifth_by_subject,Q3,blend_mlp_rule_0.75,mlp,1.0,1.1645482547137584
last_fifth_by_subject,Q3,model_lightgbm,lightgbm,0.0,0.6581702683392379
last_fifth_by_subject,Q3,model_lightgbm,lightgbm,0.15,0.6552403777508522
last_fifth_by_subject,Q3,model_lightgbm,lightgbm,0.25,0.6542750204888811
last_fifth_by_subject,Q3,model_lightgbm,lightgbm,0.35,0.6541131130521454
last_fifth_by_subject,Q3,model_lightgbm,lightgbm,0.5,0.6554277166169785
last_fifth_by_subject,Q3,model_lightgbm,lightgbm,0.75,0.6621151741042943
last_fifth_by_subject,Q3,model_lightgbm,lightgbm,1.0,0.6754231676775778
last_fifth_by_subject,Q3,blend_lightgbm_rule_0.25,lightgbm,0.0,0.6581702683392379
last_fifth_by_subject,Q3,blend_lightgbm_rule_0.25,lightgbm,0.15,0.6388111791970679
last_fifth_by_subject,Q3,blend_lightgbm_rule_0.25,lightgbm,0.25,0.6325192910946288
last_fifth_by_subject,Q3,blend_lightgbm_rule_0.25,lightgbm,0.35,0.6317432930120763
last_fifth_by_subject,Q3,blend_lightgbm_rule_0.25,lightgbm,0.5,0.6420726985993909
last_fifth_by_subject,Q3,blend_lightgbm_rule_0.25,lightgbm,0.75,0.7000663125774472
last_fifth_by_subject,Q3,blend_lightgbm_rule_0.25,lightgbm,1.0,0.8615478499782853
last_fifth_by_subject,Q3,blend_lightgbm_rule_0.5,lightgbm,0.0,0.6581702683392379
last_fifth_by_subject,Q3,blend_lightgbm_rule_0.5,lightgbm,0.15,0.6431487231893028
last_fifth_by_subject,Q3,blend_lightgbm_rule_0.5,lightgbm,0.25,0.6366005725369941
last_fifth_by_subject,Q3,blend_lightgbm_rule_0.5,lightgbm,0.35,0.6328861752636697
last_fifth_by_subject,Q3,blend_lightgbm_rule_0.5,lightgbm,0.5,0.6329555962637019
last_fifth_by_subject,Q3,blend_lightgbm_rule_0.5,lightgbm,0.75,0.6507806891068763
last_fifth_by_subject,Q3,blend_lightgbm_rule_0.5,lightgbm,1.0,0.7010924559545486
last_fifth_by_subject,Q3,blend_lightgbm_rule_0.75,lightgbm,0.0,0.6581702683392379
last_fifth_by_subject,Q3,blend_lightgbm_rule_0.75,lightgbm,0.15,0.6486207477435373
last_fifth_by_subject,Q3,blend_lightgbm_rule_0.75,lightgbm,0.25,0.6438463802849478
last_fifth_by_subject,Q3,blend_lightgbm_rule_0.75,lightgbm,0.35,0.6403658542709445
last_fifth_by_subject,Q3,blend_lightgbm_rule_0.75,lightgbm,0.5,0.6376699037143833
last_fifth_by_subject,Q3,blend_lightgbm_rule_0.75,lightgbm,0.75,0.6406582379483597
last_fifth_by_subject,Q3,blend_lightgbm_rule_0.75,lightgbm,1.0,0.6554993805484004
last_fifth_by_subject,Q3,model_catboost,catboost,0.0,0.6581702683392379
last_fifth_by_subject,Q3,model_catboost,catboost,0.15,0.6516842056205523
last_fifth_by_subject,Q3,model_catboost,catboost,0.25,0.6479415493062122
last_fifth_by_subject,Q3,model_catboost,catboost,0.35,0.6446610039026388
last_fifth_by_subject,Q3,model_catboost,catboost,0.5,0.6406108472344633
last_fifth_by_subject,Q3,model_catboost,catboost,0.75,0.6362472304544022
last_fifth_by_subject,Q3,model_catboost,catboost,1.0,0.6350955802621298
last_fifth_by_subject,Q3,blend_catboost_rule_0.25,catboost,0.0,0.6581702683392379
last_fifth_by_subject,Q3,blend_catboost_rule_0.25,catboost,0.15,0.6380593663810337
last_fifth_by_subject,Q3,blend_catboost_rule_0.25,catboost,0.25,0.6312926622452207
last_fifth_by_subject,Q3,blend_catboost_rule_0.25,catboost,0.35,0.6300311249566655
last_fifth_by_subject,Q3,blend_catboost_rule_0.25,catboost,0.5,0.6395291880523191
last_fifth_by_subject,Q3,blend_catboost_rule_0.25,catboost,0.75,0.6951386760644588
last_fifth_by_subject,Q3,blend_catboost_rule_0.25,catboost,1.0,0.846251547503696
last_fifth_by_subject,Q3,blend_catboost_rule_0.5,catboost,0.0,0.6581702683392379
last_fifth_by_subject,Q3,blend_catboost_rule_0.5,catboost,0.15,0.6415584009760424
last_fifth_by_subject,Q3,blend_catboost_rule_0.5,catboost,0.25,0.6339285912372961
last_fifth_by_subject,Q3,blend_catboost_rule_0.5,catboost,0.35,0.6290743082187173
last_fifth_by_subject,Q3,blend_catboost_rule_0.5,catboost,0.5,0.6272188054737551
last_fifth_by_subject,Q3,blend_catboost_rule_0.5,catboost,0.75,0.6405475969453016
last_fifth_by_subject,Q3,blend_catboost_rule_0.5,catboost,1.0,0.6816179036390758
last_fifth_by_subject,Q3,blend_catboost_rule_0.75,catboost,0.0,0.6581702683392379
last_fifth_by_subject,Q3,blend_catboost_rule_0.75,catboost,0.15,0.6460989151382887
last_fifth_by_subject,Q3,blend_catboost_rule_0.75,catboost,0.25,0.639488005721332
last_fifth_by_subject,Q3,blend_catboost_rule_0.75,catboost,0.35,0.6340200730027832
last_fifth_by_subject,Q3,blend_catboost_rule_0.75,catboost,0.5,0.6279907440925816
last_fifth_by_subject,Q3,blend_catboost_rule_0.75,catboost,0.75,0.6240685164899332
last_fifth_by_subject,Q3,blend_catboost_rule_0.75,catboost,1.0,0.62899060565427
last_fifth_by_subject,Q3,meta_rule_extra_trees,extra_trees,0.0,0.6581702683392379
last_fifth_by_subject,Q3,meta_rule_extra_trees,extra_trees,0.15,0.6517973640561558
last_fifth_by_subject,Q3,meta_rule_extra_trees,extra_trees,0.25,0.648085585312342
last_fifth_by_subject,Q3,meta_rule_extra_trees,extra_trees,0.35,0.6447905698221633
last_fifth_by_subject,Q3,meta_rule_extra_trees,extra_trees,0.5,0.6406149939258232
last_fifth_by_subject,Q3,meta_rule_extra_trees,extra_trees,0.75,0.6356841007112275
last_fifth_by_subject,Q3,meta_rule_extra_trees,extra_trees,1.0,0.6333387461242819
last_fifth_by_subject,Q3,meta_rule_lightgbm,lightgbm,0.0,0.6581702683392379
last_fifth_by_subject,Q3,meta_rule_lightgbm,lightgbm,0.15,0.6536363263851427
last_fifth_by_subject,Q3,meta_rule_lightgbm,lightgbm,0.25,0.6516075883649467
last_fifth_by_subject,Q3,meta_rule_lightgbm,lightgbm,0.35,0.6503847869579307
last_fifth_by_subject,Q3,meta_rule_lightgbm,lightgbm,0.5,0.6501069650448039
last_fifth_by_subject,Q3,meta_rule_lightgbm,lightgbm,0.75,0.6541065039439545
last_fifth_by_subject,Q3,meta_rule_lightgbm,lightgbm,1.0,0.6646001869969442
last_fifth_by_subject,Q3,meta_rule_catboost,catboost,0.0,0.6581702683392379
last_fifth_by_subject,Q3,meta_rule_catboost,catboost,0.15,0.6519483332320978
last_fifth_by_subject,Q3,meta_rule_catboost,catboost,0.25,0.6483859382831033
last_fifth_by_subject,Q3,meta_rule_catboost,catboost,0.35,0.6452918801451129
last_fifth_by_subject,Q3,meta_rule_catboost,catboost,0.5,0.6415371885115418
last_fifth_by_subject,Q3,meta_rule_catboost,catboost,0.75,0.6377175998790636
last_fifth_by_subject,Q3,meta_rule_catboost,catboost,1.0,0.6371743237622488
last_fifth_by_subject,Q3,meta_rule_hist_gradient_boosting,hist_gradient_boosting,0.0,0.6581702683392379
last_fifth_by_subject,Q3,meta_rule_hist_gradient_boosting,hist_gradient_boosting,0.15,0.6466994622402515
last_fifth_by_subject,Q3,meta_rule_hist_gradient_boosting,hist_gradient_boosting,0.25,0.6410868239344094
last_fifth_by_subject,Q3,meta_rule_hist_gradient_boosting,hist_gradient_boosting,0.35,0.6371362102859413
last_fifth_by_subject,Q3,meta_rule_hist_gradient_boosting,hist_gradient_boosting,0.5,0.634515589182466
last_fifth_by_subject,Q3,meta_rule_hist_gradient_boosting,hist_gradient_boosting,0.75,0.6405412325874161
last_fifth_by_subject,Q3,meta_rule_hist_gradient_boosting,hist_gradient_boosting,1.0,0.6660767407339346
last_fifth_by_subject,S1,history_blend,history,1.0,0.5583245637248436
last_fifth_by_subject,S1,rule_subject_strategy_tuned,rule,0.0,0.6011024558836834
last_fifth_by_subject,S1,rule_subject_strategy_tuned,rule,0.15,0.5603080078310082
last_fifth_by_subject,S1,rule_subject_strategy_tuned,rule,0.25,0.5438384722588235
last_fifth_by_subject,S1,rule_subject_strategy_tuned,rule,0.35,0.5357764860118365
last_fifth_by_subject,S1,rule_subject_strategy_tuned,rule,0.5,0.5414975376613615
last_fifth_by_subject,S1,rule_subject_strategy_tuned,rule,0.75,0.6273875579202693
last_fifth_by_subject,S1,rule_subject_strategy_tuned,rule,1.0,2.3268975713942464
last_fifth_by_subject,S1,model_logistic_regression,logistic_regression,0.0,0.6011024558836834
last_fifth_by_subject,S1,model_logistic_regression,logistic_regression,0.15,0.6020622101283875
last_fifth_by_subject,S1,model_logistic_regression,logistic_regression,0.25,0.6124914659392267
last_fifth_by_subject,S1,model_logistic_regression,logistic_regression,0.35,0.6306861908565138
last_fifth_by_subject,S1,model_logistic_regression,logistic_regression,0.5,0.6743486912858263
last_fifth_by_subject,S1,model_logistic_regression,logistic_regression,0.75,0.8128351906684346
last_fifth_by_subject,S1,model_logistic_regression,logistic_regression,1.0,1.4528917373973418
last_fifth_by_subject,S1,blend_logistic_regression_rule_0.25,logistic_regression,0.0,0.6011024558836834
last_fifth_by_subject,S1,blend_logistic_regression_rule_0.25,logistic_regression,0.15,0.5678913599561649
last_fifth_by_subject,S1,blend_logistic_regression_rule_0.25,logistic_regression,0.25,0.5531608239509924
last_fifth_by_subject,S1,blend_logistic_regression_rule_0.25,logistic_regression,0.35,0.544007219241629
last_fifth_by_subject,S1,blend_logistic_regression_rule_0.25,logistic_regression,0.5,0.5414289996588847
last_fifth_by_subject,S1,blend_logistic_regression_rule_0.25,logistic_regression,0.75,0.5791725479924875
last_fifth_by_subject,S1,blend_logistic_regression_rule_0.25,logistic_regression,1.0,0.8980752275523146
last_fifth_by_subject,S1,blend_logistic_regression_rule_0.5,logistic_regression,0.0,0.6011024558836834
last_fifth_by_subject,S1,blend_logistic_regression_rule_0.5,logistic_regression,0.15,0.5774063330642595
last_fifth_by_subject,S1,blend_logistic_regression_rule_0.5,logistic_regression,0.25,0.5678496415663211
last_fifth_by_subject,S1,blend_logistic_regression_rule_0.5,logistic_regression,0.35,0.5629784471617151
last_fifth_by_subject,S1,blend_logistic_regression_rule_0.5,logistic_regression,0.5,0.5649291866810935
last_fifth_by_subject,S1,blend_logistic_regression_rule_0.5,logistic_regression,0.75,0.6018096355374984
last_fifth_by_subject,S1,blend_logistic_regression_rule_0.5,logistic_regression,1.0,0.845770572015838
last_fifth_by_subject,S1,blend_logistic_regression_rule_0.75,logistic_regression,0.0,0.6011024558836834
last_fifth_by_subject,S1,blend_logistic_regression_rule_0.75,logistic_regression,0.15,0.5887911355316892
last_fifth_by_subject,S1,blend_logistic_regression_rule_0.75,logistic_regression,0.25,0.5875596215502509
last_fifth_by_subject,S1,blend_logistic_regression_rule_0.75,logistic_regression,0.35,0.591582463059918
last_fifth_by_subject,S1,blend_logistic_regression_rule_0.75,logistic_regression,0.5,0.6079026076687465
last_fifth_by_subject,S1,blend_logistic_regression_rule_0.75,logistic_regression,0.75,0.6707633517393056
last_fifth_by_subject,S1,blend_logistic_regression_rule_0.75,logistic_regression,1.0,0.9188078140168279
last_fifth_by_subject,S1,model_linear_svc,linear_svc,0.0,0.6011024558836834
last_fifth_by_subject,S1,model_linear_svc,linear_svc,0.15,0.5968022868475107
last_fifth_by_subject,S1,model_linear_svc,linear_svc,0.25,0.6014179496588558
last_fifth_by_subject,S1,model_linear_svc,linear_svc,0.35,0.6117669173658173
last_fifth_by_subject,S1,model_linear_svc,linear_svc,0.5,0.6388279373725029
last_fifth_by_subject,S1,model_linear_svc,linear_svc,0.75,0.7261004898152676
last_fifth_by_subject,S1,model_linear_svc,linear_svc,1.0,1.002209855205381
last_fifth_by_subject,S1,blend_linear_svc_rule_0.25,linear_svc,0.0,0.6011024558836834
last_fifth_by_subject,S1,blend_linear_svc_rule_0.25,linear_svc,0.15,0.5668180306305308
last_fifth_by_subject,S1,blend_linear_svc_rule_0.25,linear_svc,0.25,0.5510273043132484
last_fifth_by_subject,S1,blend_linear_svc_rule_0.25,linear_svc,0.35,0.5404588072260142
last_fifth_by_subject,S1,blend_linear_svc_rule_0.25,linear_svc,0.5,0.5347707988775262
last_fifth_by_subject,S1,blend_linear_svc_rule_0.25,linear_svc,0.75,0.5612055418249048
last_fifth_by_subject,S1,blend_linear_svc_rule_0.25,linear_svc,1.0,0.7540574085703147
last_fifth_by_subject,S1,blend_linear_svc_rule_0.5,linear_svc,0.0,0.6011024558836834
last_fifth_by_subject,S1,blend_linear_svc_rule_0.5,linear_svc,0.15,0.5751254395862873
last_fifth_by_subject,S1,blend_linear_svc_rule_0.5,linear_svc,0.25,0.5632833056196302
last_fifth_by_subject,S1,blend_linear_svc_rule_0.5,linear_svc,0.35,0.555443817655709
last_fifth_by_subject,S1,blend_linear_svc_rule_0.5,linear_svc,0.5,0.5512675555837193
last_fifth_by_subject,S1,blend_linear_svc_rule_0.5,linear_svc,0.75,0.5692907867102776
last_fifth_by_subject,S1,blend_linear_svc_rule_0.5,linear_svc,1.0,0.6901472786717071
last_fifth_by_subject,S1,blend_linear_svc_rule_0.75,linear_svc,0.0,0.6011024558836834
last_fifth_by_subject,S1,blend_linear_svc_rule_0.75,linear_svc,0.15,0.5851326006447987
last_fifth_by_subject,S1,blend_linear_svc_rule_0.75,linear_svc,0.25,0.580105312983171
last_fifth_by_subject,S1,blend_linear_svc_rule_0.75,linear_svc,0.35,0.5792037768468253
last_fifth_by_subject,S1,blend_linear_svc_rule_0.75,linear_svc,0.5,0.5855915689751564
last_fifth_by_subject,S1,blend_linear_svc_rule_0.75,linear_svc,0.75,0.6205200565273848
last_fifth_by_subject,S1,blend_linear_svc_rule_0.75,linear_svc,1.0,0.7411072573774801
last_fifth_by_subject,S1,model_svc_rbf,svc_rbf,0.0,0.6011024558836834
last_fifth_by_subject,S1,model_svc_rbf,svc_rbf,0.15,0.5918092430791335
last_fifth_by_subject,S1,model_svc_rbf,svc_rbf,0.25,0.5862844276889267
last_fifth_by_subject,S1,model_svc_rbf,svc_rbf,0.35,0.5812632562641973
last_fifth_by_subject,S1,model_svc_rbf,svc_rbf,0.5,0.5746282706272463
last_fifth_by_subject,S1,model_svc_rbf,svc_rbf,0.75,0.5658318622056371
last_fifth_by_subject,S1,model_svc_rbf,svc_rbf,1.0,0.5597400259708835
last_fifth_by_subject,S1,blend_svc_rbf_rule_0.25,svc_rbf,0.0,0.6011024558836834
last_fifth_by_subject,S1,blend_svc_rbf_rule_0.25,svc_rbf,0.15,0.5666621526294617
last_fifth_by_subject,S1,blend_svc_rbf_rule_0.25,svc_rbf,0.25,0.5503067970835838
last_fifth_by_subject,S1,blend_svc_rbf_rule_0.25,svc_rbf,0.35,0.5388797662301099
last_fifth_by_subject,S1,blend_svc_rbf_rule_0.25,svc_rbf,0.5,0.5311530598583525
last_fifth_by_subject,S1,blend_svc_rbf_rule_0.25,svc_rbf,0.75,0.5483486342044802
last_fifth_by_subject,S1,blend_svc_rbf_rule_0.25,svc_rbf,1.0,0.6308225400298594
last_fifth_by_subject,S1,blend_svc_rbf_rule_0.5,svc_rbf,0.0,0.6011024558836834
last_fifth_by_subject,S1,blend_svc_rbf_rule_0.5,svc_rbf,0.15,0.5740233772993654
last_fifth_by_subject,S1,blend_svc_rbf_rule_0.5,svc_rbf,0.25,0.5595623812297849
last_fifth_by_subject,S1,blend_svc_rbf_rule_0.5,svc_rbf,0.35,0.5477147061747601
last_fifth_by_subject,S1,blend_svc_rbf_rule_0.5,svc_rbf,0.5,0.5346354146677036
last_fifth_by_subject,S1,blend_svc_rbf_rule_0.5,svc_rbf,0.75,0.5256203038788937
last_fifth_by_subject,S1,blend_svc_rbf_rule_0.5,svc_rbf,1.0,0.5355828702954601
last_fifth_by_subject,S1,blend_svc_rbf_rule_0.75,svc_rbf,0.0,0.6011024558836834
last_fifth_by_subject,S1,blend_svc_rbf_rule_0.75,svc_rbf,0.15,0.582399060980795
last_fifth_by_subject,S1,blend_svc_rbf_rule_0.75,svc_rbf,0.25,0.5715452671203174
last_fifth_by_subject,S1,blend_svc_rbf_rule_0.75,svc_rbf,0.35,0.561866222935693
last_fifth_by_subject,S1,blend_svc_rbf_rule_0.75,svc_rbf,0.5,0.5494027884376302
last_fifth_by_subject,S1,blend_svc_rbf_rule_0.75,svc_rbf,0.75,0.5337987257038529
last_fifth_by_subject,S1,blend_svc_rbf_rule_0.75,svc_rbf,1.0,0.5245796403400523
last_fifth_by_subject,S1,model_random_forest,random_forest,0.0,0.6011024558836834
last_fifth_by_subject,S1,model_random_forest,random_forest,0.15,0.5914590829731082
last_fifth_by_subject,S1,model_random_forest,random_forest,0.25,0.5867952235844183
last_fifth_by_subject,S1,model_random_forest,random_forest,0.35,0.5834341031320383
last_fifth_by_subject,S1,model_random_forest,random_forest,0.5,0.5807046962488895
last_fifth_by_subject,S1,model_random_forest,random_forest,0.75,0.5820959954585153
last_fifth_by_subject,S1,model_random_forest,random_forest,1.0,0.5910493697145115
last_fifth_by_subject,S1,blend_random_forest_rule_0.25,random_forest,0.0,0.6011024558836834
last_fifth_by_subject,S1,blend_random_forest_rule_0.25,random_forest,0.15,0.566522396027755
last_fifth_by_subject,S1,blend_random_forest_rule_0.25,random_forest,0.25,0.5501891626820687
last_fifth_by_subject,S1,blend_random_forest_rule_0.25,random_forest,0.35,0.5387891292443627
last_fifth_by_subject,S1,blend_random_forest_rule_0.25,random_forest,0.5,0.5310270786537393
last_fifth_by_subject,S1,blend_random_forest_rule_0.25,random_forest,0.75,0.5479744506870466
last_fifth_by_subject,S1,blend_random_forest_rule_0.25,random_forest,1.0,0.6343275697070303
last_fifth_by_subject,S1,blend_random_forest_rule_0.5,random_forest,0.0,0.6011024558836834
last_fifth_by_subject,S1,blend_random_forest_rule_0.5,random_forest,0.15,0.5738005608504273
last_fifth_by_subject,S1,blend_random_forest_rule_0.5,random_forest,0.25,0.5595795074473632
last_fifth_by_subject,S1,blend_random_forest_rule_0.5,random_forest,0.35,0.5481796235025738
last_fifth_by_subject,S1,blend_random_forest_rule_0.5,random_forest,0.5,0.5360955200923931
last_fifth_by_subject,S1,blend_random_forest_rule_0.5,random_forest,0.75,0.5298683650593172
last_fifth_by_subject,S1,blend_random_forest_rule_0.5,random_forest,1.0,0.5465388832731245
last_fifth_by_subject,S1,blend_random_forest_rule_0.75,random_forest,0.0,0.6011024558836834
last_fifth_by_subject,S1,blend_random_forest_rule_0.75,random_forest,0.15,0.582117022845417
last_fifth_by_subject,S1,blend_random_forest_rule_0.75,random_forest,0.25,0.5718132433039875
last_fifth_by_subject,S1,blend_random_forest_rule_0.75,random_forest,0.35,0.563177405796789
last_fifth_by_subject,S1,blend_random_forest_rule_0.75,random_forest,0.5,0.5531198349218233
last_fifth_by_subject,S1,blend_random_forest_rule_0.75,random_forest,0.75,0.543802857693482
last_fifth_by_subject,S1,blend_random_forest_rule_0.75,random_forest,1.0,0.5445953253541602
last_fifth_by_subject,S1,model_extra_trees,extra_trees,0.0,0.6011024558836834
last_fifth_by_subject,S1,model_extra_trees,extra_trees,0.15,0.5936087230214823
last_fifth_by_subject,S1,model_extra_trees,extra_trees,0.25,0.5902666818565622
last_fifth_by_subject,S1,model_extra_trees,extra_trees,0.35,0.5881449706146603
last_fifth_by_subject,S1,model_extra_trees,extra_trees,0.5,0.5871229386093765
last_fifth_by_subject,S1,model_extra_trees,extra_trees,0.75,0.5909284223357405
last_fifth_by_subject,S1,model_extra_trees,extra_trees,1.0,0.6016288476892314
last_fifth_by_subject,S1,blend_extra_trees_rule_0.25,extra_trees,0.0,0.6011024558836834
last_fifth_by_subject,S1,blend_extra_trees_rule_0.25,extra_trees,0.15,0.5669694416762519
last_fifth_by_subject,S1,blend_extra_trees_rule_0.25,extra_trees,0.25,0.5508165669609907
last_fifth_by_subject,S1,blend_extra_trees_rule_0.25,extra_trees,0.35,0.5395061948774075
last_fifth_by_subject,S1,blend_extra_trees_rule_0.25,extra_trees,0.5,0.5316895861122768
last_fifth_by_subject,S1,blend_extra_trees_rule_0.25,extra_trees,0.75,0.5477976706732334
last_fifth_by_subject,S1,blend_extra_trees_rule_0.25,extra_trees,1.0,0.630674991348115
last_fifth_by_subject,S1,blend_extra_trees_rule_0.5,extra_trees,0.0,0.6011024558836834
last_fifth_by_subject,S1,blend_extra_trees_rule_0.5,extra_trees,0.15,0.57475518721981
last_fifth_by_subject,S1,blend_extra_trees_rule_0.5,extra_trees,0.25,0.5609992683509804
last_fifth_by_subject,S1,blend_extra_trees_rule_0.5,extra_trees,0.35,0.5499416687377104
last_fifth_by_subject,S1,blend_extra_trees_rule_0.5,extra_trees,0.5,0.5381450520483373
last_fifth_by_subject,S1,blend_extra_trees_rule_0.5,extra_trees,0.75,0.5317181038094765
last_fifth_by_subject,S1,blend_extra_trees_rule_0.5,extra_trees,1.0,0.5468700417103298
last_fifth_by_subject,S1,blend_extra_trees_rule_0.75,extra_trees,0.0,0.6011024558836834
last_fifth_by_subject,S1,blend_extra_trees_rule_0.75,extra_trees,0.15,0.5836390324056207
last_fifth_by_subject,S1,blend_extra_trees_rule_0.75,extra_trees,0.25,0.5741812544520069
last_fifth_by_subject,S1,blend_extra_trees_rule_0.75,extra_trees,0.35,0.5662732702025498
last_fifth_by_subject,S1,blend_extra_trees_rule_0.75,extra_trees,0.5,0.5571013965565789
last_fifth_by_subject,S1,blend_extra_trees_rule_0.75,extra_trees,0.75,0.5487153585859557
last_fifth_by_subject,S1,blend_extra_trees_rule_0.75,extra_trees,1.0,0.5496414374289098
last_fifth_by_subject,S1,model_hist_gradient_boosting,hist_gradient_boosting,0.0,0.6011024558836834
last_fifth_by_subject,S1,model_hist_gradient_boosting,hist_gradient_boosting,0.15,0.5842742636229451
last_fifth_by_subject,S1,model_hist_gradient_boosting,hist_gradient_boosting,0.25,0.5753607257842851
last_fifth_by_subject,S1,model_hist_gradient_boosting,hist_gradient_boosting,0.35,0.5681889370839016
last_fifth_by_subject,S1,model_hist_gradient_boosting,hist_gradient_boosting,0.5,0.5606515745348848
last_fifth_by_subject,S1,model_hist_gradient_boosting,hist_gradient_boosting,0.75,0.5571704389694387
last_fifth_by_subject,S1,model_hist_gradient_boosting,hist_gradient_boosting,1.0,0.5678552602316282
last_fifth_by_subject,S1,blend_hist_gradient_boosting_rule_0.25,hist_gradient_boosting,0.0,0.6011024558836834
last_fifth_by_subject,S1,blend_hist_gradient_boosting_rule_0.25,hist_gradient_boosting,0.15,0.5648782565839741
last_fifth_by_subject,S1,blend_hist_gradient_boosting_rule_0.25,hist_gradient_boosting,0.25,0.5477912438638971
last_fifth_by_subject,S1,blend_hist_gradient_boosting_rule_0.25,hist_gradient_boosting,0.35,0.5359648274797382
last_fifth_by_subject,S1,blend_hist_gradient_boosting_rule_0.25,hist_gradient_boosting,0.5,0.5283575637516059
last_fifth_by_subject,S1,blend_hist_gradient_boosting_rule_0.25,hist_gradient_boosting,0.75,0.5493512210184099
last_fifth_by_subject,S1,blend_hist_gradient_boosting_rule_0.25,hist_gradient_boosting,1.0,0.6587427860672069
last_fifth_by_subject,S1,blend_hist_gradient_boosting_rule_0.5,hist_gradient_boosting,0.0,0.6011024558836834
last_fifth_by_subject,S1,blend_hist_gradient_boosting_rule_0.5,hist_gradient_boosting,0.15,0.5704039693316466
last_fifth_by_subject,S1,blend_hist_gradient_boosting_rule_0.5,hist_gradient_boosting,0.25,0.5544430792320447
last_fifth_by_subject,S1,blend_hist_gradient_boosting_rule_0.5,hist_gradient_boosting,0.35,0.5417707524338642
last_fifth_by_subject,S1,blend_hist_gradient_boosting_rule_0.5,hist_gradient_boosting,0.5,0.5288080844054895
last_fifth_by_subject,S1,blend_hist_gradient_boosting_rule_0.5,hist_gradient_boosting,0.75,0.5250470240192497
last_fifth_by_subject,S1,blend_hist_gradient_boosting_rule_0.5,hist_gradient_boosting,1.0,0.5551228388840203
last_fifth_by_subject,S1,blend_hist_gradient_boosting_rule_0.75,hist_gradient_boosting,0.0,0.6011024558836834
last_fifth_by_subject,S1,blend_hist_gradient_boosting_rule_0.75,hist_gradient_boosting,0.15,0.57686970130695
last_fifth_by_subject,S1,blend_hist_gradient_boosting_rule_0.75,hist_gradient_boosting,0.25,0.5636464467159172
last_fifth_by_subject,S1,blend_hist_gradient_boosting_rule_0.75,hist_gradient_boosting,0.35,0.5525762284089626
last_fifth_by_subject,S1,blend_hist_gradient_boosting_rule_0.75,hist_gradient_boosting,0.5,0.5398713375386539
last_fifth_by_subject,S1,blend_hist_gradient_boosting_rule_0.75,hist_gradient_boosting,0.75,0.5295288714844075
last_fifth_by_subject,S1,blend_hist_gradient_boosting_rule_0.75,hist_gradient_boosting,1.0,0.5363277681433785
last_fifth_by_subject,S1,model_mlp,mlp,0.0,0.6011024558836834
last_fifth_by_subject,S1,model_mlp,mlp,0.15,0.5871098268229186
last_fifth_by_subject,S1,model_mlp,mlp,0.25,0.5868522034332299
last_fifth_by_subject,S1,model_mlp,mlp,0.35,0.5938297235693425
last_fifth_by_subject,S1,model_mlp,mlp,0.5,0.6195357899676271
last_fifth_by_subject,S1,model_mlp,mlp,0.75,0.723394843442701
last_fifth_by_subject,S1,model_mlp,mlp,1.0,1.3348413021839873
last_fifth_by_subject,S1,blend_mlp_rule_0.25,mlp,0.0,0.6011024558836834
last_fifth_by_subject,S1,blend_mlp_rule_0.25,mlp,0.15,0.5649138366310983
last_fifth_by_subject,S1,blend_mlp_rule_0.25,mlp,0.25,0.5487372556034077
last_fifth_by_subject,S1,blend_mlp_rule_0.25,mlp,0.35,0.5385118634193543
last_fifth_by_subject,S1,blend_mlp_rule_0.25,mlp,0.5,0.5350091896840867
last_fifth_by_subject,S1,blend_mlp_rule_0.25,mlp,0.75,0.5735101145216283
last_fifth_by_subject,S1,blend_mlp_rule_0.25,mlp,1.0,0.9738634258681427
last_fifth_by_subject,S1,blend_mlp_rule_0.5,mlp,0.0,0.6011024558836834
last_fifth_by_subject,S1,blend_mlp_rule_0.5,mlp,0.15,0.5709338958099296
last_fifth_by_subject,S1,blend_mlp_rule_0.5,mlp,0.25,0.5576343156017545
last_fifth_by_subject,S1,blend_mlp_rule_0.5,mlp,0.35,0.5493993816278255
last_fifth_by_subject,S1,blend_mlp_rule_0.5,mlp,0.5,0.5469734204265028
last_fifth_by_subject,S1,blend_mlp_rule_0.5,mlp,0.75,0.5789406606034337
last_fifth_by_subject,S1,blend_mlp_rule_0.5,mlp,1.0,0.8944311316346231
last_fifth_by_subject,S1,blend_mlp_rule_0.75,mlp,0.0,0.6011024558836834
last_fifth_by_subject,S1,blend_mlp_rule_0.75,mlp,0.15,0.578330009824992
last_fifth_by_subject,S1,blend_mlp_rule_0.75,mlp,0.25,0.5703032621162389
last_fifth_by_subject,S1,blend_mlp_rule_0.75,mlp,0.35,0.5676721821239062
last_fifth_by_subject,S1,blend_mlp_rule_0.75,mlp,0.5,0.5743187524472971
last_fifth_by_subject,S1,blend_mlp_rule_0.75,mlp,0.75,0.622708162651473
last_fifth_by_subject,S1,blend_mlp_rule_0.75,mlp,1.0,0.9285644139115916
last_fifth_by_subject,S1,model_lightgbm,lightgbm,0.0,0.6011024558836834
last_fifth_by_subject,S1,model_lightgbm,lightgbm,0.15,0.589823091554364
last_fifth_by_subject,S1,model_lightgbm,lightgbm,0.25,0.5835145524035271
last_fifth_by_subject,S1,model_lightgbm,lightgbm,0.35,0.5781343213632878
last_fifth_by_subject,S1,model_lightgbm,lightgbm,0.5,0.571766926836916
last_fifth_by_subject,S1,model_lightgbm,lightgbm,0.75,0.5657137690762282
last_fifth_by_subject,S1,model_lightgbm,lightgbm,1.0,0.5657510394147371
last_fifth_by_subject,S1,blend_lightgbm_rule_0.25,lightgbm,0.0,0.6011024558836834
last_fifth_by_subject,S1,blend_lightgbm_rule_0.25,lightgbm,0.15,0.5661518664249942
last_fifth_by_subject,S1,blend_lightgbm_rule_0.25,lightgbm,0.25,0.549585999335588
last_fifth_by_subject,S1,blend_lightgbm_rule_0.25,lightgbm,0.35,0.5380707275554711
last_fifth_by_subject,S1,blend_lightgbm_rule_0.25,lightgbm,0.5,0.530521638632763
last_fifth_by_subject,S1,blend_lightgbm_rule_0.25,lightgbm,0.75,0.5496886940833039
last_fifth_by_subject,S1,blend_lightgbm_rule_0.25,lightgbm,1.0,0.6437623596870163
last_fifth_by_subject,S1,blend_lightgbm_rule_0.5,lightgbm,0.0,0.6011024558836834
last_fifth_by_subject,S1,blend_lightgbm_rule_0.5,lightgbm,0.15,0.5730109854540816
last_fifth_by_subject,S1,blend_lightgbm_rule_0.5,lightgbm,0.25,0.5581354606503622
last_fifth_by_subject,S1,blend_lightgbm_rule_0.5,lightgbm,0.35,0.5461018321370736
last_fifth_by_subject,S1,blend_lightgbm_rule_0.5,lightgbm,0.5,0.5332580537452308
last_fifth_by_subject,S1,blend_lightgbm_rule_0.5,lightgbm,0.75,0.526703326444573
last_fifth_by_subject,S1,blend_lightgbm_rule_0.5,lightgbm,1.0,0.5448211129686519
last_fifth_by_subject,S1,blend_lightgbm_rule_0.75,lightgbm,0.0,0.6011024558836834
last_fifth_by_subject,S1,blend_lightgbm_rule_0.75,lightgbm,0.15,0.5808935352977425
last_fifth_by_subject,S1,blend_lightgbm_rule_0.75,lightgbm,0.25,0.5694285057010297
last_fifth_by_subject,S1,blend_lightgbm_rule_0.75,lightgbm,0.35,0.5594575813188054
last_fifth_by_subject,S1,blend_lightgbm_rule_0.75,lightgbm,0.5,0.5471981217307842
last_fifth_by_subject,S1,blend_lightgbm_rule_0.75,lightgbm,0.75,0.5339854804772074
last_fifth_by_subject,S1,blend_lightgbm_rule_0.75,lightgbm,1.0,0.5308704332783835
last_fifth_by_subject,S1,model_catboost,catboost,0.0,0.6011024558836834
last_fifth_by_subject,S1,model_catboost,catboost,0.15,0.5898362265621873
last_fifth_by_subject,S1,model_catboost,catboost,0.25,0.5830435318476823
last_fifth_by_subject,S1,model_catboost,catboost,0.35,0.576788347582415
last_fifth_by_subject,S1,model_catboost,catboost,0.5,0.5683602761152168
last_fifth_by_subject,S1,model_catboost,catboost,0.75,0.5567151040828421
last_fifth_by_subject,S1,model_catboost,catboost,1.0,0.5479344853767657
last_fifth_by_subject,S1,blend_catboost_rule_0.25,catboost,0.0,0.6011024558836834
last_fifth_by_subject,S1,blend_catboost_rule_0.25,catboost,0.15,0.5661886111387205
last_fifth_by_subject,S1,blend_catboost_rule_0.25,catboost,0.25,0.549559384443569
last_fifth_by_subject,S1,blend_catboost_rule_0.25,catboost,0.35,0.5379000665838982
last_fifth_by_subject,S1,blend_catboost_rule_0.25,catboost,0.5,0.5299260955267172
last_fifth_by_subject,S1,blend_catboost_rule_0.25,catboost,0.75,0.5471896004403437
last_fifth_by_subject,S1,blend_catboost_rule_0.25,catboost,1.0,0.631888747019005
last_fifth_by_subject,S1,blend_catboost_rule_0.5,catboost,0.0,0.6011024558836834
last_fifth_by_subject,S1,blend_catboost_rule_0.5,catboost,0.15,0.5730633129728598
last_fifth_by_subject,S1,blend_catboost_rule_0.5,catboost,0.25,0.5580269571374685
last_fifth_by_subject,S1,blend_catboost_rule_0.5,catboost,0.35,0.5456662855548668
last_fifth_by_subject,S1,blend_catboost_rule_0.5,catboost,0.5,0.5319591343307268
last_fifth_by_subject,S1,blend_catboost_rule_0.5,catboost,0.75,0.5224269462891273
last_fifth_by_subject,S1,blend_catboost_rule_0.5,catboost,1.0,0.5330775770289938
last_fifth_by_subject,S1,blend_catboost_rule_0.75,catboost,0.0,0.6011024558836834
last_fifth_by_subject,S1,blend_catboost_rule_0.75,catboost,0.15,0.5809390938685733
last_fifth_by_subject,S1,blend_catboost_rule_0.75,catboost,0.25,0.5691783585998339
last_fifth_by_subject,S1,blend_catboost_rule_0.75,catboost,0.35,0.5586516757541584
last_fifth_by_subject,S1,blend_catboost_rule_0.75,catboost,0.5,0.5450411412225317
last_fifth_by_subject,S1,blend_catboost_rule_0.75,catboost,0.75,0.5279211127853
last_fifth_by_subject,S1,blend_catboost_rule_0.75,catboost,1.0,0.5178397417933638
last_fifth_by_subject,S1,meta_rule_extra_trees,extra_trees,0.0,0.6011024558836834
last_fifth_by_subject,S1,meta_rule_extra_trees,extra_trees,0.15,0.5925126446191511
last_fifth_by_subject,S1,meta_rule_extra_trees,extra_trees,0.25,0.5886564084045132
last_fifth_by_subject,S1,meta_rule_extra_trees,extra_trees,0.35,0.5861703414726855
last_fifth_by_subject,S1,meta_rule_extra_trees,extra_trees,0.5,0.5848558592550022
last_fifth_by_subject,S1,meta_rule_extra_trees,extra_trees,0.75,0.5888071364840938
last_fifth_by_subject,S1,meta_rule_extra_trees,extra_trees,1.0,0.6004768307132139
last_fifth_by_subject,S1,meta_rule_lightgbm,lightgbm,0.0,0.6011024558836834
last_fifth_by_subject,S1,meta_rule_lightgbm,lightgbm,0.15,0.5890128578071331
last_fifth_by_subject,S1,meta_rule_lightgbm,lightgbm,0.25,0.5822026103882868
last_fifth_by_subject,S1,meta_rule_lightgbm,lightgbm,0.35,0.5763430626344368
last_fifth_by_subject,S1,meta_rule_lightgbm,lightgbm,0.5,0.5692890221827874
last_fifth_by_subject,S1,meta_rule_lightgbm,lightgbm,0.75,0.5621640899401824
last_fifth_by_subject,S1,meta_rule_lightgbm,lightgbm,1.0,0.5612586293960395
last_fifth_by_subject,S1,meta_rule_catboost,catboost,0.0,0.6011024558836834
last_fifth_by_subject,S1,meta_rule_catboost,catboost,0.15,0.5920470913382795
last_fifth_by_subject,S1,meta_rule_catboost,catboost,0.25,0.586624391649589
last_fifth_by_subject,S1,meta_rule_catboost,catboost,0.35,0.5816693048712024
last_fifth_by_subject,S1,meta_rule_catboost,catboost,0.5,0.5750804906569753
last_fifth_by_subject,S1,meta_rule_catboost,catboost,0.75,0.5662687048194868
last_fifth_by_subject,S1,meta_rule_catboost,catboost,1.0,0.560121842236375
last_fifth_by_subject,S1,meta_rule_hist_gradient_boosting,hist_gradient_boosting,0.0,0.6011024558836834
last_fifth_by_subject,S1,meta_rule_hist_gradient_boosting,hist_gradient_boosting,0.15,0.5842742636229451
last_fifth_by_subject,S1,meta_rule_hist_gradient_boosting,hist_gradient_boosting,0.25,0.5753607257842851
last_fifth_by_subject,S1,meta_rule_hist_gradient_boosting,hist_gradient_boosting,0.35,0.5681889370839016
last_fifth_by_subject,S1,meta_rule_hist_gradient_boosting,hist_gradient_boosting,0.5,0.5606515745348848
last_fifth_by_subject,S1,meta_rule_hist_gradient_boosting,hist_gradient_boosting,0.75,0.5571704389694387
last_fifth_by_subject,S1,meta_rule_hist_gradient_boosting,hist_gradient_boosting,1.0,0.5678552602316282
last_fifth_by_subject,S2,history_blend,history,1.0,0.6450607071417904
last_fifth_by_subject,S2,rule_subject_strategy_tuned,rule,0.0,0.7076311616894946
last_fifth_by_subject,S2,rule_subject_strategy_tuned,rule,0.15,0.7098787664894807
last_fifth_by_subject,S2,rule_subject_strategy_tuned,rule,0.25,0.7233769596276038
last_fifth_by_subject,S2,rule_subject_strategy_tuned,rule,0.35,0.7472886462358915
last_fifth_by_subject,S2,rule_subject_strategy_tuned,rule,0.5,0.8072766952345807
last_fifth_by_subject,S2,rule_subject_strategy_tuned,rule,0.75,1.02151961279907
last_fifth_by_subject,S2,rule_subject_strategy_tuned,rule,1.0,3.7811460503904546
last_fifth_by_subject,S2,model_logistic_regression,logistic_regression,0.0,0.7076311616894946
last_fifth_by_subject,S2,model_logistic_regression,logistic_regression,0.15,0.6759089366954265
last_fifth_by_subject,S2,model_logistic_regression,logistic_regression,0.25,0.6641180922095167
last_fifth_by_subject,S2,model_logistic_regression,logistic_regression,0.35,0.6594633483935076
last_fifth_by_subject,S2,model_logistic_regression,logistic_regression,0.5,0.6669961439859226
last_fifth_by_subject,S2,model_logistic_regression,logistic_regression,0.75,0.7364850149256298
last_fifth_by_subject,S2,model_logistic_regression,logistic_regression,1.0,1.3667279771153589
last_fifth_by_subject,S2,blend_logistic_regression_rule_0.25,logistic_regression,0.0,0.7076311616894946
last_fifth_by_subject,S2,blend_logistic_regression_rule_0.25,logistic_regression,0.15,0.6975908896195318
last_fifth_by_subject,S2,blend_logistic_regression_rule_0.25,logistic_regression,0.25,0.6980357897249169
last_fifth_by_subject,S2,blend_logistic_regression_rule_0.25,logistic_regression,0.35,0.7042801947893926
last_fifth_by_subject,S2,blend_logistic_regression_rule_0.25,logistic_regression,0.5,0.725988117834079
last_fifth_by_subject,S2,blend_logistic_regression_rule_0.25,logistic_regression,0.75,0.8120776796195581
last_fifth_by_subject,S2,blend_logistic_regression_rule_0.25,logistic_regression,1.0,1.4438298936546556
last_fifth_by_subject,S2,blend_logistic_regression_rule_0.5,logistic_regression,0.0,0.7076311616894946
last_fifth_by_subject,S2,blend_logistic_regression_rule_0.5,logistic_regression,0.15,0.687982443056269
last_fifth_by_subject,S2,blend_logistic_regression_rule_0.5,logistic_regression,0.25,0.6804410830297096
last_fifth_by_subject,S2,blend_logistic_regression_rule_0.5,logistic_regression,0.35,0.6774435027272196
last_fifth_by_subject,S2,blend_logistic_regression_rule_0.5,logistic_regression,0.5,0.682647907142735
last_fifth_by_subject,S2,blend_logistic_regression_rule_0.5,logistic_regression,0.75,0.7308745762637352
last_fifth_by_subject,S2,blend_logistic_regression_rule_0.5,logistic_regression,1.0,1.233901414161991
last_fifth_by_subject,S2,blend_logistic_regression_rule_0.75,logistic_regression,0.0,0.7076311616894946
last_fifth_by_subject,S2,blend_logistic_regression_rule_0.75,logistic_regression,0.15,0.680800149341778
last_fifth_by_subject,S2,blend_logistic_regression_rule_0.75,logistic_regression,0.25,0.6692914236888227
last_fifth_by_subject,S2,blend_logistic_regression_rule_0.75,logistic_regression,0.35,0.662816096757595
last_fifth_by_subject,S2,blend_logistic_regression_rule_0.75,logistic_regression,0.5,0.6634445999801857
last_fifth_by_subject,S2,blend_logistic_regression_rule_0.75,logistic_regression,0.75,0.7043116047763545
last_fifth_by_subject,S2,blend_logistic_regression_rule_0.75,logistic_regression,1.0,1.1608445652942818
last_fifth_by_subject,S2,model_linear_svc,linear_svc,0.0,0.7076311616894946
last_fifth_by_subject,S2,model_linear_svc,linear_svc,0.15,0.6814442867451058
last_fifth_by_subject,S2,model_linear_svc,linear_svc,0.25,0.6710201720666253
last_fifth_by_subject,S2,model_linear_svc,linear_svc,0.35,0.665924462418833
last_fifth_by_subject,S2,model_linear_svc,linear_svc,0.5,0.6688015017229401
last_fifth_by_subject,S2,model_linear_svc,linear_svc,0.75,0.7111979136815875
last_fifth_by_subject,S2,model_linear_svc,linear_svc,1.0,0.9128843941955485
last_fifth_by_subject,S2,blend_linear_svc_rule_0.25,linear_svc,0.0,0.7076311616894946
last_fifth_by_subject,S2,blend_linear_svc_rule_0.25,linear_svc,0.15,0.699142336496764
last_fifth_by_subject,S2,blend_linear_svc_rule_0.25,linear_svc,0.25,0.7001341950014999
last_fifth_by_subject,S2,blend_linear_svc_rule_0.25,linear_svc,0.35,0.7064552971043255
last_fifth_by_subject,S2,blend_linear_svc_rule_0.25,linear_svc,0.5,0.7270301969574668
last_fifth_by_subject,S2,blend_linear_svc_rule_0.25,linear_svc,0.75,0.8037267230482688
last_fifth_by_subject,S2,blend_linear_svc_rule_0.25,linear_svc,1.0,1.1051223521247777
last_fifth_by_subject,S2,blend_linear_svc_rule_0.5,linear_svc,0.0,0.7076311616894946
last_fifth_by_subject,S2,blend_linear_svc_rule_0.5,linear_svc,0.15,0.6909565616612419
last_fifth_by_subject,S2,blend_linear_svc_rule_0.5,linear_svc,0.25,0.6843298863072019
last_fifth_by_subject,S2,blend_linear_svc_rule_0.5,linear_svc,0.35,0.6813083773781571
last_fifth_by_subject,S2,blend_linear_svc_rule_0.5,linear_svc,0.5,0.6842561143811986
last_fifth_by_subject,S2,blend_linear_svc_rule_0.5,linear_svc,0.75,0.717661064337727
last_fifth_by_subject,S2,blend_linear_svc_rule_0.5,linear_svc,1.0,0.8918325710589841
last_fifth_by_subject,S2,blend_linear_svc_rule_0.75,linear_svc,0.0,0.7076311616894946
last_fifth_by_subject,S2,blend_linear_svc_rule_0.75,linear_svc,0.15,0.6850998286539018
last_fifth_by_subject,S2,blend_linear_svc_rule_0.75,linear_svc,0.25,0.6747909640476433
last_fifth_by_subject,S2,blend_linear_svc_rule_0.75,linear_svc,0.35,0.6681819984479432
last_fifth_by_subject,S2,blend_linear_svc_rule_0.75,linear_svc,0.5,0.6657030340903506
last_fifth_by_subject,S2,blend_linear_svc_rule_0.75,linear_svc,0.75,0.6882194185332229
last_fifth_by_subject,S2,blend_linear_svc_rule_0.75,linear_svc,1.0,0.8213500381036877
last_fifth_by_subject,S2,model_svc_rbf,svc_rbf,0.0,0.7076311616894946
last_fifth_by_subject,S2,model_svc_rbf,svc_rbf,0.15,0.6941109226121014
last_fifth_by_subject,S2,model_svc_rbf,svc_rbf,0.25,0.6863284682348654
last_fifth_by_subject,S2,model_svc_rbf,svc_rbf,0.35,0.6794726001709122
last_fifth_by_subject,S2,model_svc_rbf,svc_rbf,0.5,0.6708621526750008
last_fifth_by_subject,S2,model_svc_rbf,svc_rbf,0.75,0.6609209859708961
last_fifth_by_subject,S2,model_svc_rbf,svc_rbf,1.0,0.6568702368763802
last_fifth_by_subject,S2,blend_svc_rbf_rule_0.25,svc_rbf,0.0,0.7076311616894946
last_fifth_by_subject,S2,blend_svc_rbf_rule_0.25,svc_rbf,0.15,0.7037915972123414
last_fifth_by_subject,S2,blend_svc_rbf_rule_0.25,svc_rbf,0.25,0.7080108064403222
last_fifth_by_subject,S2,blend_svc_rbf_rule_0.25,svc_rbf,0.35,0.717690228167926
last_fifth_by_subject,S2,blend_svc_rbf_rule_0.25,svc_rbf,0.5,0.7433938530402622
last_fifth_by_subject,S2,blend_svc_rbf_rule_0.25,svc_rbf,0.75,0.8252349749492917
last_fifth_by_subject,S2,blend_svc_rbf_rule_0.25,svc_rbf,1.0,1.0016540531001166
last_fifth_by_subject,S2,blend_svc_rbf_rule_0.5,svc_rbf,0.0,0.7076311616894946
last_fifth_by_subject,S2,blend_svc_rbf_rule_0.5,svc_rbf,0.15,0.6991580091942728
last_fifth_by_subject,S2,blend_svc_rbf_rule_0.5,svc_rbf,0.25,0.6969055335581025
last_fifth_by_subject,S2,blend_svc_rbf_rule_0.5,svc_rbf,0.35,0.6972840745008805
last_fifth_by_subject,S2,blend_svc_rbf_rule_0.5,svc_rbf,0.5,0.7028910052155711
last_fifth_by_subject,S2,blend_svc_rbf_rule_0.5,svc_rbf,0.75,0.7274122221577802
last_fifth_by_subject,S2,blend_svc_rbf_rule_0.5,svc_rbf,1.0,0.7786286001736776
last_fifth_by_subject,S2,blend_svc_rbf_rule_0.75,svc_rbf,0.0,0.7076311616894946
last_fifth_by_subject,S2,blend_svc_rbf_rule_0.75,svc_rbf,0.15,0.6959362655815114
last_fifth_by_subject,S2,blend_svc_rbf_rule_0.75,svc_rbf,0.25,0.6897246301619092
last_fifth_by_subject,S2,blend_svc_rbf_rule_0.75,svc_rbf,0.35,0.6847298016761061
last_fifth_by_subject,S2,blend_svc_rbf_rule_0.75,svc_rbf,0.5,0.679504979440621
last_fifth_by_subject,S2,blend_svc_rbf_rule_0.75,svc_rbf,0.75,0.6771667379906818
last_fifth_by_subject,S2,blend_svc_rbf_rule_0.75,svc_rbf,1.0,0.68446724806879
last_fifth_by_subject,S2,model_random_forest,random_forest,0.0,0.7076311616894946
last_fifth_by_subject,S2,model_random_forest,random_forest,0.15,0.6861789017886649
last_fifth_by_subject,S2,model_random_forest,random_forest,0.25,0.6736302170550633
last_fifth_by_subject,S2,model_random_forest,random_forest,0.35,0.6623566588403368
last_fifth_by_subject,S2,model_random_forest,random_forest,0.5,0.6476691464990808
last_fifth_by_subject,S2,model_random_forest,random_forest,0.75,0.6287225706459931
last_fifth_by_subject,S2,model_random_forest,random_forest,1.0,0.6164861925324872
last_fifth_by_subject,S2,blend_random_forest_rule_0.25,random_forest,0.0,0.7076311616894946
last_fifth_by_subject,S2,blend_random_forest_rule_0.25,random_forest,0.15,0.7014590142635931
last_fifth_by_subject,S2,blend_random_forest_rule_0.25,random_forest,0.25,0.7037751170296855
last_fifth_by_subject,S2,blend_random_forest_rule_0.25,random_forest,0.35,0.7111433607626688
last_fifth_by_subject,S2,blend_random_forest_rule_0.25,random_forest,0.5,0.7322914329245644
last_fifth_by_subject,S2,blend_random_forest_rule_0.25,random_forest,0.75,0.8013742240751138
last_fifth_by_subject,S2,blend_random_forest_rule_0.25,random_forest,1.0,0.9462825976362207
last_fifth_by_subject,S2,blend_random_forest_rule_0.5,random_forest,0.0,0.7076311616894946
last_fifth_by_subject,S2,blend_random_forest_rule_0.5,random_forest,0.15,0.6947642751886545
last_fifth_by_subject,S2,blend_random_forest_rule_0.5,random_forest,0.25,0.6893185645711637
last_fifth_by_subject,S2,blend_random_forest_rule_0.5,random_forest,0.35,0.6862001888740088
last_fifth_by_subject,S2,blend_random_forest_rule_0.5,random_forest,0.5,0.6858054780579942
last_fifth_by_subject,S2,blend_random_forest_rule_0.5,random_forest,0.75,0.6973209066518384
last_fifth_by_subject,S2,blend_random_forest_rule_0.5,random_forest,1.0,0.728287762126428
last_fifth_by_subject,S2,blend_random_forest_rule_0.75,random_forest,0.0,0.7076311616894946
last_fifth_by_subject,S2,blend_random_forest_rule_0.75,random_forest,0.15,0.6896941314789922
last_fifth_by_subject,S2,blend_random_forest_rule_0.75,random_forest,0.25,0.6793937484790271
last_fifth_by_subject,S2,blend_random_forest_rule_0.75,random_forest,0.35,0.6703169933320555
last_fifth_by_subject,S2,blend_random_forest_rule_0.75,random_forest,0.5,0.6588845088095344
last_fifth_by_subject,S2,blend_random_forest_rule_0.75,random_forest,0.75,0.6455189874144903
last_fifth_by_subject,S2,blend_random_forest_rule_0.75,random_forest,1.0,0.6396359226742846
last_fifth_by_subject,S2,model_extra_trees,extra_trees,0.0,0.7076311616894946
last_fifth_by_subject,S2,model_extra_trees,extra_trees,0.15,0.6831355091983942
last_fifth_by_subject,S2,model_extra_trees,extra_trees,0.25,0.668677407143093
last_fifth_by_subject,S2,model_extra_trees,extra_trees,0.35,0.6555413273225298
last_fifth_by_subject,S2,model_extra_trees,extra_trees,0.5,0.6380743978260779
last_fifth_by_subject,S2,model_extra_trees,extra_trees,0.75,0.6142843675727067
last_fifth_by_subject,S2,model_extra_trees,extra_trees,1.0,0.5965070141506428
last_fifth_by_subject,S2,blend_extra_trees_rule_0.25,extra_trees,0.0,0.7076311616894946
last_fifth_by_subject,S2,blend_extra_trees_rule_0.25,extra_trees,0.15,0.7005613085788428
last_fifth_by_subject,S2,blend_extra_trees_rule_0.25,extra_trees,0.25,0.7021243175584378
last_fifth_by_subject,S2,blend_extra_trees_rule_0.25,extra_trees,0.35,0.7085608590504964
last_fifth_by_subject,S2,blend_extra_trees_rule_0.25,extra_trees,0.5,0.7278354492522303
last_fifth_by_subject,S2,blend_extra_trees_rule_0.25,extra_trees,0.75,0.7914912265913626
last_fifth_by_subject,S2,blend_extra_trees_rule_0.25,extra_trees,1.0,0.9222424379750294
last_fifth_by_subject,S2,blend_extra_trees_rule_0.5,extra_trees,0.0,0.7076311616894946
last_fifth_by_subject,S2,blend_extra_trees_rule_0.5,extra_trees,0.15,0.6930736146326223
last_fifth_by_subject,S2,blend_extra_trees_rule_0.5,extra_trees,0.25,0.6863555507194156
last_fifth_by_subject,S2,blend_extra_trees_rule_0.5,extra_trees,0.35,0.6818030392717744
last_fifth_by_subject,S2,blend_extra_trees_rule_0.5,extra_trees,0.5,0.6788606003977751
last_fifth_by_subject,S2,blend_extra_trees_rule_0.5,extra_trees,0.75,0.6845665811502972
last_fifth_by_subject,S2,blend_extra_trees_rule_0.5,extra_trees,1.0,0.7061270661443321
last_fifth_by_subject,S2,blend_extra_trees_rule_0.75,extra_trees,0.0,0.7076311616894946
last_fifth_by_subject,S2,blend_extra_trees_rule_0.75,extra_trees,0.15,0.6872942845826086
last_fifth_by_subject,S2,blend_extra_trees_rule_0.75,extra_trees,0.25,0.6753557441206468
last_fifth_by_subject,S2,blend_extra_trees_rule_0.75,extra_trees,0.35,0.6645742772813141
last_fifth_by_subject,S2,blend_extra_trees_rule_0.75,extra_trees,0.5,0.6503992146595496
last_fifth_by_subject,S2,blend_extra_trees_rule_0.75,extra_trees,0.75,0.6317232937656865
last_fifth_by_subject,S2,blend_extra_trees_rule_0.75,extra_trees,1.0,0.6190820081310866
last_fifth_by_subject,S2,model_hist_gradient_boosting,hist_gradient_boosting,0.0,0.7076311616894946
last_fifth_by_subject,S2,model_hist_gradient_boosting,hist_gradient_boosting,0.15,0.6880529730764512
last_fifth_by_subject,S2,model_hist_gradient_boosting,hist_gradient_boosting,0.25,0.6772909695488215
last_fifth_by_subject,S2,model_hist_gradient_boosting,hist_gradient_boosting,0.35,0.6682901475889037
last_fifth_by_subject,S2,model_hist_gradient_boosting,hist_gradient_boosting,0.5,0.6581169740304922
last_fifth_by_subject,S2,model_hist_gradient_boosting,hist_gradient_boosting,0.75,0.6510522147104126
last_fifth_by_subject,S2,model_hist_gradient_boosting,hist_gradient_boosting,1.0,0.6620974297423254
last_fifth_by_subject,S2,blend_hist_gradient_boosting_rule_0.25,hist_gradient_boosting,0.0,0.7076311616894946
last_fifth_by_subject,S2,blend_hist_gradient_boosting_rule_0.25,hist_gradient_boosting,0.15,0.7020951295642162
last_fifth_by_subject,S2,blend_hist_gradient_boosting_rule_0.25,hist_gradient_boosting,0.25,0.7052625241716124
last_fifth_by_subject,S2,blend_hist_gradient_boosting_rule_0.25,hist_gradient_boosting,0.35,0.7139656799435629
last_fifth_by_subject,S2,blend_hist_gradient_boosting_rule_0.25,hist_gradient_boosting,0.5,0.7384103052916761
last_fifth_by_subject,S2,blend_hist_gradient_boosting_rule_0.25,hist_gradient_boosting,0.75,0.8195767802869279
last_fifth_by_subject,S2,blend_hist_gradient_boosting_rule_0.25,hist_gradient_boosting,1.0,1.0105983934120217
last_fifth_by_subject,S2,blend_hist_gradient_boosting_rule_0.5,hist_gradient_boosting,0.0,0.7076311616894946
last_fifth_by_subject,S2,blend_hist_gradient_boosting_rule_0.5,hist_gradient_boosting,0.15,0.6958941783557822
last_fifth_by_subject,S2,blend_hist_gradient_boosting_rule_0.5,hist_gradient_boosting,0.25,0.691771814450343
last_fifth_by_subject,S2,blend_hist_gradient_boosting_rule_0.5,hist_gradient_boosting,0.35,0.6905564917127156
last_fifth_by_subject,S2,blend_hist_gradient_boosting_rule_0.5,hist_gradient_boosting,0.5,0.6944128977239036
last_fifth_by_subject,S2,blend_hist_gradient_boosting_rule_0.5,hist_gradient_boosting,0.75,0.718854027888302
last_fifth_by_subject,S2,blend_hist_gradient_boosting_rule_0.5,hist_gradient_boosting,1.0,0.7814378573791669
last_fifth_by_subject,S2,blend_hist_gradient_boosting_rule_0.75,hist_gradient_boosting,0.0,0.7076311616894946
last_fifth_by_subject,S2,blend_hist_gradient_boosting_rule_0.75,hist_gradient_boosting,0.15,0.6912197525463575
last_fifth_by_subject,S2,blend_hist_gradient_boosting_rule_0.75,hist_gradient_boosting,0.25,0.6824933825943876
last_fifth_by_subject,S2,blend_hist_gradient_boosting_rule_0.75,hist_gradient_boosting,0.35,0.6754969079519474
last_fifth_by_subject,S2,blend_hist_gradient_boosting_rule_0.75,hist_gradient_boosting,0.5,0.6683133835925588
last_fifth_by_subject,S2,blend_hist_gradient_boosting_rule_0.75,hist_gradient_boosting,0.75,0.666315097400675
last_fifth_by_subject,S2,blend_hist_gradient_boosting_rule_0.75,hist_gradient_boosting,1.0,0.6829616431469214
last_fifth_by_subject,S2,model_mlp,mlp,0.0,0.7076311616894946
last_fifth_by_subject,S2,model_mlp,mlp,0.15,0.6812970461109332
last_fifth_by_subject,S2,model_mlp,mlp,0.25,0.6734269954576155
last_fifth_by_subject,S2,model_mlp,mlp,0.35,0.6730679748740139
last_fifth_by_subject,S2,model_mlp,mlp,0.5,0.6880364654926645
last_fifth_by_subject,S2,model_mlp,mlp,0.75,0.7747857088994717
last_fifth_by_subject,S2,model_mlp,mlp,1.0,1.6061322642776354
last_fifth_by_subject,S2,blend_mlp_rule_0.25,mlp,0.0,0.7076311616894946
last_fifth_by_subject,S2,blend_mlp_rule_0.25,mlp,0.15,0.6993006651596844
last_fifth_by_subject,S2,blend_mlp_rule_0.25,mlp,0.25,0.7014825222804074
last_fifth_by_subject,S2,blend_mlp_rule_0.25,mlp,0.35,0.7101332651262254
last_fifth_by_subject,S2,blend_mlp_rule_0.25,mlp,0.5,0.7373014611746638
last_fifth_by_subject,S2,blend_mlp_rule_0.25,mlp,0.75,0.843111475777578
last_fifth_by_subject,S2,blend_mlp_rule_0.25,mlp,1.0,1.7644622384926154
last_fifth_by_subject,S2,blend_mlp_rule_0.5,mlp,0.0,0.7076311616894946
last_fifth_by_subject,S2,blend_mlp_rule_0.5,mlp,0.15,0.6911347116194699
last_fifth_by_subject,S2,blend_mlp_rule_0.5,mlp,0.25,0.6864724940425666
last_fifth_by_subject,S2,blend_mlp_rule_0.5,mlp,0.35,0.6871933155024778
last_fifth_by_subject,S2,blend_mlp_rule_0.5,mlp,0.5,0.7002203362845669
last_fifth_by_subject,S2,blend_mlp_rule_0.5,mlp,0.75,0.7736155743277748
last_fifth_by_subject,S2,blend_mlp_rule_0.5,mlp,1.0,1.5683091081228187
last_fifth_by_subject,S2,blend_mlp_rule_0.75,mlp,0.0,0.7076311616894946
last_fifth_by_subject,S2,blend_mlp_rule_0.75,mlp,0.15,0.6851662776680029
last_fifth_by_subject,S2,blend_mlp_rule_0.75,mlp,0.25,0.6772258421319148
last_fifth_by_subject,S2,blend_mlp_rule_0.75,mlp,0.35,0.6750268825487473
last_fifth_by_subject,S2,blend_mlp_rule_0.75,mlp,0.5,0.6839933620247796
last_fifth_by_subject,S2,blend_mlp_rule_0.75,mlp,0.75,0.7495618877268784
last_fifth_by_subject,S2,blend_mlp_rule_0.75,mlp,1.0,1.4865065594521463
last_fifth_by_subject,S2,model_lightgbm,lightgbm,0.0,0.7076311616894946
last_fifth_by_subject,S2,model_lightgbm,lightgbm,0.15,0.6897584907824146
last_fifth_by_subject,S2,model_lightgbm,lightgbm,0.25,0.6792612613577627
last_fifth_by_subject,S2,model_lightgbm,lightgbm,0.35,0.6698157053247668
last_fifth_by_subject,S2,model_lightgbm,lightgbm,0.5,0.6575188836204725
last_fifth_by_subject,S2,model_lightgbm,lightgbm,0.75,0.6418419655336022
last_fifth_by_subject,S2,model_lightgbm,lightgbm,1.0,0.6323447639172158
last_fifth_by_subject,S2,blend_lightgbm_rule_0.25,lightgbm,0.0,0.7076311616894946
last_fifth_by_subject,S2,blend_lightgbm_rule_0.25,lightgbm,0.15,0.702591753420633
last_fifth_by_subject,S2,blend_lightgbm_rule_0.25,lightgbm,0.25,0.7059200090873831
last_fifth_by_subject,S2,blend_lightgbm_rule_0.25,lightgbm,0.35,0.7146041621254454
last_fifth_by_subject,S2,blend_lightgbm_rule_0.25,lightgbm,0.5,0.7385246072924523
last_fifth_by_subject,S2,blend_lightgbm_rule_0.25,lightgbm,0.75,0.8158707301437852
last_fifth_by_subject,S2,blend_lightgbm_rule_0.25,lightgbm,1.0,0.980768161080242
last_fifth_by_subject,S2,blend_lightgbm_rule_0.5,lightgbm,0.0,0.7076311616894946
last_fifth_by_subject,S2,blend_lightgbm_rule_0.5,lightgbm,0.15,0.6968389915681605
last_fifth_by_subject,S2,blend_lightgbm_rule_0.5,lightgbm,0.25,0.6929708836927702
last_fifth_by_subject,S2,blend_lightgbm_rule_0.5,lightgbm,0.35,0.6916528539910205
last_fifth_by_subject,S2,blend_lightgbm_rule_0.5,lightgbm,0.5,0.694495688311718
last_fifth_by_subject,S2,blend_lightgbm_rule_0.5,lightgbm,0.75,0.7133855196321487
last_fifth_by_subject,S2,blend_lightgbm_rule_0.5,lightgbm,1.0,0.7557767729474807
last_fifth_by_subject,S2,blend_lightgbm_rule_0.75,lightgbm,0.0,0.7076311616894946
last_fifth_by_subject,S2,blend_lightgbm_rule_0.75,lightgbm,0.15,0.6925686134607071
last_fifth_by_subject,S2,blend_lightgbm_rule_0.75,lightgbm,0.25,0.6841401530685067
last_fifth_by_subject,S2,blend_lightgbm_rule_0.75,lightgbm,0.35,0.6769298327202896
last_fifth_by_subject,S2,blend_lightgbm_rule_0.75,lightgbm,0.5,0.6683360231835705
last_fifth_by_subject,S2,blend_lightgbm_rule_0.75,lightgbm,0.75,0.6600018602490473
last_fifth_by_subject,S2,blend_lightgbm_rule_0.75,lightgbm,1.0,0.6599876883685107
last_fifth_by_subject,S2,model_catboost,catboost,0.0,0.7076311616894946
last_fifth_by_subject,S2,model_catboost,catboost,0.15,0.69339180159927
last_fifth_by_subject,S2,model_catboost,catboost,0.25,0.6847953643859763
last_fifth_by_subject,S2,model_catboost,catboost,0.35,0.6768773996330213
last_fifth_by_subject,S2,model_catboost,catboost,0.5,0.6662268389271154
last_fifth_by_subject,S2,model_catboost,catboost,0.75,0.6516809748709101
last_fifth_by_subject,S2,model_catboost,catboost,1.0,0.6412676157746869
last_fifth_by_subject,S2,blend_catboost_rule_0.25,catboost,0.0,0.7076311616894946
last_fifth_by_subject,S2,blend_catboost_rule_0.25,catboost,0.15,0.703639150499667
last_fifth_by_subject,S2,blend_catboost_rule_0.25,catboost,0.25,0.7077088996198344
last_fifth_by_subject,S2,blend_catboost_rule_0.25,catboost,0.35,0.7172007827387289
last_fifth_by_subject,S2,blend_catboost_rule_0.25,catboost,0.5,0.7425193070343062
last_fifth_by_subject,S2,blend_catboost_rule_0.25,catboost,0.75,0.8230116958338738
last_fifth_by_subject,S2,blend_catboost_rule_0.25,catboost,1.0,0.992798619656478
last_fifth_by_subject,S2,blend_catboost_rule_0.5,catboost,0.0,0.7076311616894946
last_fifth_by_subject,S2,blend_catboost_rule_0.5,catboost,0.15,0.6988325132401042
last_fifth_by_subject,S2,blend_catboost_rule_0.5,catboost,0.25,0.6962374692304394
last_fifth_by_subject,S2,blend_catboost_rule_0.5,catboost,0.35,0.6961735295864806
last_fifth_by_subject,S2,blend_catboost_rule_0.5,catboost,0.5,0.7008899030374273
last_fifth_by_subject,S2,blend_catboost_rule_0.5,catboost,0.75,0.7229250741780124
last_fifth_by_subject,S2,blend_catboost_rule_0.5,catboost,1.0,0.7683956624023408
last_fifth_by_subject,S2,blend_catboost_rule_0.75,catboost,0.0,0.7076311616894946
last_fifth_by_subject,S2,blend_catboost_rule_0.75,catboost,0.15,0.6954212093972691
last_fifth_by_subject,S2,blend_catboost_rule_0.75,catboost,0.25,0.6886451432691649
last_fifth_by_subject,S2,blend_catboost_rule_0.75,catboost,0.35,0.6829195146897346
last_fifth_by_subject,S2,blend_catboost_rule_0.75,catboost,0.5,0.6762768612251054
last_fifth_by_subject,S2,blend_catboost_rule_0.75,catboost,0.75,0.670542343244536
last_fifth_by_subject,S2,blend_catboost_rule_0.75,catboost,1.0,0.6723548088900936
last_fifth_by_subject,S2,meta_rule_extra_trees,extra_trees,0.0,0.7076311616894946
last_fifth_by_subject,S2,meta_rule_extra_trees,extra_trees,0.15,0.6828906691493994
last_fifth_by_subject,S2,meta_rule_extra_trees,extra_trees,0.25,0.6683556589831366
last_fifth_by_subject,S2,meta_rule_extra_trees,extra_trees,0.35,0.655217621515929
last_fifth_by_subject,S2,meta_rule_extra_trees,extra_trees,0.5,0.6378960672265532
last_fifth_by_subject,S2,meta_rule_extra_trees,extra_trees,0.75,0.6147692920899721
last_fifth_by_subject,S2,meta_rule_extra_trees,extra_trees,1.0,0.5982258098685161
last_fifth_by_subject,S2,meta_rule_lightgbm,lightgbm,0.0,0.7076311616894946
last_fifth_by_subject,S2,meta_rule_lightgbm,lightgbm,0.15,0.6896985855925837
last_fifth_by_subject,S2,meta_rule_lightgbm,lightgbm,0.25,0.6791588032953083
last_fifth_by_subject,S2,meta_rule_lightgbm,lightgbm,0.35,0.6696728678250896
last_fifth_by_subject,S2,meta_rule_lightgbm,lightgbm,0.5,0.6573290733043273
last_fifth_by_subject,S2,meta_rule_lightgbm,lightgbm,0.75,0.6416565067906504
last_fifth_by_subject,S2,meta_rule_lightgbm,lightgbm,1.0,0.6323814952309313
last_fifth_by_subject,S2,meta_rule_catboost,catboost,0.0,0.7076311616894946
last_fifth_by_subject,S2,meta_rule_catboost,catboost,0.15,0.6930979899193855
last_fifth_by_subject,S2,meta_rule_catboost,catboost,0.25,0.684349999874432
last_fifth_by_subject,S2,meta_rule_catboost,catboost,0.35,0.6762985547656227
last_fifth_by_subject,S2,meta_rule_catboost,catboost,0.5,0.6654532584711897
last_fifth_by_subject,S2,meta_rule_catboost,catboost,0.75,0.6504953176226512
last_fifth_by_subject,S2,meta_rule_catboost,catboost,1.0,0.6393783360234294
last_fifth_by_subject,S2,meta_rule_hist_gradient_boosting,hist_gradient_boosting,0.0,0.7076311616894946
last_fifth_by_subject,S2,meta_rule_hist_gradient_boosting,hist_gradient_boosting,0.15,0.6880529730764512
last_fifth_by_subject,S2,meta_rule_hist_gradient_boosting,hist_gradient_boosting,0.25,0.6772909695488215
last_fifth_by_subject,S2,meta_rule_hist_gradient_boosting,hist_gradient_boosting,0.35,0.6682901475889037
last_fifth_by_subject,S2,meta_rule_hist_gradient_boosting,hist_gradient_boosting,0.5,0.6581169740304922
last_fifth_by_subject,S2,meta_rule_hist_gradient_boosting,hist_gradient_boosting,0.75,0.6510522147104126
last_fifth_by_subject,S2,meta_rule_hist_gradient_boosting,hist_gradient_boosting,1.0,0.6620974297423254
last_fifth_by_subject,S3,history_blend,history,1.0,0.6769491273831301
last_fifth_by_subject,S3,rule_subject_strategy_tuned,rule,0.0,0.661461703810048
last_fifth_by_subject,S3,rule_subject_strategy_tuned,rule,0.15,0.6402634374348403
last_fifth_by_subject,S3,rule_subject_strategy_tuned,rule,0.25,0.6379879059252936
last_fifth_by_subject,S3,rule_subject_strategy_tuned,rule,0.35,0.6454483233294085
last_fifth_by_subject,S3,rule_subject_strategy_tuned,rule,0.5,0.6781822185593039
last_fifth_by_subject,S3,rule_subject_strategy_tuned,rule,0.75,0.8300024759449788
last_fifth_by_subject,S3,rule_subject_strategy_tuned,rule,1.0,3.1024967601922238
last_fifth_by_subject,S3,model_logistic_regression,logistic_regression,0.0,0.661461703810048
last_fifth_by_subject,S3,model_logistic_regression,logistic_regression,0.15,0.6472004044506621
last_fifth_by_subject,S3,model_logistic_regression,logistic_regression,0.25,0.6488739455341571
last_fifth_by_subject,S3,model_logistic_regression,logistic_regression,0.35,0.6592619997517524
last_fifth_by_subject,S3,model_logistic_regression,logistic_regression,0.5,0.6930041159762269
last_fifth_by_subject,S3,model_logistic_regression,logistic_regression,0.75,0.82246419430876
last_fifth_by_subject,S3,model_logistic_regression,logistic_regression,1.0,1.5121008770289708
last_fifth_by_subject,S3,blend_logistic_regression_rule_0.25,logistic_regression,0.0,0.661461703810048
last_fifth_by_subject,S3,blend_logistic_regression_rule_0.25,logistic_regression,0.15,0.638843573960771
last_fifth_by_subject,S3,blend_logistic_regression_rule_0.25,logistic_regression,0.25,0.6319481668948058
last_fifth_by_subject,S3,blend_logistic_regression_rule_0.25,logistic_regression,0.35,0.6313996268136999
last_fifth_by_subject,S3,blend_logistic_regression_rule_0.25,logistic_regression,0.5,0.6437154270231786
last_fifth_by_subject,S3,blend_logistic_regression_rule_0.25,logistic_regression,0.75,0.7169867671262166
last_fifth_by_subject,S3,blend_logistic_regression_rule_0.25,logistic_regression,1.0,1.3458299760322197
last_fifth_by_subject,S3,blend_logistic_regression_rule_0.5,logistic_regression,0.0,0.661461703810048
last_fifth_by_subject,S3,blend_logistic_regression_rule_0.5,logistic_regression,0.15,0.6396299019650645
last_fifth_by_subject,S3,blend_logistic_regression_rule_0.5,logistic_regression,0.25,0.6322326111939585
last_fifth_by_subject,S3,blend_logistic_regression_rule_0.5,logistic_regression,0.35,0.6303842201564054
last_fifth_by_subject,S3,blend_logistic_regression_rule_0.5,logistic_regression,0.5,0.6390532215635557
last_fifth_by_subject,S3,blend_logistic_regression_rule_0.5,logistic_regression,0.75,0.6990961759871094
last_fifth_by_subject,S3,blend_logistic_regression_rule_0.5,logistic_regression,1.0,1.2105219250854917
last_fifth_by_subject,S3,blend_logistic_regression_rule_0.75,logistic_regression,0.0,0.661461703810048
last_fifth_by_subject,S3,blend_logistic_regression_rule_0.75,logistic_regression,0.15,0.6424448236206062
last_fifth_by_subject,S3,blend_logistic_regression_rule_0.75,logistic_regression,0.25,0.6379573006535392
last_fifth_by_subject,S3,blend_logistic_regression_rule_0.75,logistic_regression,0.35,0.6397727118850441
last_fifth_by_subject,S3,blend_logistic_regression_rule_0.75,logistic_regression,0.5,0.6552505670760693
last_fifth_by_subject,S3,blend_logistic_regression_rule_0.75,logistic_regression,0.75,0.7295251505746144
last_fifth_by_subject,S3,blend_logistic_regression_rule_0.75,logistic_regression,1.0,1.2106060363441578
last_fifth_by_subject,S3,model_linear_svc,linear_svc,0.0,0.661461703810048
last_fifth_by_subject,S3,model_linear_svc,linear_svc,0.15,0.6497551200773493
last_fifth_by_subject,S3,model_linear_svc,linear_svc,0.25,0.6497508369371278
last_fifth_by_subject,S3,model_linear_svc,linear_svc,0.35,0.6556761623843794
last_fifth_by_subject,S3,model_linear_svc,linear_svc,0.5,0.6763319522472675
last_fifth_by_subject,S3,model_linear_svc,linear_svc,0.75,0.7525686888653623
last_fifth_by_subject,S3,model_linear_svc,linear_svc,1.0,0.9820717206339037
last_fifth_by_subject,S3,blend_linear_svc_rule_0.25,linear_svc,0.0,0.661461703810048
last_fifth_by_subject,S3,blend_linear_svc_rule_0.25,linear_svc,0.15,0.6398108741610096
last_fifth_by_subject,S3,blend_linear_svc_rule_0.25,linear_svc,0.25,0.6330527804999714
last_fifth_by_subject,S3,blend_linear_svc_rule_0.25,linear_svc,0.35,0.6321954090722706
last_fifth_by_subject,S3,blend_linear_svc_rule_0.25,linear_svc,0.5,0.6428854939105076
last_fifth_by_subject,S3,blend_linear_svc_rule_0.25,linear_svc,0.75,0.7060659774478086
last_fifth_by_subject,S3,blend_linear_svc_rule_0.25,linear_svc,1.0,1.0076723827066902
last_fifth_by_subject,S3,blend_linear_svc_rule_0.5,linear_svc,0.0,0.661461703810048
last_fifth_by_subject,S3,blend_linear_svc_rule_0.5,linear_svc,0.15,0.6413267992230305
last_fifth_by_subject,S3,blend_linear_svc_rule_0.5,linear_svc,0.25,0.6337898023606287
last_fifth_by_subject,S3,blend_linear_svc_rule_0.5,linear_svc,0.35,0.6307414008714394
last_fifth_by_subject,S3,blend_linear_svc_rule_0.5,linear_svc,0.5,0.6351558125969395
last_fifth_by_subject,S3,blend_linear_svc_rule_0.5,linear_svc,0.75,0.6756429422868753
last_fifth_by_subject,S3,blend_linear_svc_rule_0.5,linear_svc,1.0,0.8653954191323665
last_fifth_by_subject,S3,blend_linear_svc_rule_0.75,linear_svc,0.0,0.661461703810048
last_fifth_by_subject,S3,blend_linear_svc_rule_0.75,linear_svc,0.15,0.6446674238746699
last_fifth_by_subject,S3,blend_linear_svc_rule_0.75,linear_svc,0.25,0.6394478085651196
last_fifth_by_subject,S3,blend_linear_svc_rule_0.75,linear_svc,0.35,0.6387569831406509
last_fifth_by_subject,S3,blend_linear_svc_rule_0.75,linear_svc,0.5,0.6466097671647836
last_fifth_by_subject,S3,blend_linear_svc_rule_0.75,linear_svc,0.75,0.6907233573641481
last_fifth_by_subject,S3,blend_linear_svc_rule_0.75,linear_svc,1.0,0.8503800124045537
last_fifth_by_subject,S3,model_svc_rbf,svc_rbf,0.0,0.661461703810048
last_fifth_by_subject,S3,model_svc_rbf,svc_rbf,0.15,0.6522432319971944
last_fifth_by_subject,S3,model_svc_rbf,svc_rbf,0.25,0.6480553447752359
last_fifth_by_subject,S3,model_svc_rbf,svc_rbf,0.35,0.6453190620069569
last_fifth_by_subject,S3,model_svc_rbf,svc_rbf,0.5,0.6438299860300566
last_fifth_by_subject,S3,model_svc_rbf,svc_rbf,0.75,0.6483523271373985
last_fifth_by_subject,S3,model_svc_rbf,svc_rbf,1.0,0.6627778847190975
last_fifth_by_subject,S3,blend_svc_rbf_rule_0.25,svc_rbf,0.0,0.661461703810048
last_fifth_by_subject,S3,blend_svc_rbf_rule_0.25,svc_rbf,0.15,0.6411955619277124
last_fifth_by_subject,S3,blend_svc_rbf_rule_0.25,svc_rbf,0.25,0.6347802230340923
last_fifth_by_subject,S3,blend_svc_rbf_rule_0.25,svc_rbf,0.35,0.6338547301885029
last_fifth_by_subject,S3,blend_svc_rbf_rule_0.25,svc_rbf,0.5,0.6433867242697119
last_fifth_by_subject,S3,blend_svc_rbf_rule_0.25,svc_rbf,0.75,0.6967088623762219
last_fifth_by_subject,S3,blend_svc_rbf_rule_0.25,svc_rbf,1.0,0.8459059147154818
last_fifth_by_subject,S3,blend_svc_rbf_rule_0.5,svc_rbf,0.0,0.661461703810048
last_fifth_by_subject,S3,blend_svc_rbf_rule_0.5,svc_rbf,0.15,0.643525483092565
last_fifth_by_subject,S3,blend_svc_rbf_rule_0.5,svc_rbf,0.25,0.6355598413147866
last_fifth_by_subject,S3,blend_svc_rbf_rule_0.5,svc_rbf,0.35,0.6306208491566284
last_fifth_by_subject,S3,blend_svc_rbf_rule_0.5,svc_rbf,0.5,0.6289442021292093
last_fifth_by_subject,S3,blend_svc_rbf_rule_0.5,svc_rbf,0.75,0.6434872741018968
last_fifth_by_subject,S3,blend_svc_rbf_rule_0.5,svc_rbf,1.0,0.6902367893744309
last_fifth_by_subject,S3,blend_svc_rbf_rule_0.75,svc_rbf,0.0,0.661461703810048
last_fifth_by_subject,S3,blend_svc_rbf_rule_0.75,svc_rbf,0.15,0.6472126506383338
last_fifth_by_subject,S3,blend_svc_rbf_rule_0.75,svc_rbf,0.25,0.640021307152759
last_fifth_by_subject,S3,blend_svc_rbf_rule_0.75,svc_rbf,0.35,0.6345785287674398
last_fifth_by_subject,S3,blend_svc_rbf_rule_0.75,svc_rbf,0.5,0.6296470148819261
last_fifth_by_subject,S3,blend_svc_rbf_rule_0.75,svc_rbf,0.75,0.6305072459075434
last_fifth_by_subject,S3,blend_svc_rbf_rule_0.75,svc_rbf,1.0,0.6454957159162586
last_fifth_by_subject,S3,model_random_forest,random_forest,0.0,0.661461703810048
last_fifth_by_subject,S3,model_random_forest,random_forest,0.15,0.6567578564780198
last_fifth_by_subject,S3,model_random_forest,random_forest,0.25,0.6552808505360261
last_fifth_by_subject,S3,model_random_forest,random_forest,0.35,0.6550592814209485
last_fifth_by_subject,S3,model_random_forest,random_forest,0.5,0.657018767277894
last_fifth_by_subject,S3,model_random_forest,random_forest,0.75,0.6664522295181338
last_fifth_by_subject,S3,model_random_forest,random_forest,1.0,0.6843489512362896
last_fifth_by_subject,S3,blend_random_forest_rule_0.25,random_forest,0.0,0.661461703810048
last_fifth_by_subject,S3,blend_random_forest_rule_0.25,random_forest,0.15,0.6425599567077056
last_fifth_by_subject,S3,blend_random_forest_rule_0.25,random_forest,0.25,0.6372190523013116
last_fifth_by_subject,S3,blend_random_forest_rule_0.25,random_forest,0.35,0.6375086464703619
last_fifth_by_subject,S3,blend_random_forest_rule_0.25,random_forest,0.5,0.6491860731551016
last_fifth_by_subject,S3,blend_random_forest_rule_0.25,random_forest,0.75,0.7074335084505133
last_fifth_by_subject,S3,blend_random_forest_rule_0.25,random_forest,1.0,0.8652345211565973
last_fifth_by_subject,S3,blend_random_forest_rule_0.5,random_forest,0.0,0.661461703810048
last_fifth_by_subject,S3,blend_random_forest_rule_0.5,random_forest,0.15,0.6460862599811524
last_fifth_by_subject,S3,blend_random_forest_rule_0.5,random_forest,0.25,0.6399597527064038
last_fifth_by_subject,S3,blend_random_forest_rule_0.5,random_forest,0.35,0.6369478829671705
last_fifth_by_subject,S3,blend_random_forest_rule_0.5,random_forest,0.5,0.6383213022795012
last_fifth_by_subject,S3,blend_random_forest_rule_0.5,random_forest,0.75,0.6584442516451069
last_fifth_by_subject,S3,blend_random_forest_rule_0.5,random_forest,1.0,0.711484217152487
last_fifth_by_subject,S3,blend_random_forest_rule_0.75,random_forest,0.0,0.661461703810048
last_fifth_by_subject,S3,blend_random_forest_rule_0.75,random_forest,0.15,0.6508200646343744
last_fifth_by_subject,S3,blend_random_forest_rule_0.75,random_forest,0.25,0.6460028289424812
last_fifth_by_subject,S3,blend_random_forest_rule_0.75,random_forest,0.35,0.642901504475992
last_fifth_by_subject,S3,blend_random_forest_rule_0.75,random_forest,0.5,0.6414162549130987
last_fifth_by_subject,S3,blend_random_forest_rule_0.75,random_forest,0.75,0.6478448197173923
last_fifth_by_subject,S3,blend_random_forest_rule_0.75,random_forest,1.0,0.6679969265222266
last_fifth_by_subject,S3,model_extra_trees,extra_trees,0.0,0.661461703810048
last_fifth_by_subject,S3,model_extra_trees,extra_trees,0.15,0.6509511320339516
last_fifth_by_subject,S3,model_extra_trees,extra_trees,0.25,0.6461284336823163
last_fifth_by_subject,S3,model_extra_trees,extra_trees,0.35,0.642912457546285
last_fifth_by_subject,S3,model_extra_trees,extra_trees,0.5,0.6409470423735206
last_fifth_by_subject,S3,model_extra_trees,extra_trees,0.75,0.6451151017067746
last_fifth_by_subject,S3,model_extra_trees,extra_trees,1.0,0.6591324389482238
last_fifth_by_subject,S3,blend_extra_trees_rule_0.25,extra_trees,0.0,0.661461703810048
last_fifth_by_subject,S3,blend_extra_trees_rule_0.25,extra_trees,0.15,0.6410510035453673
last_fifth_by_subject,S3,blend_extra_trees_rule_0.25,extra_trees,0.25,0.6346859948928706
last_fifth_by_subject,S3,blend_extra_trees_rule_0.25,extra_trees,0.35,0.6338402280762663
last_fifth_by_subject,S3,blend_extra_trees_rule_0.25,extra_trees,0.5,0.6434264625942305
last_fifth_by_subject,S3,blend_extra_trees_rule_0.25,extra_trees,0.75,0.6961211449021883
last_fifth_by_subject,S3,blend_extra_trees_rule_0.25,extra_trees,1.0,0.8414460022506042
last_fifth_by_subject,S3,blend_extra_trees_rule_0.5,extra_trees,0.0,0.661461703810048
last_fifth_by_subject,S3,blend_extra_trees_rule_0.5,extra_trees,0.15,0.6431267494105142
last_fifth_by_subject,S3,blend_extra_trees_rule_0.5,extra_trees,0.25,0.6351446177375006
last_fifth_by_subject,S3,blend_extra_trees_rule_0.5,extra_trees,0.35,0.6302681208601221
last_fifth_by_subject,S3,blend_extra_trees_rule_0.5,extra_trees,0.5,0.6286827335365527
last_fifth_by_subject,S3,blend_extra_trees_rule_0.5,extra_trees,0.75,0.6429436002312235
last_fifth_by_subject,S3,blend_extra_trees_rule_0.5,extra_trees,1.0,0.688067603949303
last_fifth_by_subject,S3,blend_extra_trees_rule_0.75,extra_trees,0.0,0.661461703810048
last_fifth_by_subject,S3,blend_extra_trees_rule_0.75,extra_trees,0.15,0.6464379937276737
last_fifth_by_subject,S3,blend_extra_trees_rule_0.75,extra_trees,0.25,0.6390223466510072
last_fifth_by_subject,S3,blend_extra_trees_rule_0.75,extra_trees,0.35,0.6334964162560152
last_fifth_by_subject,S3,blend_extra_trees_rule_0.75,extra_trees,0.5,0.6285904441868075
last_fifth_by_subject,S3,blend_extra_trees_rule_0.75,extra_trees,0.75,0.6296072358917575
last_fifth_by_subject,S3,blend_extra_trees_rule_0.75,extra_trees,1.0,0.6444411647777758
last_fifth_by_subject,S3,model_hist_gradient_boosting,hist_gradient_boosting,0.0,0.661461703810048
last_fifth_by_subject,S3,model_hist_gradient_boosting,hist_gradient_boosting,0.15,0.6541759226359238
last_fifth_by_subject,S3,model_hist_gradient_boosting,hist_gradient_boosting,0.25,0.6520551498559708
last_fifth_by_subject,S3,model_hist_gradient_boosting,hist_gradient_boosting,0.35,0.6521371984257393
last_fifth_by_subject,S3,model_hist_gradient_boosting,hist_gradient_boosting,0.5,0.6566716576247554
last_fifth_by_subject,S3,model_hist_gradient_boosting,hist_gradient_boosting,0.75,0.6788017244121619
last_fifth_by_subject,S3,model_hist_gradient_boosting,hist_gradient_boosting,1.0,0.7336076302821571
last_fifth_by_subject,S3,blend_hist_gradient_boosting_rule_0.25,hist_gradient_boosting,0.0,0.661461703810048
last_fifth_by_subject,S3,blend_hist_gradient_boosting_rule_0.25,hist_gradient_boosting,0.15,0.6419502634626387
last_fifth_by_subject,S3,blend_hist_gradient_boosting_rule_0.25,hist_gradient_boosting,0.25,0.6366064652946155
last_fifth_by_subject,S3,blend_hist_gradient_boosting_rule_0.25,hist_gradient_boosting,0.35,0.6373508310690257
last_fifth_by_subject,S3,blend_hist_gradient_boosting_rule_0.25,hist_gradient_boosting,0.5,0.6509732935870133
last_fifth_by_subject,S3,blend_hist_gradient_boosting_rule_0.25,hist_gradient_boosting,0.75,0.7196409552040675
last_fifth_by_subject,S3,blend_hist_gradient_boosting_rule_0.25,hist_gradient_boosting,1.0,0.9458543518098576
last_fifth_by_subject,S3,blend_hist_gradient_boosting_rule_0.5,hist_gradient_boosting,0.0,0.661461703810048
last_fifth_by_subject,S3,blend_hist_gradient_boosting_rule_0.5,hist_gradient_boosting,0.15,0.6448221617976864
last_fifth_by_subject,S3,blend_hist_gradient_boosting_rule_0.5,hist_gradient_boosting,0.25,0.6385162032100586
last_fifth_by_subject,S3,blend_hist_gradient_boosting_rule_0.5,hist_gradient_boosting,0.35,0.6360117494665392
last_fifth_by_subject,S3,blend_hist_gradient_boosting_rule_0.5,hist_gradient_boosting,0.5,0.639896235578719
last_fifth_by_subject,S3,blend_hist_gradient_boosting_rule_0.5,hist_gradient_boosting,0.75,0.6726337681564034
last_fifth_by_subject,S3,blend_hist_gradient_boosting_rule_0.5,hist_gradient_boosting,1.0,0.7774803470671617
last_fifth_by_subject,S3,blend_hist_gradient_boosting_rule_0.75,hist_gradient_boosting,0.0,0.661461703810048
last_fifth_by_subject,S3,blend_hist_gradient_boosting_rule_0.75,hist_gradient_boosting,0.15,0.6488852679282152
last_fifth_by_subject,S3,blend_hist_gradient_boosting_rule_0.75,hist_gradient_boosting,0.25,0.6436260566074988
last_fifth_by_subject,S3,blend_hist_gradient_boosting_rule_0.75,hist_gradient_boosting,0.35,0.6408707370654636
last_fifth_by_subject,S3,blend_hist_gradient_boosting_rule_0.75,hist_gradient_boosting,0.5,0.6417548017217559
last_fifth_by_subject,S3,blend_hist_gradient_boosting_rule_0.75,hist_gradient_boosting,0.75,0.6600588599562558
last_fifth_by_subject,S3,blend_hist_gradient_boosting_rule_0.75,hist_gradient_boosting,1.0,0.7198482147935661
last_fifth_by_subject,S3,model_mlp,mlp,0.0,0.661461703810048
last_fifth_by_subject,S3,model_mlp,mlp,0.15,0.6501156367946649
last_fifth_by_subject,S3,model_mlp,mlp,0.25,0.6531845725400707
last_fifth_by_subject,S3,model_mlp,mlp,0.35,0.664671518222756
last_fifth_by_subject,S3,model_mlp,mlp,0.5,0.6996800165807309
last_fifth_by_subject,S3,model_mlp,mlp,0.75,0.830773644478286
last_fifth_by_subject,S3,model_mlp,mlp,1.0,1.6537963259604809
last_fifth_by_subject,S3,blend_mlp_rule_0.25,mlp,0.0,0.661461703810048
last_fifth_by_subject,S3,blend_mlp_rule_0.25,mlp,0.15,0.6393754337270463
last_fifth_by_subject,S3,blend_mlp_rule_0.25,mlp,0.25,0.6326113832711544
last_fifth_by_subject,S3,blend_mlp_rule_0.25,mlp,0.35,0.6321544096915404
last_fifth_by_subject,S3,blend_mlp_rule_0.25,mlp,0.5,0.6447369965220587
last_fifth_by_subject,S3,blend_mlp_rule_0.25,mlp,0.75,0.719993047946694
last_fifth_by_subject,S3,blend_mlp_rule_0.25,mlp,1.0,1.4411910376217323
last_fifth_by_subject,S3,blend_mlp_rule_0.5,mlp,0.0,0.661461703810048
last_fifth_by_subject,S3,blend_mlp_rule_0.5,mlp,0.15,0.6408056273405186
last_fifth_by_subject,S3,blend_mlp_rule_0.5,mlp,0.25,0.633763172240779
last_fifth_by_subject,S3,blend_mlp_rule_0.5,mlp,0.35,0.6321276484873798
last_fifth_by_subject,S3,blend_mlp_rule_0.5,mlp,0.5,0.6411448364290433
last_fifth_by_subject,S3,blend_mlp_rule_0.5,mlp,0.75,0.7033413690943527
last_fifth_by_subject,S3,blend_mlp_rule_0.5,mlp,1.0,1.3147422341304231
last_fifth_by_subject,S3,blend_mlp_rule_0.75,mlp,0.0,0.661461703810048
last_fifth_by_subject,S3,blend_mlp_rule_0.75,mlp,0.15,0.6444018324169638
last_fifth_by_subject,S3,blend_mlp_rule_0.75,mlp,0.25,0.6406459176413992
last_fifth_by_subject,S3,blend_mlp_rule_0.75,mlp,0.35,0.642918126521623
last_fifth_by_subject,S3,blend_mlp_rule_0.75,mlp,0.5,0.658829068140984
last_fifth_by_subject,S3,blend_mlp_rule_0.75,mlp,0.75,0.734412770540219
last_fifth_by_subject,S3,blend_mlp_rule_0.75,mlp,1.0,1.3124630016129575
last_fifth_by_subject,S3,model_lightgbm,lightgbm,0.0,0.661461703810048
last_fifth_by_subject,S3,model_lightgbm,lightgbm,0.15,0.6532036830421148
last_fifth_by_subject,S3,model_lightgbm,lightgbm,0.25,0.6495889268600339
last_fifth_by_subject,S3,model_lightgbm,lightgbm,0.35,0.6474369282665462
last_fifth_by_subject,S3,model_lightgbm,lightgbm,0.5,0.6469650028611854
last_fifth_by_subject,S3,model_lightgbm,lightgbm,0.75,0.6540766338166958
last_fifth_by_subject,S3,model_lightgbm,lightgbm,1.0,0.6733760454613497
last_fifth_by_subject,S3,blend_lightgbm_rule_0.25,lightgbm,0.0,0.661461703810048
last_fifth_by_subject,S3,blend_lightgbm_rule_0.25,lightgbm,0.15,0.6419491284273618
last_fifth_by_subject,S3,blend_lightgbm_rule_0.25,lightgbm,0.25,0.6366478587806644
last_fifth_by_subject,S3,blend_lightgbm_rule_0.25,lightgbm,0.35,0.6374473392387755
last_fifth_by_subject,S3,blend_lightgbm_rule_0.25,lightgbm,0.5,0.6511034683493658
last_fifth_by_subject,S3,blend_lightgbm_rule_0.25,lightgbm,0.75,0.7187028487405568
last_fifth_by_subject,S3,blend_lightgbm_rule_0.25,lightgbm,1.0,0.9152980089111675
last_fifth_by_subject,S3,blend_lightgbm_rule_0.5,lightgbm,0.0,0.661461703810048
last_fifth_by_subject,S3,blend_lightgbm_rule_0.5,lightgbm,0.15,0.6446620884920898
last_fifth_by_subject,S3,blend_lightgbm_rule_0.5,lightgbm,0.25,0.6381689127574756
last_fifth_by_subject,S3,blend_lightgbm_rule_0.5,lightgbm,0.35,0.63536245036121
last_fifth_by_subject,S3,blend_lightgbm_rule_0.5,lightgbm,0.5,0.6383970466006575
last_fifth_by_subject,S3,blend_lightgbm_rule_0.5,lightgbm,0.75,0.6668130215833529
last_fifth_by_subject,S3,blend_lightgbm_rule_0.5,lightgbm,1.0,0.7438316607644052
last_fifth_by_subject,S3,blend_lightgbm_rule_0.75,lightgbm,0.0,0.661461703810048
last_fifth_by_subject,S3,blend_lightgbm_rule_0.75,lightgbm,0.15,0.6484055655925243
last_fifth_by_subject,S3,blend_lightgbm_rule_0.75,lightgbm,0.25,0.6424636374439938
last_fifth_by_subject,S3,blend_lightgbm_rule_0.75,lightgbm,0.35,0.6386847211803329
last_fifth_by_subject,S3,blend_lightgbm_rule_0.75,lightgbm,0.5,0.6371865391828152
last_fifth_by_subject,S3,blend_lightgbm_rule_0.75,lightgbm,0.75,0.6473224913702795
last_fifth_by_subject,S3,blend_lightgbm_rule_0.75,lightgbm,1.0,0.6796054274700388
last_fifth_by_subject,S3,model_catboost,catboost,0.0,0.661461703810048
last_fifth_by_subject,S3,model_catboost,catboost,0.15,0.6527851982063623
last_fifth_by_subject,S3,model_catboost,catboost,0.25,0.6485417880925192
last_fifth_by_subject,S3,model_catboost,catboost,0.35,0.6454699873088412
last_fifth_by_subject,S3,model_catboost,catboost,0.5,0.6430188571996328
last_fifth_by_subject,S3,model_catboost,catboost,0.75,0.6448386936775028
last_fifth_by_subject,S3,model_catboost,catboost,1.0,0.6550162761841481
last_fifth_by_subject,S3,blend_catboost_rule_0.25,catboost,0.0,0.661461703810048
last_fifth_by_subject,S3,blend_catboost_rule_0.25,catboost,0.15,0.6418719912390368
last_fifth_by_subject,S3,blend_catboost_rule_0.25,catboost,0.25,0.6364211382230155
last_fifth_by_subject,S3,blend_catboost_rule_0.25,catboost,0.35,0.636942096077145
last_fifth_by_subject,S3,blend_catboost_rule_0.25,catboost,0.5,0.6497994129002698
last_fifth_by_subject,S3,blend_catboost_rule_0.25,catboost,0.75,0.7138146748159323
last_fifth_by_subject,S3,blend_catboost_rule_0.25,catboost,1.0,0.8920773646140698
last_fifth_by_subject,S3,blend_catboost_rule_0.5,catboost,0.0,0.661461703810048
last_fifth_by_subject,S3,blend_catboost_rule_0.5,catboost,0.15,0.6444964653292059
last_fifth_by_subject,S3,blend_catboost_rule_0.5,catboost,0.25,0.6377203799372996
last_fifth_by_subject,S3,blend_catboost_rule_0.5,catboost,0.35,0.6344333755964622
last_fifth_by_subject,S3,blend_catboost_rule_0.5,catboost,0.5,0.6362201968808382
last_fifth_by_subject,S3,blend_catboost_rule_0.5,catboost,0.75,0.6600376176661228
last_fifth_by_subject,S3,blend_catboost_rule_0.5,catboost,1.0,0.7235786094163609
last_fifth_by_subject,S3,blend_catboost_rule_0.75,catboost,0.0,0.661461703810048
last_fifth_by_subject,S3,blend_catboost_rule_0.75,catboost,0.15,0.648130754594098
last_fifth_by_subject,S3,blend_catboost_rule_0.75,catboost,0.25,0.6417625144839231
last_fifth_by_subject,S3,blend_catboost_rule_0.75,catboost,0.35,0.637324982588815
last_fifth_by_subject,S3,blend_catboost_rule_0.75,catboost,0.5,0.6342940582005203
last_fifth_by_subject,S3,blend_catboost_rule_0.75,catboost,0.75,0.6396938836251183
last_fifth_by_subject,S3,blend_catboost_rule_0.75,catboost,1.0,0.6617260722768162
last_fifth_by_subject,S3,meta_rule_extra_trees,extra_trees,0.0,0.661461703810048
last_fifth_by_subject,S3,meta_rule_extra_trees,extra_trees,0.15,0.6504336682313687
last_fifth_by_subject,S3,meta_rule_extra_trees,extra_trees,0.25,0.6452559938879996
last_fifth_by_subject,S3,meta_rule_extra_trees,extra_trees,0.35,0.6416717001520584
last_fifth_by_subject,S3,meta_rule_extra_trees,extra_trees,0.5,0.6391221775666455
last_fifth_by_subject,S3,meta_rule_extra_trees,extra_trees,0.75,0.6422212313619189
last_fifth_by_subject,S3,meta_rule_extra_trees,extra_trees,1.0,0.655079663638523
last_fifth_by_subject,S3,meta_rule_lightgbm,lightgbm,0.0,0.661461703810048
last_fifth_by_subject,S3,meta_rule_lightgbm,lightgbm,0.15,0.6528264256578136
last_fifth_by_subject,S3,meta_rule_lightgbm,lightgbm,0.25,0.6489867635359187
last_fifth_by_subject,S3,meta_rule_lightgbm,lightgbm,0.35,0.6466409377560328
last_fifth_by_subject,S3,meta_rule_lightgbm,lightgbm,0.5,0.645958462009239
last_fifth_by_subject,S3,meta_rule_lightgbm,lightgbm,0.75,0.6530601000629889
last_fifth_by_subject,S3,meta_rule_lightgbm,lightgbm,1.0,0.6732141264823238
last_fifth_by_subject,S3,meta_rule_catboost,catboost,0.0,0.661461703810048
last_fifth_by_subject,S3,meta_rule_catboost,catboost,0.15,0.6542073650569442
last_fifth_by_subject,S3,meta_rule_catboost,catboost,0.25,0.6505631283719518
last_fifth_by_subject,S3,meta_rule_catboost,catboost,0.35,0.6478220299861908
last_fifth_by_subject,S3,meta_rule_catboost,catboost,0.5,0.6453578436367214
last_fifth_by_subject,S3,meta_rule_catboost,catboost,0.75,0.6456565470591898
last_fifth_by_subject,S3,meta_rule_catboost,catboost,1.0,0.6518709315980409
last_fifth_by_subject,S3,meta_rule_hist_gradient_boosting,hist_gradient_boosting,0.0,0.661461703810048
last_fifth_by_subject,S3,meta_rule_hist_gradient_boosting,hist_gradient_boosting,0.15,0.6541759226359238
last_fifth_by_subject,S3,meta_rule_hist_gradient_boosting,hist_gradient_boosting,0.25,0.6520551498559708
last_fifth_by_subject,S3,meta_rule_hist_gradient_boosting,hist_gradient_boosting,0.35,0.6521371984257393
last_fifth_by_subject,S3,meta_rule_hist_gradient_boosting,hist_gradient_boosting,0.5,0.6566716576247554
last_fifth_by_subject,S3,meta_rule_hist_gradient_boosting,hist_gradient_boosting,0.75,0.6788017244121619
last_fifth_by_subject,S3,meta_rule_hist_gradient_boosting,hist_gradient_boosting,1.0,0.7336076302821571
last_fifth_by_subject,S4,history_blend,history,1.0,0.6171581224811836
last_fifth_by_subject,S4,rule_subject_strategy_tuned,rule,0.0,0.689172704338305
last_fifth_by_subject,S4,rule_subject_strategy_tuned,rule,0.15,0.6590528182386681
last_fifth_by_subject,S4,rule_subject_strategy_tuned,rule,0.25,0.6508689375907414
last_fifth_by_subject,S4,rule_subject_strategy_tuned,rule,0.35,0.6528529973536357
last_fifth_by_subject,S4,rule_subject_strategy_tuned,rule,0.5,0.6785580067938722
last_fifth_by_subject,S4,rule_subject_strategy_tuned,rule,0.75,0.8233437722358153
last_fifth_by_subject,S4,rule_subject_strategy_tuned,rule,1.0,3.1994466587919694
last_fifth_by_subject,S4,model_logistic_regression,logistic_regression,0.0,0.689172704338305
last_fifth_by_subject,S4,model_logistic_regression,logistic_regression,0.15,0.6743820919994076
last_fifth_by_subject,S4,model_logistic_regression,logistic_regression,0.25,0.6729198230169164
last_fifth_by_subject,S4,model_logistic_regression,logistic_regression,0.35,0.6785099599372801
last_fifth_by_subject,S4,model_logistic_regression,logistic_regression,0.5,0.7021444234813745
last_fifth_by_subject,S4,model_logistic_regression,logistic_regression,0.75,0.8037567306680695
last_fifth_by_subject,S4,model_logistic_regression,logistic_regression,1.0,1.389599909613684
last_fifth_by_subject,S4,blend_logistic_regression_rule_0.25,logistic_regression,0.0,0.689172704338305
last_fifth_by_subject,S4,blend_logistic_regression_rule_0.25,logistic_regression,0.15,0.6594868977982534
last_fifth_by_subject,S4,blend_logistic_regression_rule_0.25,logistic_regression,0.25,0.6467537164473688
last_fifth_by_subject,S4,blend_logistic_regression_rule_0.25,logistic_regression,0.35,0.6397160612780303
last_fifth_by_subject,S4,blend_logistic_regression_rule_0.25,logistic_regression,0.5,0.6408856443348674
last_fifth_by_subject,S4,blend_logistic_regression_rule_0.25,logistic_regression,0.75,0.6868797513271493
last_fifth_by_subject,S4,blend_logistic_regression_rule_0.25,logistic_regression,1.0,1.0850224283291587
last_fifth_by_subject,S4,blend_logistic_regression_rule_0.5,logistic_regression,0.0,0.689172704338305
last_fifth_by_subject,S4,blend_logistic_regression_rule_0.5,logistic_regression,0.15,0.6622214400220658
last_fifth_by_subject,S4,blend_logistic_regression_rule_0.5,logistic_regression,0.25,0.6492664426130476
last_fifth_by_subject,S4,blend_logistic_regression_rule_0.5,logistic_regression,0.35,0.6403399445624016
last_fifth_by_subject,S4,blend_logistic_regression_rule_0.5,logistic_regression,0.5,0.635264274752917
last_fifth_by_subject,S4,blend_logistic_regression_rule_0.5,logistic_regression,0.75,0.6586284518523499
last_fifth_by_subject,S4,blend_logistic_regression_rule_0.5,logistic_regression,1.0,0.9556482639351583
last_fifth_by_subject,S4,blend_logistic_regression_rule_0.75,logistic_regression,0.0,0.689172704338305
last_fifth_by_subject,S4,blend_logistic_regression_rule_0.75,logistic_regression,0.15,0.6671873276991283
last_fifth_by_subject,S4,blend_logistic_regression_rule_0.75,logistic_regression,0.25,0.6579623095329363
last_fifth_by_subject,S4,blend_logistic_regression_rule_0.75,logistic_regression,0.35,0.6531119102468212
last_fifth_by_subject,S4,blend_logistic_regression_rule_0.75,logistic_regression,0.5,0.6547668852150561
last_fifth_by_subject,S4,blend_logistic_regression_rule_0.75,logistic_regression,0.75,0.6901939657301179
last_fifth_by_subject,S4,blend_logistic_regression_rule_0.75,logistic_regression,1.0,0.9728082013923213
last_fifth_by_subject,S4,model_linear_svc,linear_svc,0.0,0.689172704338305
last_fifth_by_subject,S4,model_linear_svc,linear_svc,0.15,0.6771397911058253
last_fifth_by_subject,S4,model_linear_svc,linear_svc,0.25,0.6747746098560066
last_fifth_by_subject,S4,model_linear_svc,linear_svc,0.35,0.6769945197809925
last_fifth_by_subject,S4,model_linear_svc,linear_svc,0.5,0.6896669594486358
last_fifth_by_subject,S4,model_linear_svc,linear_svc,0.75,0.7436097591485027
last_fifth_by_subject,S4,model_linear_svc,linear_svc,1.0,0.9117149827204917
last_fifth_by_subject,S4,blend_linear_svc_rule_0.25,linear_svc,0.0,0.689172704338305
last_fifth_by_subject,S4,blend_linear_svc_rule_0.25,linear_svc,0.15,0.6606117487992129
last_fifth_by_subject,S4,blend_linear_svc_rule_0.25,linear_svc,0.25,0.6484495437871295
last_fifth_by_subject,S4,blend_linear_svc_rule_0.25,linear_svc,0.35,0.6418154455770206
last_fifth_by_subject,S4,blend_linear_svc_rule_0.25,linear_svc,0.5,0.6430956144404247
last_fifth_by_subject,S4,blend_linear_svc_rule_0.25,linear_svc,0.75,0.6852752777465515
last_fifth_by_subject,S4,blend_linear_svc_rule_0.25,linear_svc,1.0,0.9062887901087878
last_fifth_by_subject,S4,blend_linear_svc_rule_0.5,linear_svc,0.0,0.689172704338305
last_fifth_by_subject,S4,blend_linear_svc_rule_0.5,linear_svc,0.15,0.6641742235993816
last_fifth_by_subject,S4,blend_linear_svc_rule_0.5,linear_svc,0.25,0.6518142142395799
last_fifth_by_subject,S4,blend_linear_svc_rule_0.5,linear_svc,0.35,0.64285007673741
last_fifth_by_subject,S4,blend_linear_svc_rule_0.5,linear_svc,0.5,0.6361709863080504
last_fifth_by_subject,S4,blend_linear_svc_rule_0.5,linear_svc,0.75,0.6485633609320971
last_fifth_by_subject,S4,blend_linear_svc_rule_0.5,linear_svc,1.0,0.7675840352318003
last_fifth_by_subject,S4,blend_linear_svc_rule_0.75,linear_svc,0.0,0.689172704338305
last_fifth_by_subject,S4,blend_linear_svc_rule_0.75,linear_svc,0.15,0.6696860563625615
last_fifth_by_subject,S4,blend_linear_svc_rule_0.75,linear_svc,0.25,0.6605907471363756
last_fifth_by_subject,S4,blend_linear_svc_rule_0.75,linear_svc,0.35,0.6545532800473876
last_fifth_by_subject,S4,blend_linear_svc_rule_0.75,linear_svc,0.5,0.6515012658286691
last_fifth_by_subject,S4,blend_linear_svc_rule_0.75,linear_svc,0.75,0.6664752727881395
last_fifth_by_subject,S4,blend_linear_svc_rule_0.75,linear_svc,1.0,0.7650092944094747
last_fifth_by_subject,S4,model_svc_rbf,svc_rbf,0.0,0.689172704338305
last_fifth_by_subject,S4,model_svc_rbf,svc_rbf,0.15,0.6809635690599838
last_fifth_by_subject,S4,model_svc_rbf,svc_rbf,0.25,0.6758998782234726
last_fifth_by_subject,S4,model_svc_rbf,svc_rbf,0.35,0.6711549818142792
last_fifth_by_subject,S4,model_svc_rbf,svc_rbf,0.5,0.6646234669771307
last_fifth_by_subject,S4,model_svc_rbf,svc_rbf,0.75,0.6552717176804821
last_fifth_by_subject,S4,model_svc_rbf,svc_rbf,1.0,0.6478275708923372
last_fifth_by_subject,S4,blend_svc_rbf_rule_0.25,svc_rbf,0.0,0.689172704338305
last_fifth_by_subject,S4,blend_svc_rbf_rule_0.25,svc_rbf,0.15,0.6626540510481673
last_fifth_by_subject,S4,blend_svc_rbf_rule_0.25,svc_rbf,0.25,0.6518090060189241
last_fifth_by_subject,S4,blend_svc_rbf_rule_0.25,svc_rbf,0.35,0.6465055988385248
last_fifth_by_subject,S4,blend_svc_rbf_rule_0.25,svc_rbf,0.5,0.6497266928254805
last_fifth_by_subject,S4,blend_svc_rbf_rule_0.25,svc_rbf,0.75,0.6924179241900936
last_fifth_by_subject,S4,blend_svc_rbf_rule_0.25,svc_rbf,1.0,0.8169867326364744
last_fifth_by_subject,S4,blend_svc_rbf_rule_0.5,svc_rbf,0.0,0.689172704338305
last_fifth_by_subject,S4,blend_svc_rbf_rule_0.5,svc_rbf,0.15,0.667512775942393
last_fifth_by_subject,S4,blend_svc_rbf_rule_0.5,svc_rbf,0.25,0.6563782274925817
last_fifth_by_subject,S4,blend_svc_rbf_rule_0.5,svc_rbf,0.35,0.6478396629123749
last_fifth_by_subject,S4,blend_svc_rbf_rule_0.5,svc_rbf,0.5,0.6399544983145079
last_fifth_by_subject,S4,blend_svc_rbf_rule_0.5,svc_rbf,0.75,0.6409206484867308
last_fifth_by_subject,S4,blend_svc_rbf_rule_0.5,svc_rbf,1.0,0.6634860396062369
last_fifth_by_subject,S4,blend_svc_rbf_rule_0.75,svc_rbf,0.0,0.689172704338305
last_fifth_by_subject,S4,blend_svc_rbf_rule_0.75,svc_rbf,0.15,0.673616217786536
last_fifth_by_subject,S4,blend_svc_rbf_rule_0.75,svc_rbf,0.25,0.6644260940804158
last_fifth_by_subject,S4,blend_svc_rbf_rule_0.75,svc_rbf,0.35,0.6561506995693761
last_fifth_by_subject,S4,blend_svc_rbf_rule_0.75,svc_rbf,0.5,0.6454224504427137
last_fifth_by_subject,S4,blend_svc_rbf_rule_0.75,svc_rbf,0.75,0.6320386123137591
last_fifth_by_subject,S4,blend_svc_rbf_rule_0.75,svc_rbf,1.0,0.6245625471201112
last_fifth_by_subject,S4,model_random_forest,random_forest,0.0,0.689172704338305
last_fifth_by_subject,S4,model_random_forest,random_forest,0.15,0.6809657224900797
last_fifth_by_subject,S4,model_random_forest,random_forest,0.25,0.6760977942412201
last_fifth_by_subject,S4,model_random_forest,random_forest,0.35,0.6716891856842736
last_fifth_by_subject,S4,model_random_forest,random_forest,0.5,0.6659037378973621
last_fifth_by_subject,S4,model_random_forest,random_forest,0.75,0.6583788574264369
last_fifth_by_subject,S4,model_random_forest,random_forest,1.0,0.6534291523147365
last_fifth_by_subject,S4,blend_random_forest_rule_0.25,random_forest,0.0,0.689172704338305
last_fifth_by_subject,S4,blend_random_forest_rule_0.25,random_forest,0.15,0.6626042126135513
last_fifth_by_subject,S4,blend_random_forest_rule_0.25,random_forest,0.25,0.6516940609019338
last_fifth_by_subject,S4,blend_random_forest_rule_0.25,random_forest,0.35,0.646271029127441
last_fifth_by_subject,S4,blend_random_forest_rule_0.25,random_forest,0.5,0.6491493424523344
last_fifth_by_subject,S4,blend_random_forest_rule_0.25,random_forest,0.75,0.690430579953723
last_fifth_by_subject,S4,blend_random_forest_rule_0.25,random_forest,1.0,0.8103470880898002
last_fifth_by_subject,S4,blend_random_forest_rule_0.5,random_forest,0.0,0.689172704338305
last_fifth_by_subject,S4,blend_random_forest_rule_0.5,random_forest,0.15,0.6674493359431043
last_fifth_by_subject,S4,blend_random_forest_rule_0.5,random_forest,0.25,0.6562697735451599
last_fifth_by_subject,S4,blend_random_forest_rule_0.5,random_forest,0.35,0.6476496329462578
last_fifth_by_subject,S4,blend_random_forest_rule_0.5,random_forest,0.5,0.6395158444134882
last_fifth_by_subject,S4,blend_random_forest_rule_0.5,random_forest,0.75,0.6394843120940423
last_fifth_by_subject,S4,blend_random_forest_rule_0.5,random_forest,1.0,0.6596730713092965
last_fifth_by_subject,S4,blend_random_forest_rule_0.75,random_forest,0.0,0.689172704338305
last_fifth_by_subject,S4,blend_random_forest_rule_0.75,random_forest,0.15,0.6735713660867595
last_fifth_by_subject,S4,blend_random_forest_rule_0.75,random_forest,0.25,0.6644268854961761
last_fifth_by_subject,S4,blend_random_forest_rule_0.75,random_forest,0.35,0.6562285935606103
last_fifth_by_subject,S4,blend_random_forest_rule_0.75,random_forest,0.5,0.6456300583529391
last_fifth_by_subject,S4,blend_random_forest_rule_0.75,random_forest,0.75,0.6323498633240467
last_fifth_by_subject,S4,blend_random_forest_rule_0.75,random_forest,1.0,0.6245938858658548
last_fifth_by_subject,S4,model_extra_trees,extra_trees,0.0,0.689172704338305
last_fifth_by_subject,S4,model_extra_trees,extra_trees,0.15,0.681795428420379
last_fifth_by_subject,S4,model_extra_trees,extra_trees,0.25,0.6775258346844777
last_fifth_by_subject,S4,model_extra_trees,extra_trees,0.35,0.6737554406794303
last_fifth_by_subject,S4,model_extra_trees,extra_trees,0.5,0.6690086612626642
last_fifth_by_subject,S4,model_extra_trees,extra_trees,0.75,0.6634564245798722
last_fifth_by_subject,S4,model_extra_trees,extra_trees,1.0,0.6608230832279899
last_fifth_by_subject,S4,blend_extra_trees_rule_0.25,extra_trees,0.0,0.689172704338305
last_fifth_by_subject,S4,blend_extra_trees_rule_0.25,extra_trees,0.15,0.6627304082123814
last_fifth_by_subject,S4,blend_extra_trees_rule_0.25,extra_trees,0.25,0.6518222347476363
last_fifth_by_subject,S4,blend_extra_trees_rule_0.25,extra_trees,0.35,0.6463294020623651
last_fifth_by_subject,S4,blend_extra_trees_rule_0.25,extra_trees,0.5,0.6489451965864491
last_fifth_by_subject,S4,blend_extra_trees_rule_0.25,extra_trees,0.75,0.6891891386874789
last_fifth_by_subject,S4,blend_extra_trees_rule_0.25,extra_trees,1.0,0.8067319497306885
last_fifth_by_subject,S4,blend_extra_trees_rule_0.5,extra_trees,0.0,0.689172704338305
last_fifth_by_subject,S4,blend_extra_trees_rule_0.5,extra_trees,0.15,0.6677580412799037
last_fifth_by_subject,S4,blend_extra_trees_rule_0.5,extra_trees,0.25,0.6566903410210139
last_fifth_by_subject,S4,blend_extra_trees_rule_0.5,extra_trees,0.35,0.648109198452956
last_fifth_by_subject,S4,blend_extra_trees_rule_0.5,extra_trees,0.5,0.639899340626714
last_fifth_by_subject,S4,blend_extra_trees_rule_0.5,extra_trees,0.75,0.6393905819858106
last_fifth_by_subject,S4,blend_extra_trees_rule_0.5,extra_trees,1.0,0.6587489047159075
last_fifth_by_subject,S4,blend_extra_trees_rule_0.75,extra_trees,0.0,0.689172704338305
last_fifth_by_subject,S4,blend_extra_trees_rule_0.75,extra_trees,0.15,0.6741154097698348
last_fifth_by_subject,S4,blend_extra_trees_rule_0.75,extra_trees,0.25,0.6652844712499105
last_fifth_by_subject,S4,blend_extra_trees_rule_0.75,extra_trees,0.35,0.6573671251300126
last_fifth_by_subject,S4,blend_extra_trees_rule_0.75,extra_trees,0.5,0.6471408727647505
last_fifth_by_subject,S4,blend_extra_trees_rule_0.75,extra_trees,0.75,0.6343991871460671
last_fifth_by_subject,S4,blend_extra_trees_rule_0.75,extra_trees,1.0,0.6271848684817025
last_fifth_by_subject,S4,model_hist_gradient_boosting,hist_gradient_boosting,0.0,0.689172704338305
last_fifth_by_subject,S4,model_hist_gradient_boosting,hist_gradient_boosting,0.15,0.6813738229288785
last_fifth_by_subject,S4,model_hist_gradient_boosting,hist_gradient_boosting,0.25,0.6776648474963345
last_fifth_by_subject,S4,model_hist_gradient_boosting,hist_gradient_boosting,0.35,0.6751420436186109
last_fifth_by_subject,S4,model_hist_gradient_boosting,hist_gradient_boosting,0.5,0.6736179026010044
last_fifth_by_subject,S4,model_hist_gradient_boosting,hist_gradient_boosting,0.75,0.6774976717017691
last_fifth_by_subject,S4,model_hist_gradient_boosting,hist_gradient_boosting,1.0,0.6908045532564843
last_fifth_by_subject,S4,blend_hist_gradient_boosting_rule_0.25,hist_gradient_boosting,0.0,0.689172704338305
last_fifth_by_subject,S4,blend_hist_gradient_boosting_rule_0.25,hist_gradient_boosting,0.15,0.6627703136026205
last_fifth_by_subject,S4,blend_hist_gradient_boosting_rule_0.25,hist_gradient_boosting,0.25,0.652301482502588
last_fifth_by_subject,S4,blend_hist_gradient_boosting_rule_0.25,hist_gradient_boosting,0.35,0.6476540534440247
last_fifth_by_subject,S4,blend_hist_gradient_boosting_rule_0.25,hist_gradient_boosting,0.5,0.6525706100552087
last_fifth_by_subject,S4,blend_hist_gradient_boosting_rule_0.25,hist_gradient_boosting,0.75,0.7019202768921986
last_fifth_by_subject,S4,blend_hist_gradient_boosting_rule_0.25,hist_gradient_boosting,1.0,0.85433968760532
last_fifth_by_subject,S4,blend_hist_gradient_boosting_rule_0.5,hist_gradient_boosting,0.0,0.689172704338305
last_fifth_by_subject,S4,blend_hist_gradient_boosting_rule_0.5,hist_gradient_boosting,0.15,0.6677332894718353
last_fifth_by_subject,S4,blend_hist_gradient_boosting_rule_0.5,hist_gradient_boosting,0.25,0.6573117662301305
last_fifth_by_subject,S4,blend_hist_gradient_boosting_rule_0.5,hist_gradient_boosting,0.35,0.6499744696712666
last_fifth_by_subject,S4,blend_hist_gradient_boosting_rule_0.5,hist_gradient_boosting,0.5,0.6449764568881073
last_fifth_by_subject,S4,blend_hist_gradient_boosting_rule_0.5,hist_gradient_boosting,0.75,0.6550845403285319
last_fifth_by_subject,S4,blend_hist_gradient_boosting_rule_0.5,hist_gradient_boosting,1.0,0.6987381115750041
last_fifth_by_subject,S4,blend_hist_gradient_boosting_rule_0.75,hist_gradient_boosting,0.0,0.689172704338305
last_fifth_by_subject,S4,blend_hist_gradient_boosting_rule_0.75,hist_gradient_boosting,0.15,0.6739324416616865
last_fifth_by_subject,S4,blend_hist_gradient_boosting_rule_0.75,hist_gradient_boosting,0.25,0.6657689040277137
last_fifth_by_subject,S4,blend_hist_gradient_boosting_rule_0.75,hist_gradient_boosting,0.35,0.6591788032767464
last_fifth_by_subject,S4,blend_hist_gradient_boosting_rule_0.75,hist_gradient_boosting,0.5,0.6522847633577349
last_fifth_by_subject,S4,blend_hist_gradient_boosting_rule_0.75,hist_gradient_boosting,0.75,0.6494027550334499
last_fifth_by_subject,S4,blend_hist_gradient_boosting_rule_0.75,hist_gradient_boosting,1.0,0.6598849624988293
last_fifth_by_subject,S4,model_mlp,mlp,0.0,0.689172704338305
last_fifth_by_subject,S4,model_mlp,mlp,0.15,0.6710598466700768
last_fifth_by_subject,S4,model_mlp,mlp,0.25,0.6671208833252135
last_fifth_by_subject,S4,model_mlp,mlp,0.35,0.6700446663919347
last_fifth_by_subject,S4,model_mlp,mlp,0.5,0.6893348519403232
last_fifth_by_subject,S4,model_mlp,mlp,0.75,0.7830920294452555
last_fifth_by_subject,S4,model_mlp,mlp,1.0,1.468735355628944
last_fifth_by_subject,S4,blend_mlp_rule_0.25,mlp,0.0,0.689172704338305
last_fifth_by_subject,S4,blend_mlp_rule_0.25,mlp,0.15,0.6589757146071837
last_fifth_by_subject,S4,blend_mlp_rule_0.25,mlp,0.25,0.6462436603495544
last_fifth_by_subject,S4,blend_mlp_rule_0.25,mlp,0.35,0.6395617575909435
last_fifth_by_subject,S4,blend_mlp_rule_0.25,mlp,0.5,0.6421679167577719
last_fifth_by_subject,S4,blend_mlp_rule_0.25,mlp,0.75,0.6951794749539145
last_fifth_by_subject,S4,blend_mlp_rule_0.25,mlp,1.0,1.2201627154090673
last_fifth_by_subject,S4,blend_mlp_rule_0.5,mlp,0.0,0.689172704338305
last_fifth_by_subject,S4,blend_mlp_rule_0.5,mlp,0.15,0.660967557156841
last_fifth_by_subject,S4,blend_mlp_rule_0.5,mlp,0.25,0.6475399022000687
last_fifth_by_subject,S4,blend_mlp_rule_0.5,mlp,0.35,0.6385144856747721
last_fifth_by_subject,S4,blend_mlp_rule_0.5,mlp,0.5,0.6342435717741877
last_fifth_by_subject,S4,blend_mlp_rule_0.5,mlp,0.75,0.6638592329895827
last_fifth_by_subject,S4,blend_mlp_rule_0.5,mlp,1.0,1.0736608396008265
last_fifth_by_subject,S4,blend_mlp_rule_0.75,mlp,0.0,0.689172704338305
last_fifth_by_subject,S4,blend_mlp_rule_0.75,mlp,0.15,0.6649879995473309
last_fifth_by_subject,S4,blend_mlp_rule_0.75,mlp,0.25,0.6544405967779858
last_fifth_by_subject,S4,blend_mlp_rule_0.75,mlp,0.35,0.6484461460249797
last_fifth_by_subject,S4,blend_mlp_rule_0.75,mlp,0.5,0.6489316162575217
last_fifth_by_subject,S4,blend_mlp_rule_0.75,mlp,0.75,0.6860796350222955
last_fifth_by_subject,S4,blend_mlp_rule_0.75,mlp,1.0,1.0627375230970915
last_fifth_by_subject,S4,model_lightgbm,lightgbm,0.0,0.689172704338305
last_fifth_by_subject,S4,model_lightgbm,lightgbm,0.15,0.6811524574253286
last_fifth_by_subject,S4,model_lightgbm,lightgbm,0.25,0.676508345140283
last_fifth_by_subject,S4,model_lightgbm,lightgbm,0.35,0.672413026899703
last_fifth_by_subject,S4,model_lightgbm,lightgbm,0.5,0.6672839191472637
last_fifth_by_subject,S4,model_lightgbm,lightgbm,0.75,0.6614258813524319
last_fifth_by_subject,S4,model_lightgbm,lightgbm,1.0,0.65900508535614
last_fifth_by_subject,S4,blend_lightgbm_rule_0.25,lightgbm,0.0,0.689172704338305
last_fifth_by_subject,S4,blend_lightgbm_rule_0.25,lightgbm,0.15,0.6627425082222114
last_fifth_by_subject,S4,blend_lightgbm_rule_0.25,lightgbm,0.25,0.6520796660993708
last_fifth_by_subject,S4,blend_lightgbm_rule_0.25,lightgbm,0.35,0.6470700684620146
last_fifth_by_subject,S4,blend_lightgbm_rule_0.25,lightgbm,0.5,0.6510016185231713
last_fifth_by_subject,S4,blend_lightgbm_rule_0.25,lightgbm,0.75,0.6961770036553174
last_fifth_by_subject,S4,blend_lightgbm_rule_0.25,lightgbm,1.0,0.8286876604211489
last_fifth_by_subject,S4,blend_lightgbm_rule_0.5,lightgbm,0.0,0.689172704338305
last_fifth_by_subject,S4,blend_lightgbm_rule_0.5,lightgbm,0.15,0.6676597891058332
last_fifth_by_subject,S4,blend_lightgbm_rule_0.5,lightgbm,0.25,0.6568269981178768
last_fifth_by_subject,S4,blend_lightgbm_rule_0.5,lightgbm,0.35,0.6487573010583881
last_fifth_by_subject,S4,blend_lightgbm_rule_0.5,lightgbm,0.5,0.6419228118043816
last_fifth_by_subject,S4,blend_lightgbm_rule_0.5,lightgbm,0.75,0.6458590473378708
last_fifth_by_subject,S4,blend_lightgbm_rule_0.5,lightgbm,1.0,0.6740283431178642
last_fifth_by_subject,S4,blend_lightgbm_rule_0.75,lightgbm,0.0,0.689172704338305
last_fifth_by_subject,S4,blend_lightgbm_rule_0.75,lightgbm,0.15,0.6737953878630664
last_fifth_by_subject,S4,blend_lightgbm_rule_0.75,lightgbm,0.25,0.6649800111829295
last_fifth_by_subject,S4,blend_lightgbm_rule_0.75,lightgbm,0.35,0.6572755701215293
last_fifth_by_subject,S4,blend_lightgbm_rule_0.75,lightgbm,0.5,0.6477684136562347
last_fifth_by_subject,S4,blend_lightgbm_rule_0.75,lightgbm,0.75,0.6374330093523211
last_fifth_by_subject,S4,blend_lightgbm_rule_0.75,lightgbm,1.0,0.6344654702931967
last_fifth_by_subject,S4,model_catboost,catboost,0.0,0.689172704338305
last_fifth_by_subject,S4,model_catboost,catboost,0.15,0.6803229861274486
last_fifth_by_subject,S4,model_catboost,catboost,0.25,0.6748230447283031
last_fifth_by_subject,S4,model_catboost,catboost,0.35,0.6696317769831217
last_fifth_by_subject,S4,model_catboost,catboost,0.5,0.6624076538627544
last_fifth_by_subject,S4,model_catboost,catboost,0.75,0.6518286507509646
last_fifth_by_subject,S4,model_catboost,catboost,1.0,0.6430550612883399
last_fifth_by_subject,S4,blend_catboost_rule_0.25,catboost,0.0,0.689172704338305
last_fifth_by_subject,S4,blend_catboost_rule_0.25,catboost,0.15,0.6625339789311542
last_fifth_by_subject,S4,blend_catboost_rule_0.25,catboost,0.25,0.6516452778939336
last_fifth_by_subject,S4,blend_catboost_rule_0.25,catboost,0.35,0.6463224900027905
last_fifth_by_subject,S4,blend_catboost_rule_0.25,catboost,0.5,0.6495553098967656
last_fifth_by_subject,S4,blend_catboost_rule_0.25,catboost,0.75,0.6923601393992423
last_fifth_by_subject,S4,blend_catboost_rule_0.25,catboost,1.0,0.8169528814766979
last_fifth_by_subject,S4,blend_catboost_rule_0.5,catboost,0.0,0.689172704338305
last_fifth_by_subject,S4,blend_catboost_rule_0.5,catboost,0.15,0.6672461937444594
last_fifth_by_subject,S4,blend_catboost_rule_0.5,catboost,0.25,0.6559805059146464
last_fifth_by_subject,S4,blend_catboost_rule_0.5,catboost,0.35,0.6473388051450416
last_fifth_by_subject,S4,blend_catboost_rule_0.5,catboost,0.5,0.6393366190865842
last_fifth_by_subject,S4,blend_catboost_rule_0.5,catboost,0.75,0.6401474070290749
last_fifth_by_subject,S4,blend_catboost_rule_0.5,catboost,1.0,0.6624468101927151
last_fifth_by_subject,S4,blend_catboost_rule_0.75,catboost,0.0,0.689172704338305
last_fifth_by_subject,S4,blend_catboost_rule_0.75,catboost,0.15,0.6731764318670017
last_fifth_by_subject,S4,blend_catboost_rule_0.75,catboost,0.25,0.6637252236840651
last_fifth_by_subject,S4,blend_catboost_rule_0.75,catboost,0.35,0.6552062234244534
last_fifth_by_subject,S4,blend_catboost_rule_0.75,catboost,0.5,0.64413199859154
last_fifth_by_subject,S4,blend_catboost_rule_0.75,catboost,0.75,0.6301768089918807
last_fifth_by_subject,S4,blend_catboost_rule_0.75,catboost,1.0,0.6220617108033138
last_fifth_by_subject,S4,meta_rule_extra_trees,extra_trees,0.0,0.689172704338305
last_fifth_by_subject,S4,meta_rule_extra_trees,extra_trees,0.15,0.6808701144305885
last_fifth_by_subject,S4,meta_rule_extra_trees,extra_trees,0.25,0.675991723837041
last_fifth_by_subject,S4,meta_rule_extra_trees,extra_trees,0.35,0.6716174906219506
last_fifth_by_subject,S4,meta_rule_extra_trees,extra_trees,0.5,0.6659722358407811
last_fifth_by_subject,S4,meta_rule_extra_trees,extra_trees,0.75,0.6589376277548945
last_fifth_by_subject,S4,meta_rule_extra_trees,extra_trees,1.0,0.6548408359373515
last_fifth_by_subject,S4,meta_rule_lightgbm,lightgbm,0.0,0.689172704338305
last_fifth_by_subject,S4,meta_rule_lightgbm,lightgbm,0.15,0.6806815333861503
last_fifth_by_subject,S4,meta_rule_lightgbm,lightgbm,0.25,0.6757212008412858
last_fifth_by_subject,S4,meta_rule_lightgbm,lightgbm,0.35,0.6713057915612484
last_fifth_by_subject,S4,meta_rule_lightgbm,lightgbm,0.5,0.6656860865226485
last_fifth_by_subject,S4,meta_rule_lightgbm,lightgbm,0.75,0.658972591692656
last_fifth_by_subject,S4,meta_rule_lightgbm,lightgbm,1.0,0.6556370313818174
last_fifth_by_subject,S4,meta_rule_catboost,catboost,0.0,0.689172704338305
last_fifth_by_subject,S4,meta_rule_catboost,catboost,0.15,0.6822598111498258
last_fifth_by_subject,S4,meta_rule_catboost,catboost,0.25,0.6779478978304397
last_fifth_by_subject,S4,meta_rule_catboost,catboost,0.35,0.6738666913395922
last_fifth_by_subject,S4,meta_rule_catboost,catboost,0.5,0.6681677107985963
last_fifth_by_subject,S4,meta_rule_catboost,catboost,0.75,0.6597714437060157
last_fifth_by_subject,S4,meta_rule_catboost,catboost,1.0,0.6527346517826017
last_fifth_by_subject,S4,meta_rule_hist_gradient_boosting,hist_gradient_boosting,0.0,0.689172704338305
last_fifth_by_subject,S4,meta_rule_hist_gradient_boosting,hist_gradient_boosting,0.15,0.6813738229288785
last_fifth_by_subject,S4,meta_rule_hist_gradient_boosting,hist_gradient_boosting,0.25,0.6776648474963345
last_fifth_by_subject,S4,meta_rule_hist_gradient_boosting,hist_gradient_boosting,0.35,0.6751420436186109
last_fifth_by_subject,S4,meta_rule_hist_gradient_boosting,hist_gradient_boosting,0.5,0.6736179026010044
last_fifth_by_subject,S4,meta_rule_hist_gradient_boosting,hist_gradient_boosting,0.75,0.6774976717017691
last_fifth_by_subject,S4,meta_rule_hist_gradient_boosting,hist_gradient_boosting,1.0,0.6908045532564843
