target,submission_strategy,model_name,threshold,accuracy,f1,positive_rate,prior_gap,fold
Q1,rule_subject_strategy_tuned,rule,0.05,0.4188034188034188,0.46874999999999994,0.5299145299145299,0.05844305844305847,last_quarter_by_subject
Q1,model_logistic_regression,logistic_regression,0.05,0.49572649572649574,0.6193548387096774,0.7606837606837606,0.2892122892122892,last_quarter_by_subject
Q1,blend_logistic_regression_rule_0.25,logistic_regression,0.05,0.4700854700854701,0.6075949367088608,0.7863247863247863,0.31485331485331486,last_quarter_by_subject
Q1,blend_logistic_regression_rule_0.5,logistic_regression,0.05,0.4700854700854701,0.617283950617284,0.8205128205128205,0.34904134904134904,last_quarter_by_subject
Q1,blend_logistic_regression_rule_0.75,logistic_regression,0.05,0.46153846153846156,0.6134969325153373,0.8290598290598291,0.35758835758835766,last_quarter_by_subject
Q1,model_linear_svc,linear_svc,0.05,0.5299145299145299,0.6783625730994153,0.8974358974358975,0.425964425964426,last_quarter_by_subject
Q1,blend_linear_svc_rule_0.25,linear_svc,0.05,0.48717948717948717,0.625,0.8034188034188035,0.331947331947332,last_quarter_by_subject
Q1,blend_linear_svc_rule_0.5,linear_svc,0.05,0.48717948717948717,0.6341463414634148,0.8376068376068376,0.3661353661353662,last_quarter_by_subject
Q1,blend_linear_svc_rule_0.75,linear_svc,0.05,0.5128205128205128,0.6666666666666666,0.8974358974358975,0.425964425964426,last_quarter_by_subject
Q1,model_svc_rbf,svc_rbf,0.25,0.5811965811965812,0.7262569832402235,0.9658119658119658,0.4943404943404944,last_quarter_by_subject
Q1,blend_svc_rbf_rule_0.25,svc_rbf,0.05,0.5641025641025641,0.7213114754098361,1.0,0.5285285285285286,last_quarter_by_subject
Q1,blend_svc_rbf_rule_0.5,svc_rbf,0.15,0.5811965811965812,0.7262569832402235,0.9658119658119658,0.4943404943404944,last_quarter_by_subject
Q1,blend_svc_rbf_rule_0.75,svc_rbf,0.25,0.5982905982905983,0.7314285714285714,0.9316239316239316,0.4601524601524602,last_quarter_by_subject
Q1,model_random_forest,random_forest,0.05,0.5641025641025641,0.7213114754098361,1.0,0.5285285285285286,last_quarter_by_subject
Q1,blend_random_forest_rule_0.25,random_forest,0.05,0.5641025641025641,0.7213114754098361,1.0,0.5285285285285286,last_quarter_by_subject
Q1,blend_random_forest_rule_0.5,random_forest,0.05,0.5641025641025641,0.7213114754098361,1.0,0.5285285285285286,last_quarter_by_subject
Q1,blend_random_forest_rule_0.75,random_forest,0.05,0.5641025641025641,0.7213114754098361,1.0,0.5285285285285286,last_quarter_by_subject
Q1,model_extra_trees,extra_trees,0.35,0.5811965811965812,0.7231638418079097,0.9487179487179487,0.47724647724647723,last_quarter_by_subject
Q1,blend_extra_trees_rule_0.25,extra_trees,0.05,0.5641025641025641,0.7213114754098361,1.0,0.5285285285285286,last_quarter_by_subject
Q1,blend_extra_trees_rule_0.5,extra_trees,0.05,0.5641025641025641,0.7213114754098361,1.0,0.5285285285285286,last_quarter_by_subject
Q1,blend_extra_trees_rule_0.75,extra_trees,0.05,0.5641025641025641,0.7213114754098361,1.0,0.5285285285285286,last_quarter_by_subject
Q1,model_hist_gradient_boosting,hist_gradient_boosting,0.05,0.5641025641025641,0.7213114754098361,1.0,0.5285285285285286,last_quarter_by_subject
Q1,blend_hist_gradient_boosting_rule_0.25,hist_gradient_boosting,0.05,0.5299145299145299,0.6857142857142857,0.9316239316239316,0.4601524601524602,last_quarter_by_subject
Q1,blend_hist_gradient_boosting_rule_0.5,hist_gradient_boosting,0.05,0.5555555555555556,0.7142857142857143,0.9914529914529915,0.5199815199815201,last_quarter_by_subject
Q1,blend_hist_gradient_boosting_rule_0.75,hist_gradient_boosting,0.05,0.5641025641025641,0.7213114754098361,1.0,0.5285285285285286,last_quarter_by_subject
Q1,model_mlp,mlp,0.05,0.5128205128205128,0.6225165562913908,0.7264957264957265,0.255024255024255,last_quarter_by_subject
Q1,blend_mlp_rule_0.25,mlp,0.05,0.49572649572649574,0.6289308176100629,0.7948717948717948,0.3234003234003234,last_quarter_by_subject
Q1,blend_mlp_rule_0.5,mlp,0.05,0.49572649572649574,0.6380368098159509,0.8290598290598291,0.35758835758835766,last_quarter_by_subject
Q1,blend_mlp_rule_0.75,mlp,0.05,0.5128205128205128,0.6545454545454545,0.8461538461538461,0.3746823746823747,last_quarter_by_subject
Q1,model_lightgbm,lightgbm,0.05,0.5641025641025641,0.7213114754098361,1.0,0.5285285285285286,last_quarter_by_subject
Q1,blend_lightgbm_rule_0.25,lightgbm,0.05,0.5641025641025641,0.7213114754098361,1.0,0.5285285285285286,last_quarter_by_subject
Q1,blend_lightgbm_rule_0.5,lightgbm,0.05,0.5641025641025641,0.7213114754098361,1.0,0.5285285285285286,last_quarter_by_subject
Q1,blend_lightgbm_rule_0.75,lightgbm,0.05,0.5641025641025641,0.7213114754098361,1.0,0.5285285285285286,last_quarter_by_subject
Q1,model_catboost,catboost,0.35,0.5982905982905983,0.7251461988304092,0.8974358974358975,0.425964425964426,last_quarter_by_subject
Q1,blend_catboost_rule_0.25,catboost,0.05,0.5641025641025641,0.7213114754098361,1.0,0.5285285285285286,last_quarter_by_subject
Q1,blend_catboost_rule_0.5,catboost,0.05,0.5641025641025641,0.7213114754098361,1.0,0.5285285285285286,last_quarter_by_subject
Q1,blend_catboost_rule_0.75,catboost,0.05,0.5641025641025641,0.7213114754098361,1.0,0.5285285285285286,last_quarter_by_subject
Q1,meta_rule_extra_trees,extra_trees,0.35,0.5726495726495726,0.7222222222222222,0.9743589743589743,0.5028875028875028,last_quarter_by_subject
Q1,meta_rule_lightgbm,lightgbm,0.05,0.5641025641025641,0.7213114754098361,1.0,0.5285285285285286,last_quarter_by_subject
Q1,meta_rule_catboost,catboost,0.05,0.5641025641025641,0.7213114754098361,1.0,0.5285285285285286,last_quarter_by_subject
Q1,meta_rule_hist_gradient_boosting,hist_gradient_boosting,0.05,0.5641025641025641,0.7213114754098361,1.0,0.5285285285285286,last_quarter_by_subject
Q2,rule_subject_strategy_tuned,rule,0.05,0.6666666666666666,0.751592356687898,0.7094017094017094,0.1718641718641719,last_quarter_by_subject
Q2,model_logistic_regression,logistic_regression,0.05,0.6153846153846154,0.7272727272727272,0.7777777777777778,0.24024024024024027,last_quarter_by_subject
Q2,blend_logistic_regression_rule_0.25,logistic_regression,0.15,0.6666666666666666,0.7719298245614035,0.8290598290598291,0.2915222915222916,last_quarter_by_subject
Q2,blend_logistic_regression_rule_0.5,logistic_regression,0.35,0.6752136752136753,0.7764705882352941,0.8205128205128205,0.28297528297528296,last_quarter_by_subject
Q2,blend_logistic_regression_rule_0.75,logistic_regression,0.25,0.6239316239316239,0.7528089887640449,0.8888888888888888,0.3513513513513513,last_quarter_by_subject
Q2,model_linear_svc,linear_svc,0.05,0.6239316239316239,0.7555555555555555,0.905982905982906,0.36844536844536846,last_quarter_by_subject
Q2,blend_linear_svc_rule_0.25,linear_svc,0.2,0.6581196581196581,0.7619047619047619,0.8034188034188035,0.2658812658812659,last_quarter_by_subject
Q2,blend_linear_svc_rule_0.5,linear_svc,0.05,0.6239316239316239,0.7659574468085106,0.9743589743589743,0.4368214368214368,last_quarter_by_subject
Q2,blend_linear_svc_rule_0.75,linear_svc,0.05,0.6239316239316239,0.7684210526315789,0.9914529914529915,0.45391545391545396,last_quarter_by_subject
Q2,model_svc_rbf,svc_rbf,0.35,0.6581196581196581,0.782608695652174,0.9401709401709402,0.40263340263340264,last_quarter_by_subject
Q2,blend_svc_rbf_rule_0.25,svc_rbf,0.05,0.6324786324786325,0.7748691099476439,1.0,0.4624624624624625,last_quarter_by_subject
Q2,blend_svc_rbf_rule_0.5,svc_rbf,0.05,0.6324786324786325,0.7748691099476439,1.0,0.4624624624624625,last_quarter_by_subject
Q2,blend_svc_rbf_rule_0.75,svc_rbf,0.25,0.6495726495726496,0.7830687830687831,0.9829059829059829,0.44536844536844533,last_quarter_by_subject
Q2,model_random_forest,random_forest,0.4,0.6837606837606838,0.7909604519774011,0.8803418803418803,0.3428043428043428,last_quarter_by_subject
Q2,blend_random_forest_rule_0.25,random_forest,0.1,0.6581196581196581,0.782608695652174,0.9401709401709402,0.40263340263340264,last_quarter_by_subject
Q2,blend_random_forest_rule_0.5,random_forest,0.25,0.7008547008547008,0.7953216374269005,0.8290598290598291,0.2915222915222916,last_quarter_by_subject
Q2,blend_random_forest_rule_0.75,random_forest,0.35,0.6923076923076923,0.7954545454545455,0.8717948717948718,0.3342573342573343,last_quarter_by_subject
Q2,model_extra_trees,extra_trees,0.35,0.6752136752136753,0.7912087912087912,0.9230769230769231,0.3855393855393856,last_quarter_by_subject
Q2,blend_extra_trees_rule_0.25,extra_trees,0.1,0.6666666666666666,0.7868852459016393,0.9316239316239316,0.3940863940863941,last_quarter_by_subject
Q2,blend_extra_trees_rule_0.5,extra_trees,0.2,0.6666666666666666,0.7868852459016393,0.9316239316239316,0.3940863940863941,last_quarter_by_subject
Q2,blend_extra_trees_rule_0.75,extra_trees,0.35,0.6837606837606838,0.7885714285714286,0.8632478632478633,0.32571032571032577,last_quarter_by_subject
Q2,model_hist_gradient_boosting,hist_gradient_boosting,0.35,0.7008547008547008,0.7953216374269005,0.8290598290598291,0.2915222915222916,last_quarter_by_subject
Q2,blend_hist_gradient_boosting_rule_0.25,hist_gradient_boosting,0.1,0.6752136752136753,0.7888888888888889,0.905982905982906,0.36844536844536846,last_quarter_by_subject
Q2,blend_hist_gradient_boosting_rule_0.5,hist_gradient_boosting,0.2,0.6752136752136753,0.7888888888888889,0.905982905982906,0.36844536844536846,last_quarter_by_subject
Q2,blend_hist_gradient_boosting_rule_0.75,hist_gradient_boosting,0.3,0.6752136752136753,0.7888888888888889,0.905982905982906,0.36844536844536846,last_quarter_by_subject
Q2,model_mlp,mlp,0.6,0.6837606837606838,0.7448275862068966,0.6068376068376068,0.06930006930006927,last_quarter_by_subject
Q2,blend_mlp_rule_0.25,mlp,0.15,0.6752136752136753,0.7790697674418605,0.8376068376068376,0.3000693000693001,last_quarter_by_subject
Q2,blend_mlp_rule_0.5,mlp,0.35,0.6837606837606838,0.783625730994152,0.8290598290598291,0.2915222915222916,last_quarter_by_subject
Q2,blend_mlp_rule_0.75,mlp,0.2,0.6324786324786325,0.7570621468926554,0.8803418803418803,0.3428043428043428,last_quarter_by_subject
Q2,model_lightgbm,lightgbm,0.35,0.6837606837606838,0.7955801104972376,0.9145299145299145,0.376992376992377,last_quarter_by_subject
Q2,blend_lightgbm_rule_0.25,lightgbm,0.1,0.6752136752136753,0.7888888888888889,0.905982905982906,0.36844536844536846,last_quarter_by_subject
Q2,blend_lightgbm_rule_0.5,lightgbm,0.2,0.6752136752136753,0.7888888888888889,0.905982905982906,0.36844536844536846,last_quarter_by_subject
Q2,blend_lightgbm_rule_0.75,lightgbm,0.25,0.6666666666666666,0.7914438502673796,0.9658119658119658,0.4282744282744283,last_quarter_by_subject
Q2,model_catboost,catboost,0.4,0.6923076923076923,0.797752808988764,0.8888888888888888,0.3513513513513513,last_quarter_by_subject
Q2,blend_catboost_rule_0.25,catboost,0.1,0.6752136752136753,0.7934782608695653,0.9401709401709402,0.40263340263340264,last_quarter_by_subject
Q2,blend_catboost_rule_0.5,catboost,0.2,0.6752136752136753,0.7934782608695653,0.9401709401709402,0.40263340263340264,last_quarter_by_subject
Q2,blend_catboost_rule_0.75,catboost,0.3,0.6752136752136753,0.7934782608695653,0.9401709401709402,0.40263340263340264,last_quarter_by_subject
Q2,meta_rule_extra_trees,extra_trees,0.35,0.6666666666666666,0.7914438502673796,0.9658119658119658,0.4282744282744283,last_quarter_by_subject
Q2,meta_rule_lightgbm,lightgbm,0.4,0.6837606837606838,0.7885714285714286,0.8632478632478633,0.32571032571032577,last_quarter_by_subject
Q2,meta_rule_catboost,catboost,0.4,0.6837606837606838,0.7932960893854749,0.8974358974358975,0.35989835989835994,last_quarter_by_subject
Q2,meta_rule_hist_gradient_boosting,hist_gradient_boosting,0.35,0.7008547008547008,0.7953216374269005,0.8290598290598291,0.2915222915222916,last_quarter_by_subject
Q3,rule_subject_strategy_tuned,rule,0.05,0.6581196581196581,0.7468354430379747,0.6923076923076923,0.11272811272811267,last_quarter_by_subject
Q3,model_logistic_regression,logistic_regression,0.1,0.6923076923076923,0.7906976744186047,0.811965811965812,0.23238623238623235,last_quarter_by_subject
Q3,blend_logistic_regression_rule_0.25,logistic_regression,0.05,0.7094017094017094,0.8131868131868132,0.8974358974358975,0.31785631785631785,last_quarter_by_subject
Q3,blend_logistic_regression_rule_0.5,logistic_regression,0.05,0.7094017094017094,0.8172043010752688,0.9316239316239316,0.352044352044352,last_quarter_by_subject
Q3,blend_logistic_regression_rule_0.75,logistic_regression,0.15,0.7094017094017094,0.8131868131868132,0.8974358974358975,0.31785631785631785,last_quarter_by_subject
Q3,model_linear_svc,linear_svc,0.05,0.6581196581196581,0.7894736842105263,0.9658119658119658,0.3862323862323862,last_quarter_by_subject
Q3,blend_linear_svc_rule_0.25,linear_svc,0.1,0.717948717948718,0.819672131147541,0.905982905982906,0.32640332640332637,last_quarter_by_subject
Q3,blend_linear_svc_rule_0.5,linear_svc,0.15,0.717948717948718,0.8216216216216217,0.9230769230769231,0.3434973434973435,last_quarter_by_subject
Q3,blend_linear_svc_rule_0.75,linear_svc,0.25,0.7264957264957265,0.8260869565217391,0.9145299145299145,0.3349503349503349,last_quarter_by_subject
Q3,model_svc_rbf,svc_rbf,0.4,0.7094017094017094,0.8172043010752688,0.9316239316239316,0.352044352044352,last_quarter_by_subject
Q3,blend_svc_rbf_rule_0.25,svc_rbf,0.1,0.7094017094017094,0.8191489361702128,0.9487179487179487,0.36913836913836906,last_quarter_by_subject
Q3,blend_svc_rbf_rule_0.5,svc_rbf,0.2,0.7094017094017094,0.8191489361702128,0.9487179487179487,0.36913836913836906,last_quarter_by_subject
Q3,blend_svc_rbf_rule_0.75,svc_rbf,0.3,0.7094017094017094,0.8191489361702128,0.9487179487179487,0.36913836913836906,last_quarter_by_subject
Q3,model_random_forest,random_forest,0.4,0.6837606837606838,0.8,0.9230769230769231,0.3434973434973435,last_quarter_by_subject
Q3,blend_random_forest_rule_0.25,random_forest,0.1,0.6837606837606838,0.802139037433155,0.9401709401709402,0.36059136059136054,last_quarter_by_subject
Q3,blend_random_forest_rule_0.5,random_forest,0.25,0.7264957264957265,0.8202247191011236,0.8632478632478633,0.28366828366828367,last_quarter_by_subject
Q3,blend_random_forest_rule_0.75,random_forest,0.35,0.7094017094017094,0.8152173913043478,0.9145299145299145,0.3349503349503349,last_quarter_by_subject
Q3,model_extra_trees,extra_trees,0.4,0.6837606837606838,0.8,0.9230769230769231,0.3434973434973435,last_quarter_by_subject
Q3,blend_extra_trees_rule_0.25,extra_trees,0.1,0.6837606837606838,0.8042328042328042,0.9572649572649573,0.3776853776853777,last_quarter_by_subject
Q3,blend_extra_trees_rule_0.5,extra_trees,0.25,0.7264957264957265,0.8202247191011236,0.8632478632478633,0.28366828366828367,last_quarter_by_subject
Q3,blend_extra_trees_rule_0.75,extra_trees,0.35,0.717948717948718,0.819672131147541,0.905982905982906,0.32640332640332637,last_quarter_by_subject
Q3,model_hist_gradient_boosting,hist_gradient_boosting,0.2,0.6752136752136753,0.8020833333333333,0.9829059829059829,0.40332640332640324,last_quarter_by_subject
Q3,blend_hist_gradient_boosting_rule_0.25,hist_gradient_boosting,0.15,0.717948717948718,0.8070175438596491,0.8034188034188035,0.22383922383922383,last_quarter_by_subject
Q3,blend_hist_gradient_boosting_rule_0.5,hist_gradient_boosting,0.3,0.717948717948718,0.8070175438596491,0.8034188034188035,0.22383922383922383,last_quarter_by_subject
Q3,blend_hist_gradient_boosting_rule_0.75,hist_gradient_boosting,0.15,0.6752136752136753,0.8020833333333333,0.9829059829059829,0.40332640332640324,last_quarter_by_subject
Q3,model_mlp,mlp,0.1,0.7094017094017094,0.8089887640449437,0.8632478632478633,0.28366828366828367,last_quarter_by_subject
Q3,blend_mlp_rule_0.25,mlp,0.05,0.7008547008547008,0.8108108108108107,0.9230769230769231,0.3434973434973435,last_quarter_by_subject
Q3,blend_mlp_rule_0.5,mlp,0.35,0.717948717948718,0.8135593220338982,0.8547008547008547,0.27512127512127504,last_quarter_by_subject
Q3,blend_mlp_rule_0.75,mlp,0.05,0.7008547008547008,0.8108108108108107,0.9230769230769231,0.3434973434973435,last_quarter_by_subject
Q3,model_lightgbm,lightgbm,0.3,0.6752136752136753,0.8,0.9658119658119658,0.3862323862323862,last_quarter_by_subject
Q3,blend_lightgbm_rule_0.25,lightgbm,0.15,0.7008547008547008,0.8,0.8376068376068376,0.258027258027258,last_quarter_by_subject
Q3,blend_lightgbm_rule_0.5,lightgbm,0.15,0.6752136752136753,0.8020833333333333,0.9829059829059829,0.40332640332640324,last_quarter_by_subject
Q3,blend_lightgbm_rule_0.75,lightgbm,0.25,0.6752136752136753,0.8020833333333333,0.9829059829059829,0.40332640332640324,last_quarter_by_subject
Q3,model_catboost,catboost,0.4,0.6752136752136753,0.8,0.9658119658119658,0.3862323862323862,last_quarter_by_subject
Q3,blend_catboost_rule_0.25,catboost,0.15,0.7264957264957265,0.8117647058823529,0.7948717948717948,0.2152922152922152,last_quarter_by_subject
Q3,blend_catboost_rule_0.5,catboost,0.25,0.7094017094017094,0.8172043010752688,0.9316239316239316,0.352044352044352,last_quarter_by_subject
Q3,blend_catboost_rule_0.75,catboost,0.4,0.717948717948718,0.819672131147541,0.905982905982906,0.32640332640332637,last_quarter_by_subject
Q3,meta_rule_extra_trees,extra_trees,0.3,0.6666666666666666,0.7979274611398964,0.9914529914529915,0.41187341187341187,last_quarter_by_subject
Q3,meta_rule_lightgbm,lightgbm,0.25,0.6666666666666666,0.7979274611398964,0.9914529914529915,0.41187341187341187,last_quarter_by_subject
Q3,meta_rule_catboost,catboost,0.3,0.6666666666666666,0.7979274611398964,0.9914529914529915,0.41187341187341187,last_quarter_by_subject
Q3,meta_rule_hist_gradient_boosting,hist_gradient_boosting,0.2,0.6752136752136753,0.8020833333333333,0.9829059829059829,0.40332640332640324,last_quarter_by_subject
S1,rule_subject_strategy_tuned,rule,0.05,0.717948717948718,0.8047337278106508,0.7435897435897436,0.06791406791406795,last_quarter_by_subject
S1,model_logistic_regression,logistic_regression,0.05,0.6666666666666666,0.7796610169491526,0.811965811965812,0.1362901362901363,last_quarter_by_subject
S1,blend_logistic_regression_rule_0.25,logistic_regression,0.05,0.717948717948718,0.819672131147541,0.8632478632478633,0.18757218757218763,last_quarter_by_subject
S1,blend_logistic_regression_rule_0.5,logistic_regression,0.1,0.717948717948718,0.819672131147541,0.8632478632478633,0.18757218757218763,last_quarter_by_subject
S1,blend_logistic_regression_rule_0.75,logistic_regression,0.15,0.717948717948718,0.819672131147541,0.8632478632478633,0.18757218757218763,last_quarter_by_subject
S1,model_linear_svc,linear_svc,0.05,0.6923076923076923,0.8085106382978724,0.905982905982906,0.23030723030723033,last_quarter_by_subject
S1,blend_linear_svc_rule_0.25,linear_svc,0.05,0.717948717948718,0.8253968253968254,0.9145299145299145,0.23885423885423884,last_quarter_by_subject
S1,blend_linear_svc_rule_0.5,linear_svc,0.1,0.717948717948718,0.8253968253968254,0.9145299145299145,0.23885423885423884,last_quarter_by_subject
S1,blend_linear_svc_rule_0.75,linear_svc,0.2,0.7264957264957265,0.8297872340425531,0.905982905982906,0.23030723030723033,last_quarter_by_subject
S1,model_svc_rbf,svc_rbf,0.55,0.7521367521367521,0.8397790055248618,0.8461538461538461,0.1704781704781705,last_quarter_by_subject
S1,blend_svc_rbf_rule_0.25,svc_rbf,0.05,0.7008547008547008,0.8241206030150754,1.0,0.32432432432432434,last_quarter_by_subject
S1,blend_svc_rbf_rule_0.5,svc_rbf,0.25,0.7264957264957265,0.8333333333333334,0.9401709401709402,0.2644952644952645,last_quarter_by_subject
S1,blend_svc_rbf_rule_0.75,svc_rbf,0.4,0.7264957264957265,0.8279569892473119,0.8888888888888888,0.21321321321321318,last_quarter_by_subject
S1,model_random_forest,random_forest,0.05,0.7008547008547008,0.8241206030150754,1.0,0.32432432432432434,last_quarter_by_subject
S1,blend_random_forest_rule_0.25,random_forest,0.1,0.7350427350427351,0.837696335078534,0.9316239316239316,0.255948255948256,last_quarter_by_subject
S1,blend_random_forest_rule_0.5,random_forest,0.2,0.7350427350427351,0.837696335078534,0.9316239316239316,0.255948255948256,last_quarter_by_subject
S1,blend_random_forest_rule_0.75,random_forest,0.3,0.7350427350427351,0.837696335078534,0.9316239316239316,0.255948255948256,last_quarter_by_subject
S1,model_extra_trees,extra_trees,0.4,0.7264957264957265,0.8297872340425531,0.905982905982906,0.23030723030723033,last_quarter_by_subject
S1,blend_extra_trees_rule_0.25,extra_trees,0.1,0.7264957264957265,0.8315789473684211,0.9230769230769231,0.24740124740124747,last_quarter_by_subject
S1,blend_extra_trees_rule_0.5,extra_trees,0.2,0.7264957264957265,0.8315789473684211,0.9230769230769231,0.24740124740124747,last_quarter_by_subject
S1,blend_extra_trees_rule_0.75,extra_trees,0.3,0.7264957264957265,0.8315789473684211,0.9230769230769231,0.24740124740124747,last_quarter_by_subject
S1,model_hist_gradient_boosting,hist_gradient_boosting,0.05,0.7008547008547008,0.8241206030150754,1.0,0.32432432432432434,last_quarter_by_subject
S1,blend_hist_gradient_boosting_rule_0.25,hist_gradient_boosting,0.1,0.717948717948718,0.8235294117647057,0.8974358974358975,0.2217602217602218,last_quarter_by_subject
S1,blend_hist_gradient_boosting_rule_0.5,hist_gradient_boosting,0.05,0.7008547008547008,0.8241206030150754,1.0,0.32432432432432434,last_quarter_by_subject
S1,blend_hist_gradient_boosting_rule_0.75,hist_gradient_boosting,0.05,0.7008547008547008,0.8241206030150754,1.0,0.32432432432432434,last_quarter_by_subject
S1,model_mlp,mlp,0.05,0.7094017094017094,0.8111111111111111,0.8376068376068376,0.16193116193116197,last_quarter_by_subject
S1,blend_mlp_rule_0.25,mlp,0.1,0.7521367521367521,0.8397790055248618,0.8461538461538461,0.1704781704781705,last_quarter_by_subject
S1,blend_mlp_rule_0.5,mlp,0.15,0.7606837606837606,0.8461538461538461,0.8547008547008547,0.179025179025179,last_quarter_by_subject
S1,blend_mlp_rule_0.75,mlp,0.1,0.7435897435897436,0.8404255319148936,0.905982905982906,0.23030723030723033,last_quarter_by_subject
S1,model_lightgbm,lightgbm,0.05,0.7008547008547008,0.8241206030150754,1.0,0.32432432432432434,last_quarter_by_subject
S1,blend_lightgbm_rule_0.25,lightgbm,0.05,0.7008547008547008,0.8241206030150754,1.0,0.32432432432432434,last_quarter_by_subject
S1,blend_lightgbm_rule_0.5,lightgbm,0.05,0.7008547008547008,0.8241206030150754,1.0,0.32432432432432434,last_quarter_by_subject
S1,blend_lightgbm_rule_0.75,lightgbm,0.05,0.7008547008547008,0.8241206030150754,1.0,0.32432432432432434,last_quarter_by_subject
S1,model_catboost,catboost,0.05,0.7008547008547008,0.8241206030150754,1.0,0.32432432432432434,last_quarter_by_subject
S1,blend_catboost_rule_0.25,catboost,0.05,0.7008547008547008,0.8241206030150754,1.0,0.32432432432432434,last_quarter_by_subject
S1,blend_catboost_rule_0.5,catboost,0.05,0.7008547008547008,0.8241206030150754,1.0,0.32432432432432434,last_quarter_by_subject
S1,blend_catboost_rule_0.75,catboost,0.05,0.7008547008547008,0.8241206030150754,1.0,0.32432432432432434,last_quarter_by_subject
S1,meta_rule_extra_trees,extra_trees,0.05,0.7008547008547008,0.8241206030150754,1.0,0.32432432432432434,last_quarter_by_subject
S1,meta_rule_lightgbm,lightgbm,0.45,0.7264957264957265,0.8279569892473119,0.8888888888888888,0.21321321321321318,last_quarter_by_subject
S1,meta_rule_catboost,catboost,0.05,0.7008547008547008,0.8241206030150754,1.0,0.32432432432432434,last_quarter_by_subject
S1,meta_rule_hist_gradient_boosting,hist_gradient_boosting,0.05,0.7008547008547008,0.8241206030150754,1.0,0.32432432432432434,last_quarter_by_subject
S2,rule_subject_strategy_tuned,rule,0.05,0.6239316239316239,0.7317073170731707,0.8034188034188035,0.13374913374913378,last_quarter_by_subject
S2,model_logistic_regression,logistic_regression,0.15,0.6495726495726496,0.7354838709677418,0.7264957264957265,0.05682605682605679,last_quarter_by_subject
S2,blend_logistic_regression_rule_0.25,logistic_regression,0.15,0.6239316239316239,0.7471264367816093,0.8888888888888888,0.21921921921921916,last_quarter_by_subject
S2,blend_logistic_regression_rule_0.5,logistic_regression,0.3,0.6239316239316239,0.7471264367816093,0.8888888888888888,0.21921921921921916,last_quarter_by_subject
S2,blend_logistic_regression_rule_0.75,logistic_regression,0.35,0.6666666666666666,0.7450980392156863,0.7094017094017094,0.03973203973203976,last_quarter_by_subject
S2,model_linear_svc,linear_svc,0.35,0.6666666666666666,0.7450980392156863,0.7094017094017094,0.03973203973203976,last_quarter_by_subject
S2,blend_linear_svc_rule_0.25,linear_svc,0.1,0.6153846153846154,0.7457627118644067,0.9145299145299145,0.24486024486024482,last_quarter_by_subject
S2,blend_linear_svc_rule_0.5,linear_svc,0.35,0.6239316239316239,0.7471264367816093,0.8888888888888888,0.21921921921921916,last_quarter_by_subject
S2,blend_linear_svc_rule_0.75,linear_svc,0.5,0.6752136752136753,0.7466666666666666,0.6837606837606838,0.014091014091014098,last_quarter_by_subject
S2,model_svc_rbf,svc_rbf,0.5,0.6752136752136753,0.7710843373493975,0.8205128205128205,0.1508431508431508,last_quarter_by_subject
S2,blend_svc_rbf_rule_0.25,svc_rbf,0.1,0.6324786324786325,0.7650273224043715,0.9658119658119658,0.29614229614229615,last_quarter_by_subject
S2,blend_svc_rbf_rule_0.5,svc_rbf,0.2,0.6324786324786325,0.7650273224043715,0.9658119658119658,0.29614229614229615,last_quarter_by_subject
S2,blend_svc_rbf_rule_0.75,svc_rbf,0.3,0.6324786324786325,0.7650273224043715,0.9658119658119658,0.29614229614229615,last_quarter_by_subject
S2,model_random_forest,random_forest,0.4,0.6324786324786325,0.7542857142857143,0.8974358974358975,0.2277662277662278,last_quarter_by_subject
S2,blend_random_forest_rule_0.25,random_forest,0.1,0.6239316239316239,0.7608695652173912,0.9743589743589743,0.30468930468930466,last_quarter_by_subject
S2,blend_random_forest_rule_0.5,random_forest,0.2,0.6239316239316239,0.7608695652173912,0.9743589743589743,0.30468930468930466,last_quarter_by_subject
S2,blend_random_forest_rule_0.75,random_forest,0.3,0.6239316239316239,0.7608695652173912,0.9743589743589743,0.30468930468930466,last_quarter_by_subject
S2,model_extra_trees,extra_trees,0.45,0.6666666666666666,0.7692307692307693,0.8461538461538461,0.17648417648417647,last_quarter_by_subject
S2,blend_extra_trees_rule_0.25,extra_trees,0.1,0.6153846153846154,0.7567567567567568,0.9829059829059829,0.3132363132363132,last_quarter_by_subject
S2,blend_extra_trees_rule_0.5,extra_trees,0.2,0.6153846153846154,0.7567567567567568,0.9829059829059829,0.3132363132363132,last_quarter_by_subject
S2,blend_extra_trees_rule_0.75,extra_trees,0.25,0.6153846153846154,0.7567567567567568,0.9829059829059829,0.3132363132363132,last_quarter_by_subject
S2,model_hist_gradient_boosting,hist_gradient_boosting,0.05,0.5982905982905983,0.748663101604278,1.0,0.3303303303303303,last_quarter_by_subject
S2,blend_hist_gradient_boosting_rule_0.25,hist_gradient_boosting,0.15,0.6239316239316239,0.7500000000000001,0.905982905982906,0.2363132363132363,last_quarter_by_subject
S2,blend_hist_gradient_boosting_rule_0.5,hist_gradient_boosting,0.25,0.6324786324786325,0.7597765363128492,0.9316239316239316,0.26195426195426197,last_quarter_by_subject
S2,blend_hist_gradient_boosting_rule_0.75,hist_gradient_boosting,0.25,0.6068376068376068,0.7500000000000001,0.9743589743589743,0.30468930468930466,last_quarter_by_subject
S2,model_mlp,mlp,0.1,0.6324786324786325,0.7393939393939394,0.811965811965812,0.1422961422961423,last_quarter_by_subject
S2,blend_mlp_rule_0.25,mlp,0.15,0.6153846153846154,0.7457627118644067,0.9145299145299145,0.24486024486024482,last_quarter_by_subject
S2,blend_mlp_rule_0.5,mlp,0.05,0.6239316239316239,0.7582417582417583,0.9572649572649573,0.28759528759528763,last_quarter_by_subject
S2,blend_mlp_rule_0.75,mlp,0.05,0.6239316239316239,0.7582417582417583,0.9572649572649573,0.28759528759528763,last_quarter_by_subject
S2,model_lightgbm,lightgbm,0.05,0.5982905982905983,0.748663101604278,1.0,0.3303303303303303,last_quarter_by_subject
S2,blend_lightgbm_rule_0.25,lightgbm,0.1,0.6153846153846154,0.7567567567567568,0.9829059829059829,0.3132363132363132,last_quarter_by_subject
S2,blend_lightgbm_rule_0.5,lightgbm,0.25,0.6324786324786325,0.7624309392265194,0.9487179487179487,0.279048279048279,last_quarter_by_subject
S2,blend_lightgbm_rule_0.75,lightgbm,0.4,0.6324786324786325,0.7624309392265194,0.9487179487179487,0.279048279048279,last_quarter_by_subject
S2,model_catboost,catboost,0.45,0.6153846153846154,0.7513812154696132,0.9487179487179487,0.279048279048279,last_quarter_by_subject
S2,blend_catboost_rule_0.25,catboost,0.15,0.6239316239316239,0.7555555555555554,0.9401709401709402,0.2705012705012705,last_quarter_by_subject
S2,blend_catboost_rule_0.5,catboost,0.25,0.6153846153846154,0.7567567567567568,0.9829059829059829,0.3132363132363132,last_quarter_by_subject
S2,blend_catboost_rule_0.75,catboost,0.4,0.6239316239316239,0.7608695652173912,0.9743589743589743,0.30468930468930466,last_quarter_by_subject
S2,meta_rule_extra_trees,extra_trees,0.45,0.6495726495726496,0.760233918128655,0.8632478632478633,0.1935781935781936,last_quarter_by_subject
S2,meta_rule_lightgbm,lightgbm,0.05,0.5982905982905983,0.748663101604278,1.0,0.3303303303303303,last_quarter_by_subject
S2,meta_rule_catboost,catboost,0.4,0.6410256410256411,0.7692307692307693,0.9572649572649573,0.28759528759528763,last_quarter_by_subject
S2,meta_rule_hist_gradient_boosting,hist_gradient_boosting,0.05,0.5982905982905983,0.748663101604278,1.0,0.3303303303303303,last_quarter_by_subject
S3,rule_subject_strategy_tuned,rule,0.05,0.6239316239316239,0.7441860465116279,0.8461538461538461,0.1704781704781705,last_quarter_by_subject
S3,model_logistic_regression,logistic_regression,0.05,0.6495726495726496,0.7388535031847133,0.717948717948718,0.042273042273042294,last_quarter_by_subject
S3,blend_logistic_regression_rule_0.25,logistic_regression,0.05,0.6324786324786325,0.7542857142857143,0.8717948717948718,0.19611919611919615,last_quarter_by_subject
S3,blend_logistic_regression_rule_0.5,logistic_regression,0.05,0.6495726495726496,0.7683615819209039,0.8888888888888888,0.21321321321321318,last_quarter_by_subject
S3,blend_logistic_regression_rule_0.75,logistic_regression,0.05,0.6495726495726496,0.7683615819209039,0.8888888888888888,0.21321321321321318,last_quarter_by_subject
S3,model_linear_svc,linear_svc,0.05,0.6410256410256411,0.7613636363636364,0.8803418803418803,0.20466620466620467,last_quarter_by_subject
S3,blend_linear_svc_rule_0.25,linear_svc,0.05,0.6581196581196581,0.7752808988764044,0.8974358974358975,0.2217602217602218,last_quarter_by_subject
S3,blend_linear_svc_rule_0.5,linear_svc,0.1,0.6581196581196581,0.7752808988764044,0.8974358974358975,0.2217602217602218,last_quarter_by_subject
S3,blend_linear_svc_rule_0.75,linear_svc,0.05,0.6581196581196581,0.7777777777777777,0.9145299145299145,0.23885423885423884,last_quarter_by_subject
S3,model_svc_rbf,svc_rbf,0.05,0.6239316239316239,0.768421052631579,1.0,0.32432432432432434,last_quarter_by_subject
S3,blend_svc_rbf_rule_0.25,svc_rbf,0.05,0.6239316239316239,0.768421052631579,1.0,0.32432432432432434,last_quarter_by_subject
S3,blend_svc_rbf_rule_0.5,svc_rbf,0.15,0.6324786324786325,0.7724867724867724,0.9914529914529915,0.3157773157773158,last_quarter_by_subject
S3,blend_svc_rbf_rule_0.75,svc_rbf,0.25,0.6410256410256411,0.7765957446808511,0.9829059829059829,0.3072303072303072,last_quarter_by_subject
S3,model_random_forest,random_forest,0.05,0.6239316239316239,0.768421052631579,1.0,0.32432432432432434,last_quarter_by_subject
S3,blend_random_forest_rule_0.25,random_forest,0.05,0.6239316239316239,0.768421052631579,1.0,0.32432432432432434,last_quarter_by_subject
S3,blend_random_forest_rule_0.5,random_forest,0.25,0.6581196581196581,0.7752808988764044,0.8974358974358975,0.2217602217602218,last_quarter_by_subject
S3,blend_random_forest_rule_0.75,random_forest,0.35,0.6581196581196581,0.7752808988764044,0.8974358974358975,0.2217602217602218,last_quarter_by_subject
S3,model_extra_trees,extra_trees,0.4,0.6752136752136753,0.7840909090909092,0.8803418803418803,0.20466620466620467,last_quarter_by_subject
S3,blend_extra_trees_rule_0.25,extra_trees,0.1,0.6666666666666666,0.7796610169491525,0.8888888888888888,0.21321321321321318,last_quarter_by_subject
S3,blend_extra_trees_rule_0.5,extra_trees,0.2,0.6666666666666666,0.7796610169491525,0.8888888888888888,0.21321321321321318,last_quarter_by_subject
S3,blend_extra_trees_rule_0.75,extra_trees,0.3,0.6666666666666666,0.7796610169491525,0.8888888888888888,0.21321321321321318,last_quarter_by_subject
S3,model_hist_gradient_boosting,hist_gradient_boosting,0.3,0.6581196581196581,0.7777777777777777,0.9145299145299145,0.23885423885423884,last_quarter_by_subject
S3,blend_hist_gradient_boosting_rule_0.25,hist_gradient_boosting,0.15,0.6581196581196581,0.7727272727272727,0.8803418803418803,0.20466620466620467,last_quarter_by_subject
S3,blend_hist_gradient_boosting_rule_0.5,hist_gradient_boosting,0.15,0.6495726495726496,0.7734806629834253,0.9230769230769231,0.24740124740124747,last_quarter_by_subject
S3,blend_hist_gradient_boosting_rule_0.75,hist_gradient_boosting,0.25,0.6581196581196581,0.7777777777777777,0.9145299145299145,0.23885423885423884,last_quarter_by_subject
S3,model_mlp,mlp,0.05,0.6324786324786325,0.7361963190184049,0.7692307692307693,0.09355509355509362,last_quarter_by_subject
S3,blend_mlp_rule_0.25,mlp,0.05,0.6495726495726496,0.770949720670391,0.905982905982906,0.23030723030723033,last_quarter_by_subject
S3,blend_mlp_rule_0.5,mlp,0.05,0.6495726495726496,0.770949720670391,0.905982905982906,0.23030723030723033,last_quarter_by_subject
S3,blend_mlp_rule_0.75,mlp,0.05,0.6495726495726496,0.770949720670391,0.905982905982906,0.23030723030723033,last_quarter_by_subject
S3,model_lightgbm,lightgbm,0.55,0.6837606837606838,0.7836257309941519,0.8376068376068376,0.16193116193116197,last_quarter_by_subject
S3,blend_lightgbm_rule_0.25,lightgbm,0.1,0.6666666666666666,0.7821229050279329,0.905982905982906,0.23030723030723033,last_quarter_by_subject
S3,blend_lightgbm_rule_0.5,lightgbm,0.2,0.6666666666666666,0.7821229050279329,0.905982905982906,0.23030723030723033,last_quarter_by_subject
S3,blend_lightgbm_rule_0.75,lightgbm,0.25,0.6666666666666666,0.7821229050279329,0.905982905982906,0.23030723030723033,last_quarter_by_subject
S3,model_catboost,catboost,0.5,0.6666666666666666,0.7796610169491525,0.8888888888888888,0.21321321321321318,last_quarter_by_subject
S3,blend_catboost_rule_0.25,catboost,0.1,0.6581196581196581,0.7777777777777777,0.9145299145299145,0.23885423885423884,last_quarter_by_subject
S3,blend_catboost_rule_0.5,catboost,0.25,0.6666666666666666,0.7821229050279329,0.905982905982906,0.23030723030723033,last_quarter_by_subject
S3,blend_catboost_rule_0.75,catboost,0.4,0.6752136752136753,0.7865168539325843,0.8974358974358975,0.2217602217602218,last_quarter_by_subject
S3,meta_rule_extra_trees,extra_trees,0.4,0.6837606837606838,0.7909604519774011,0.8888888888888888,0.21321321321321318,last_quarter_by_subject
S3,meta_rule_lightgbm,lightgbm,0.55,0.6923076923076923,0.7906976744186046,0.8461538461538461,0.1704781704781705,last_quarter_by_subject
S3,meta_rule_catboost,catboost,0.55,0.6752136752136753,0.7790697674418604,0.8461538461538461,0.1704781704781705,last_quarter_by_subject
S3,meta_rule_hist_gradient_boosting,hist_gradient_boosting,0.3,0.6581196581196581,0.7777777777777777,0.9145299145299145,0.23885423885423884,last_quarter_by_subject
S4,rule_subject_strategy_tuned,rule,0.05,0.6495726495726496,0.7172413793103448,0.717948717948718,0.14437514437514443,last_quarter_by_subject
S4,model_logistic_regression,logistic_regression,0.05,0.5470085470085471,0.6394557823129252,0.7350427350427351,0.16146916146916157,last_quarter_by_subject
S4,blend_logistic_regression_rule_0.25,logistic_regression,0.05,0.6239316239316239,0.717948717948718,0.811965811965812,0.23839223839223844,last_quarter_by_subject
S4,blend_logistic_regression_rule_0.5,logistic_regression,0.1,0.6239316239316239,0.717948717948718,0.811965811965812,0.23839223839223844,last_quarter_by_subject
S4,blend_logistic_regression_rule_0.75,logistic_regression,0.05,0.6153846153846154,0.7204968944099378,0.8547008547008547,0.28112728112728114,last_quarter_by_subject
S4,model_linear_svc,linear_svc,0.15,0.5470085470085471,0.6394557823129252,0.7350427350427351,0.16146916146916157,last_quarter_by_subject
S4,blend_linear_svc_rule_0.25,linear_svc,0.2,0.6410256410256411,0.7200000000000001,0.7606837606837606,0.18711018711018712,last_quarter_by_subject
S4,blend_linear_svc_rule_0.5,linear_svc,0.4,0.6410256410256411,0.7200000000000001,0.7606837606837606,0.18711018711018712,last_quarter_by_subject
S4,blend_linear_svc_rule_0.75,linear_svc,0.15,0.6068376068376068,0.7160493827160493,0.8632478632478633,0.28967428967428976,last_quarter_by_subject
S4,model_svc_rbf,svc_rbf,0.45,0.5897435897435898,0.710843373493976,0.8974358974358975,0.32386232386232394,last_quarter_by_subject
S4,blend_svc_rbf_rule_0.25,svc_rbf,0.15,0.6410256410256411,0.7200000000000001,0.7606837606837606,0.18711018711018712,last_quarter_by_subject
S4,blend_svc_rbf_rule_0.5,svc_rbf,0.25,0.6153846153846154,0.7239263803680982,0.8717948717948718,0.2982212982212983,last_quarter_by_subject
S4,blend_svc_rbf_rule_0.75,svc_rbf,0.4,0.6324786324786325,0.7295597484276729,0.8376068376068376,0.2640332640332641,last_quarter_by_subject
S4,model_random_forest,random_forest,0.35,0.5641025641025641,0.7017543859649122,0.9401709401709402,0.36659736659736664,last_quarter_by_subject
S4,blend_random_forest_rule_0.25,random_forest,0.2,0.6495726495726496,0.7172413793103448,0.717948717948718,0.14437514437514443,last_quarter_by_subject
S4,blend_random_forest_rule_0.5,random_forest,0.25,0.6324786324786325,0.7225806451612902,0.8034188034188035,0.22984522984522993,last_quarter_by_subject
S4,blend_random_forest_rule_0.75,random_forest,0.4,0.6495726495726496,0.7320261437908497,0.7863247863247863,0.21275121275121278,last_quarter_by_subject
S4,model_extra_trees,extra_trees,0.45,0.6410256410256411,0.7162162162162161,0.7435897435897436,0.1700161700161701,last_quarter_by_subject
S4,blend_extra_trees_rule_0.25,extra_trees,0.2,0.6495726495726496,0.7172413793103448,0.717948717948718,0.14437514437514443,last_quarter_by_subject
S4,blend_extra_trees_rule_0.5,extra_trees,0.35,0.6495726495726496,0.7172413793103448,0.717948717948718,0.14437514437514443,last_quarter_by_subject
S4,blend_extra_trees_rule_0.75,extra_trees,0.5,0.6495726495726496,0.7172413793103448,0.717948717948718,0.14437514437514443,last_quarter_by_subject
S4,model_hist_gradient_boosting,hist_gradient_boosting,0.05,0.5213675213675214,0.6853932584269664,1.0,0.4264264264264265,last_quarter_by_subject
S4,blend_hist_gradient_boosting_rule_0.25,hist_gradient_boosting,0.2,0.6495726495726496,0.7210884353741497,0.7350427350427351,0.16146916146916157,last_quarter_by_subject
S4,blend_hist_gradient_boosting_rule_0.5,hist_gradient_boosting,0.4,0.6495726495726496,0.7210884353741497,0.7350427350427351,0.16146916146916157,last_quarter_by_subject
S4,blend_hist_gradient_boosting_rule_0.75,hist_gradient_boosting,0.45,0.6324786324786325,0.7189542483660131,0.7863247863247863,0.21275121275121278,last_quarter_by_subject
S4,model_mlp,mlp,0.35,0.6153846153846154,0.6853146853146853,0.7008547008547008,0.12728112728112728,last_quarter_by_subject
S4,blend_mlp_rule_0.25,mlp,0.2,0.6410256410256411,0.7341772151898734,0.8290598290598291,0.2554862554862556,last_quarter_by_subject
S4,blend_mlp_rule_0.5,mlp,0.35,0.6410256410256411,0.7341772151898734,0.8290598290598291,0.2554862554862556,last_quarter_by_subject
S4,blend_mlp_rule_0.75,mlp,0.2,0.6068376068376068,0.7195121951219512,0.8803418803418803,0.3067683067683068,last_quarter_by_subject
S4,model_lightgbm,lightgbm,0.4,0.5811965811965812,0.703030303030303,0.8888888888888888,0.3153153153153153,last_quarter_by_subject
S4,blend_lightgbm_rule_0.25,lightgbm,0.15,0.6410256410256411,0.7236842105263158,0.7777777777777778,0.20420420420420426,last_quarter_by_subject
S4,blend_lightgbm_rule_0.5,lightgbm,0.35,0.6581196581196581,0.7333333333333333,0.7606837606837606,0.18711018711018712,last_quarter_by_subject
S4,blend_lightgbm_rule_0.75,lightgbm,0.4,0.6495726495726496,0.7388535031847132,0.8205128205128205,0.24693924693924696,last_quarter_by_subject
S4,model_catboost,catboost,0.5,0.6324786324786325,0.7152317880794702,0.7692307692307693,0.19565719565719575,last_quarter_by_subject
S4,blend_catboost_rule_0.25,catboost,0.15,0.6410256410256411,0.7236842105263158,0.7777777777777778,0.20420420420420426,last_quarter_by_subject
S4,blend_catboost_rule_0.5,catboost,0.25,0.6239316239316239,0.725,0.8461538461538461,0.2725802725802726,last_quarter_by_subject
S4,blend_catboost_rule_0.75,catboost,0.45,0.6410256410256411,0.7236842105263158,0.7777777777777778,0.20420420420420426,last_quarter_by_subject
S4,meta_rule_extra_trees,extra_trees,0.4,0.5811965811965812,0.703030303030303,0.8888888888888888,0.3153153153153153,last_quarter_by_subject
S4,meta_rule_lightgbm,lightgbm,0.4,0.5811965811965812,0.703030303030303,0.8888888888888888,0.3153153153153153,last_quarter_by_subject
S4,meta_rule_catboost,catboost,0.45,0.5726495726495726,0.7023809523809522,0.9145299145299145,0.340956340956341,last_quarter_by_subject
S4,meta_rule_hist_gradient_boosting,hist_gradient_boosting,0.05,0.5213675213675214,0.6853932584269664,1.0,0.4264264264264265,last_quarter_by_subject
Q1,rule_subject_strategy_tuned,rule,0.05,0.4934210526315789,0.5698324022346369,0.6644736842105263,0.17789650300247262,last_third_by_subject
Q1,model_logistic_regression,logistic_regression,0.05,0.5197368421052632,0.6604651162790698,0.9013157894736842,0.41473860826563047,last_third_by_subject
Q1,blend_logistic_regression_rule_0.25,logistic_regression,0.05,0.5,0.6545454545454545,0.9342105263157895,0.4476333451077358,last_third_by_subject
Q1,blend_logistic_regression_rule_0.5,logistic_regression,0.05,0.506578947368421,0.6636771300448431,0.9539473684210527,0.46737018721299894,last_third_by_subject
Q1,blend_logistic_regression_rule_0.75,logistic_regression,0.05,0.5131578947368421,0.6696428571428572,0.9605263157894737,0.47394913458141996,last_third_by_subject
Q1,model_linear_svc,linear_svc,0.1,0.5197368421052632,0.6666666666666666,0.9276315789473685,0.44105439773931476,last_third_by_subject
Q1,blend_linear_svc_rule_0.25,linear_svc,0.05,0.5131578947368421,0.6696428571428572,0.9605263157894737,0.47394913458141996,last_third_by_subject
Q1,blend_linear_svc_rule_0.5,linear_svc,0.05,0.5197368421052632,0.6784140969162996,0.9802631578947368,0.4936859766866831,last_third_by_subject
Q1,blend_linear_svc_rule_0.75,linear_svc,0.05,0.5131578947368421,0.6754385964912281,0.9868421052631579,0.5002649240551041,last_third_by_subject
Q1,model_svc_rbf,svc_rbf,0.4,0.5592105263157895,0.6794258373205742,0.8618421052631579,0.37526492405510414,last_third_by_subject
Q1,blend_svc_rbf_rule_0.25,svc_rbf,0.05,0.5131578947368421,0.6782608695652175,1.0,0.5134228187919463,last_third_by_subject
Q1,blend_svc_rbf_rule_0.5,svc_rbf,0.05,0.5131578947368421,0.6782608695652175,1.0,0.5134228187919463,last_third_by_subject
Q1,blend_svc_rbf_rule_0.75,svc_rbf,0.05,0.5131578947368421,0.6782608695652175,1.0,0.5134228187919463,last_third_by_subject
Q1,model_random_forest,random_forest,0.35,0.5394736842105263,0.6875,0.9605263157894737,0.47394913458141996,last_third_by_subject
Q1,blend_random_forest_rule_0.25,random_forest,0.05,0.5131578947368421,0.6782608695652175,1.0,0.5134228187919463,last_third_by_subject
Q1,blend_random_forest_rule_0.5,random_forest,0.05,0.5131578947368421,0.6782608695652175,1.0,0.5134228187919463,last_third_by_subject
Q1,blend_random_forest_rule_0.75,random_forest,0.05,0.5131578947368421,0.6782608695652175,1.0,0.5134228187919463,last_third_by_subject
Q1,model_extra_trees,extra_trees,0.45,0.5921052631578947,0.6868686868686869,0.7894736842105263,0.3028965030024726,last_third_by_subject
Q1,blend_extra_trees_rule_0.25,extra_trees,0.1,0.5328947368421053,0.6844444444444445,0.9671052631578947,0.480528081949841,last_third_by_subject
Q1,blend_extra_trees_rule_0.5,extra_trees,0.2,0.5328947368421053,0.6844444444444445,0.9671052631578947,0.480528081949841,last_third_by_subject
Q1,blend_extra_trees_rule_0.75,extra_trees,0.3,0.5328947368421053,0.6844444444444445,0.9671052631578947,0.480528081949841,last_third_by_subject
Q1,model_hist_gradient_boosting,hist_gradient_boosting,0.15,0.5197368421052632,0.6784140969162996,0.9802631578947368,0.4936859766866831,last_third_by_subject
Q1,blend_hist_gradient_boosting_rule_0.25,hist_gradient_boosting,0.05,0.5131578947368421,0.6696428571428572,0.9605263157894737,0.47394913458141996,last_third_by_subject
Q1,blend_hist_gradient_boosting_rule_0.5,hist_gradient_boosting,0.05,0.5131578947368421,0.6782608695652175,1.0,0.5134228187919463,last_third_by_subject
Q1,blend_hist_gradient_boosting_rule_0.75,hist_gradient_boosting,0.1,0.5197368421052632,0.6812227074235807,0.993421052631579,0.5068438714235253,last_third_by_subject
Q1,model_mlp,mlp,0.05,0.5592105263157895,0.6824644549763033,0.875,0.3884228187919463,last_third_by_subject
Q1,blend_mlp_rule_0.25,mlp,0.05,0.506578947368421,0.6575342465753424,0.9276315789473685,0.44105439773931476,last_third_by_subject
Q1,blend_mlp_rule_0.5,mlp,0.05,0.5131578947368421,0.6666666666666666,0.9473684210526315,0.4607912398445778,last_third_by_subject
Q1,blend_mlp_rule_0.75,mlp,0.05,0.5131578947368421,0.6666666666666666,0.9473684210526315,0.4607912398445778,last_third_by_subject
Q1,model_lightgbm,lightgbm,0.35,0.5526315789473685,0.6851851851851853,0.9078947368421053,0.4213175556340516,last_third_by_subject
Q1,blend_lightgbm_rule_0.25,lightgbm,0.05,0.5131578947368421,0.6782608695652175,1.0,0.5134228187919463,last_third_by_subject
Q1,blend_lightgbm_rule_0.5,lightgbm,0.15,0.5197368421052632,0.6784140969162996,0.9802631578947368,0.4936859766866831,last_third_by_subject
Q1,blend_lightgbm_rule_0.75,lightgbm,0.05,0.5131578947368421,0.6782608695652175,1.0,0.5134228187919463,last_third_by_subject
Q1,model_catboost,catboost,0.4,0.5592105263157895,0.6940639269406392,0.9276315789473685,0.44105439773931476,last_third_by_subject
Q1,blend_catboost_rule_0.25,catboost,0.1,0.5263157894736842,0.6814159292035399,0.9736842105263158,0.4871070293182621,last_third_by_subject
Q1,blend_catboost_rule_0.5,catboost,0.2,0.5263157894736842,0.6814159292035399,0.9736842105263158,0.4871070293182621,last_third_by_subject
Q1,blend_catboost_rule_0.75,catboost,0.3,0.5263157894736842,0.6814159292035399,0.9736842105263158,0.4871070293182621,last_third_by_subject
Q1,meta_rule_extra_trees,extra_trees,0.35,0.5263157894736842,0.6842105263157895,0.9868421052631579,0.5002649240551041,last_third_by_subject
Q1,meta_rule_lightgbm,lightgbm,0.05,0.5131578947368421,0.6782608695652175,1.0,0.5134228187919463,last_third_by_subject
Q1,meta_rule_catboost,catboost,0.35,0.5328947368421053,0.6872246696035244,0.9802631578947368,0.4936859766866831,last_third_by_subject
Q1,meta_rule_hist_gradient_boosting,hist_gradient_boosting,0.15,0.5197368421052632,0.6784140969162996,0.9802631578947368,0.4936859766866831,last_third_by_subject
Q2,rule_subject_strategy_tuned,rule,0.05,0.5526315789473685,0.6666666666666667,0.756578947368421,0.20624337689862238,last_third_by_subject
Q2,model_logistic_regression,logistic_regression,0.1,0.5986842105263158,0.7136150234741784,0.8157894736842105,0.26545390321441187,last_third_by_subject
Q2,blend_logistic_regression_rule_0.25,logistic_regression,0.05,0.5789473684210527,0.7264957264957265,0.9539473684210527,0.403611797951254,last_third_by_subject
Q2,blend_logistic_regression_rule_0.5,logistic_regression,0.05,0.5986842105263158,0.7426160337552743,0.9736842105263158,0.4233486400565172,last_third_by_subject
Q2,blend_logistic_regression_rule_0.75,logistic_regression,0.05,0.5986842105263158,0.7426160337552743,0.9736842105263158,0.4233486400565172,last_third_by_subject
Q2,model_linear_svc,linear_svc,0.05,0.5789473684210527,0.7264957264957265,0.9539473684210527,0.403611797951254,last_third_by_subject
Q2,blend_linear_svc_rule_0.25,linear_svc,0.05,0.5855263157894737,0.7319148936170212,0.9605263157894737,0.41019074531967503,last_third_by_subject
Q2,blend_linear_svc_rule_0.5,linear_svc,0.05,0.5986842105263158,0.7426160337552743,0.9736842105263158,0.4233486400565172,last_third_by_subject
Q2,blend_linear_svc_rule_0.75,linear_svc,0.05,0.5986842105263158,0.7426160337552743,0.9736842105263158,0.4233486400565172,last_third_by_subject
Q2,model_svc_rbf,svc_rbf,0.35,0.6118421052631579,0.751054852320675,0.9736842105263158,0.4233486400565172,last_third_by_subject
Q2,blend_svc_rbf_rule_0.25,svc_rbf,0.1,0.5986842105263158,0.7447698744769875,0.9868421052631579,0.4365065347933592,last_third_by_subject
Q2,blend_svc_rbf_rule_0.5,svc_rbf,0.2,0.5986842105263158,0.7447698744769875,0.9868421052631579,0.4365065347933592,last_third_by_subject
Q2,blend_svc_rbf_rule_0.75,svc_rbf,0.25,0.5986842105263158,0.7447698744769875,0.9868421052631579,0.4365065347933592,last_third_by_subject
Q2,model_random_forest,random_forest,0.4,0.6118421052631579,0.751054852320675,0.9736842105263158,0.4233486400565172,last_third_by_subject
Q2,blend_random_forest_rule_0.25,random_forest,0.1,0.5921052631578947,0.7416666666666666,0.993421052631579,0.44308548216178034,last_third_by_subject
Q2,blend_random_forest_rule_0.5,random_forest,0.2,0.5921052631578947,0.7416666666666666,0.993421052631579,0.44308548216178034,last_third_by_subject
Q2,blend_random_forest_rule_0.75,random_forest,0.3,0.5921052631578947,0.7416666666666666,0.993421052631579,0.44308548216178034,last_third_by_subject
Q2,model_extra_trees,extra_trees,0.4,0.625,0.748898678414097,0.9078947368421053,0.35755916637230667,last_third_by_subject
Q2,blend_extra_trees_rule_0.25,extra_trees,0.1,0.5986842105263158,0.7447698744769875,0.9868421052631579,0.4365065347933592,last_third_by_subject
Q2,blend_extra_trees_rule_0.5,extra_trees,0.2,0.5986842105263158,0.7447698744769875,0.9868421052631579,0.4365065347933592,last_third_by_subject
Q2,blend_extra_trees_rule_0.75,extra_trees,0.3,0.5986842105263158,0.7447698744769875,0.9868421052631579,0.4365065347933592,last_third_by_subject
Q2,model_hist_gradient_boosting,hist_gradient_boosting,0.05,0.5855263157894737,0.7385892116182573,1.0,0.44966442953020136,last_third_by_subject
Q2,blend_hist_gradient_boosting_rule_0.25,hist_gradient_boosting,0.05,0.5723684210526315,0.7280334728033472,0.9868421052631579,0.4365065347933592,last_third_by_subject
Q2,blend_hist_gradient_boosting_rule_0.5,hist_gradient_boosting,0.05,0.5855263157894737,0.7385892116182573,1.0,0.44966442953020136,last_third_by_subject
Q2,blend_hist_gradient_boosting_rule_0.75,hist_gradient_boosting,0.05,0.5855263157894737,0.7385892116182573,1.0,0.44966442953020136,last_third_by_subject
Q2,model_mlp,mlp,0.05,0.5855263157894737,0.7123287671232876,0.8552631578947368,0.3049275874249382,last_third_by_subject
Q2,blend_mlp_rule_0.25,mlp,0.05,0.5657894736842105,0.7130434782608694,0.9276315789473685,0.37729600847756983,last_third_by_subject
Q2,blend_mlp_rule_0.5,mlp,0.05,0.5789473684210527,0.7264957264957265,0.9539473684210527,0.403611797951254,last_third_by_subject
Q2,blend_mlp_rule_0.75,mlp,0.05,0.5855263157894737,0.7319148936170212,0.9605263157894737,0.41019074531967503,last_third_by_subject
Q2,model_lightgbm,lightgbm,0.05,0.5855263157894737,0.7385892116182573,1.0,0.44966442953020136,last_third_by_subject
Q2,blend_lightgbm_rule_0.25,lightgbm,0.05,0.5855263157894737,0.7385892116182573,1.0,0.44966442953020136,last_third_by_subject
Q2,blend_lightgbm_rule_0.5,lightgbm,0.05,0.5855263157894737,0.7385892116182573,1.0,0.44966442953020136,last_third_by_subject
Q2,blend_lightgbm_rule_0.75,lightgbm,0.05,0.5855263157894737,0.7385892116182573,1.0,0.44966442953020136,last_third_by_subject
Q2,model_catboost,catboost,0.35,0.6052631578947368,0.7478991596638656,0.9802631578947368,0.4299275874249382,last_third_by_subject
Q2,blend_catboost_rule_0.25,catboost,0.1,0.5921052631578947,0.7416666666666666,0.993421052631579,0.44308548216178034,last_third_by_subject
Q2,blend_catboost_rule_0.5,catboost,0.25,0.6052631578947368,0.7457627118644068,0.9671052631578947,0.41676969268809605,last_third_by_subject
Q2,blend_catboost_rule_0.75,catboost,0.25,0.5921052631578947,0.7416666666666666,0.993421052631579,0.44308548216178034,last_third_by_subject
Q2,meta_rule_extra_trees,extra_trees,0.4,0.6381578947368421,0.761904761904762,0.9342105263157895,0.38387495584599085,last_third_by_subject
Q2,meta_rule_lightgbm,lightgbm,0.05,0.5855263157894737,0.7385892116182573,1.0,0.44966442953020136,last_third_by_subject
Q2,meta_rule_catboost,catboost,0.45,0.618421052631579,0.7456140350877193,0.9144736842105263,0.3641381137407277,last_third_by_subject
Q2,meta_rule_hist_gradient_boosting,hist_gradient_boosting,0.05,0.5855263157894737,0.7385892116182573,1.0,0.44966442953020136,last_third_by_subject
Q3,rule_subject_strategy_tuned,rule,0.05,0.631578947368421,0.7333333333333333,0.75,0.16610738255033553,last_third_by_subject
Q3,model_logistic_regression,logistic_regression,0.05,0.631578947368421,0.7407407407407408,0.7894736842105263,0.20558106676086185,last_third_by_subject
Q3,blend_logistic_regression_rule_0.25,logistic_regression,0.05,0.6447368421052632,0.7692307692307693,0.9078947368421053,0.32400211939244083,last_third_by_subject
Q3,blend_logistic_regression_rule_0.5,logistic_regression,0.05,0.6513157894736842,0.774468085106383,0.9144736842105263,0.33058106676086185,last_third_by_subject
Q3,blend_logistic_regression_rule_0.75,logistic_regression,0.05,0.6513157894736842,0.7763713080168776,0.9276315789473685,0.343738961497704,last_third_by_subject
Q3,model_linear_svc,linear_svc,0.05,0.631578947368421,0.7647058823529411,0.9342105263157895,0.350317908866125,last_third_by_subject
Q3,blend_linear_svc_rule_0.25,linear_svc,0.1,0.6578947368421053,0.7758620689655172,0.8947368421052632,0.3108442246555987,last_third_by_subject
Q3,blend_linear_svc_rule_0.5,linear_svc,0.2,0.6578947368421053,0.7758620689655172,0.8947368421052632,0.3108442246555987,last_third_by_subject
Q3,blend_linear_svc_rule_0.75,linear_svc,0.05,0.6381578947368421,0.7755102040816326,0.9802631578947368,0.39637054044507236,last_third_by_subject
Q3,model_svc_rbf,svc_rbf,0.45,0.6842105263157895,0.7931034482758621,0.8947368421052632,0.3108442246555987,last_third_by_subject
Q3,blend_svc_rbf_rule_0.25,svc_rbf,0.1,0.6447368421052632,0.7804878048780487,0.9868421052631579,0.4029494878134934,last_third_by_subject
Q3,blend_svc_rbf_rule_0.5,svc_rbf,0.2,0.6447368421052632,0.7804878048780487,0.9868421052631579,0.4029494878134934,last_third_by_subject
Q3,blend_svc_rbf_rule_0.75,svc_rbf,0.35,0.6578947368421053,0.7833333333333333,0.9473684210526315,0.36347580360296705,last_third_by_subject
Q3,model_random_forest,random_forest,0.45,0.6907894736842105,0.789237668161435,0.8355263157894737,0.2516336983398092,last_third_by_subject
Q3,blend_random_forest_rule_0.25,random_forest,0.05,0.631578947368421,0.7741935483870968,1.0,0.4161073825503355,last_third_by_subject
Q3,blend_random_forest_rule_0.5,random_forest,0.25,0.6710526315789473,0.788135593220339,0.9210526315789473,0.33716001412928287,last_third_by_subject
Q3,blend_random_forest_rule_0.75,random_forest,0.4,0.6710526315789473,0.7844827586206896,0.8947368421052632,0.3108442246555987,last_third_by_subject
Q3,model_extra_trees,extra_trees,0.45,0.6842105263157895,0.7837837837837837,0.8289473684210527,0.24505475097138818,last_third_by_subject
Q3,blend_extra_trees_rule_0.25,extra_trees,0.1,0.6578947368421053,0.7851239669421488,0.9605263157894737,0.3766336983398092,last_third_by_subject
Q3,blend_extra_trees_rule_0.5,extra_trees,0.2,0.6578947368421053,0.7851239669421488,0.9605263157894737,0.3766336983398092,last_third_by_subject
Q3,blend_extra_trees_rule_0.75,extra_trees,0.3,0.6578947368421053,0.7851239669421488,0.9605263157894737,0.3766336983398092,last_third_by_subject
Q3,model_hist_gradient_boosting,hist_gradient_boosting,0.2,0.6513157894736842,0.7818930041152263,0.9671052631578947,0.3832126457082302,last_third_by_subject
Q3,blend_hist_gradient_boosting_rule_0.25,hist_gradient_boosting,0.05,0.6513157894736842,0.7836734693877551,0.9802631578947368,0.39637054044507236,last_third_by_subject
Q3,blend_hist_gradient_boosting_rule_0.5,hist_gradient_boosting,0.1,0.6513157894736842,0.7836734693877551,0.9802631578947368,0.39637054044507236,last_third_by_subject
Q3,blend_hist_gradient_boosting_rule_0.75,hist_gradient_boosting,0.15,0.6513157894736842,0.7836734693877551,0.9802631578947368,0.39637054044507236,last_third_by_subject
Q3,model_mlp,mlp,0.25,0.6842105263157895,0.7798165137614679,0.8026315789473685,0.218738961497704,last_third_by_subject
Q3,blend_mlp_rule_0.25,mlp,0.05,0.6578947368421053,0.7833333333333333,0.9473684210526315,0.36347580360296705,last_third_by_subject
Q3,blend_mlp_rule_0.5,mlp,0.25,0.6710526315789473,0.7863247863247863,0.9078947368421053,0.32400211939244083,last_third_by_subject
Q3,blend_mlp_rule_0.75,mlp,0.2,0.6644736842105263,0.7848101265822784,0.9276315789473685,0.343738961497704,last_third_by_subject
Q3,model_lightgbm,lightgbm,0.35,0.6710526315789473,0.7899159663865546,0.9342105263157895,0.350317908866125,last_third_by_subject
Q3,blend_lightgbm_rule_0.25,lightgbm,0.1,0.6447368421052632,0.7768595041322315,0.9605263157894737,0.3766336983398092,last_third_by_subject
Q3,blend_lightgbm_rule_0.5,lightgbm,0.15,0.6447368421052632,0.7804878048780487,0.9868421052631579,0.4029494878134934,last_third_by_subject
Q3,blend_lightgbm_rule_0.75,lightgbm,0.25,0.6513157894736842,0.7836734693877551,0.9802631578947368,0.39637054044507236,last_third_by_subject
Q3,model_catboost,catboost,0.4,0.6578947368421053,0.7868852459016393,0.9736842105263158,0.38979159307665134,last_third_by_subject
Q3,blend_catboost_rule_0.25,catboost,0.1,0.6513157894736842,0.7836734693877551,0.9802631578947368,0.39637054044507236,last_third_by_subject
Q3,blend_catboost_rule_0.5,catboost,0.25,0.6710526315789473,0.7899159663865546,0.9342105263157895,0.350317908866125,last_third_by_subject
Q3,blend_catboost_rule_0.75,catboost,0.4,0.6776315789473685,0.7914893617021277,0.9144736842105263,0.33058106676086185,last_third_by_subject
Q3,meta_rule_extra_trees,extra_trees,0.5,0.7039473684210527,0.7804878048780488,0.7171052631578947,0.13321264570823022,last_third_by_subject
Q3,meta_rule_lightgbm,lightgbm,0.35,0.6644736842105263,0.7848101265822784,0.9276315789473685,0.343738961497704,last_third_by_subject
Q3,meta_rule_catboost,catboost,0.4,0.6710526315789473,0.7916666666666666,0.9473684210526315,0.36347580360296705,last_third_by_subject
Q3,meta_rule_hist_gradient_boosting,hist_gradient_boosting,0.2,0.6513157894736842,0.7818930041152263,0.9671052631578947,0.3832126457082302,last_third_by_subject
S1,rule_subject_strategy_tuned,rule,0.05,0.7171052631578947,0.7999999999999999,0.7171052631578947,0.042608618862592706,last_third_by_subject
S1,model_logistic_regression,logistic_regression,0.05,0.6381578947368421,0.7533632286995516,0.7697368421052632,0.09524019780996118,last_third_by_subject
S1,blend_logistic_regression_rule_0.25,logistic_regression,0.2,0.7236842105263158,0.8090909090909092,0.75,0.07550335570469802,last_third_by_subject
S1,blend_logistic_regression_rule_0.5,logistic_regression,0.05,0.7171052631578947,0.8170212765957447,0.8486842105263158,0.17418756623101384,last_third_by_subject
S1,blend_logistic_regression_rule_0.75,logistic_regression,0.1,0.7105263157894737,0.811965811965812,0.8421052631578947,0.1676086188625927,last_third_by_subject
S1,model_linear_svc,linear_svc,0.05,0.6973684210526315,0.8083333333333335,0.881578947368421,0.20708230307311903,last_third_by_subject
S1,blend_linear_svc_rule_0.25,linear_svc,0.2,0.7368421052631579,0.8165137614678899,0.7368421052631579,0.06234546096785587,last_third_by_subject
S1,blend_linear_svc_rule_0.5,linear_svc,0.05,0.7039473684210527,0.8178137651821863,0.9276315789473685,0.2531349346520665,last_third_by_subject
S1,blend_linear_svc_rule_0.75,linear_svc,0.05,0.7236842105263158,0.8320000000000001,0.9473684210526315,0.27287177675732954,last_third_by_subject
S1,model_svc_rbf,svc_rbf,0.05,0.6973684210526315,0.8217054263565892,1.0,0.325503355704698,last_third_by_subject
S1,blend_svc_rbf_rule_0.25,svc_rbf,0.05,0.6973684210526315,0.8217054263565892,1.0,0.325503355704698,last_third_by_subject
S1,blend_svc_rbf_rule_0.5,svc_rbf,0.05,0.6973684210526315,0.8217054263565892,1.0,0.325503355704698,last_third_by_subject
S1,blend_svc_rbf_rule_0.75,svc_rbf,0.05,0.6973684210526315,0.8217054263565892,1.0,0.325503355704698,last_third_by_subject
S1,model_random_forest,random_forest,0.3,0.7039473684210527,0.8249027237354086,0.993421052631579,0.318924408336277,last_third_by_subject
S1,blend_random_forest_rule_0.25,random_forest,0.1,0.7302631578947368,0.8298755186721992,0.8881578947368421,0.21366125044154016,last_third_by_subject
S1,blend_random_forest_rule_0.5,random_forest,0.2,0.7302631578947368,0.8298755186721992,0.8881578947368421,0.21366125044154016,last_third_by_subject
S1,blend_random_forest_rule_0.75,random_forest,0.35,0.743421052631579,0.832618025751073,0.8355263157894737,0.1610296714941717,last_third_by_subject
S1,model_extra_trees,extra_trees,0.4,0.7302631578947368,0.831275720164609,0.9013157894736842,0.2268191451783822,last_third_by_subject
S1,blend_extra_trees_rule_0.25,extra_trees,0.1,0.7236842105263158,0.8292682926829268,0.9210526315789473,0.24655598728364536,last_third_by_subject
S1,blend_extra_trees_rule_0.5,extra_trees,0.2,0.7236842105263158,0.8292682926829268,0.9210526315789473,0.24655598728364536,last_third_by_subject
S1,blend_extra_trees_rule_0.75,extra_trees,0.3,0.7236842105263158,0.8292682926829268,0.9210526315789473,0.24655598728364536,last_third_by_subject
S1,model_hist_gradient_boosting,hist_gradient_boosting,0.05,0.6973684210526315,0.8217054263565892,1.0,0.325503355704698,last_third_by_subject
S1,blend_hist_gradient_boosting_rule_0.25,hist_gradient_boosting,0.1,0.7171052631578947,0.8215767634854771,0.8881578947368421,0.21366125044154016,last_third_by_subject
S1,blend_hist_gradient_boosting_rule_0.5,hist_gradient_boosting,0.05,0.6973684210526315,0.8217054263565892,1.0,0.325503355704698,last_third_by_subject
S1,blend_hist_gradient_boosting_rule_0.75,hist_gradient_boosting,0.05,0.6973684210526315,0.8217054263565892,1.0,0.325503355704698,last_third_by_subject
S1,model_mlp,mlp,0.05,0.6447368421052632,0.7545454545454546,0.75,0.07550335570469802,last_third_by_subject
S1,blend_mlp_rule_0.25,mlp,0.1,0.743421052631579,0.8266666666666667,0.7828947368421053,0.10839809254680333,last_third_by_subject
S1,blend_mlp_rule_0.5,mlp,0.2,0.743421052631579,0.8266666666666667,0.7828947368421053,0.10839809254680333,last_third_by_subject
S1,blend_mlp_rule_0.75,mlp,0.25,0.7368421052631579,0.8230088495575221,0.7894736842105263,0.11497703991522434,last_third_by_subject
S1,model_lightgbm,lightgbm,0.05,0.6973684210526315,0.8217054263565892,1.0,0.325503355704698,last_third_by_subject
S1,blend_lightgbm_rule_0.25,lightgbm,0.05,0.6973684210526315,0.8217054263565892,1.0,0.325503355704698,last_third_by_subject
S1,blend_lightgbm_rule_0.5,lightgbm,0.05,0.6973684210526315,0.8217054263565892,1.0,0.325503355704698,last_third_by_subject
S1,blend_lightgbm_rule_0.75,lightgbm,0.4,0.7236842105263158,0.8220338983050848,0.8552631578947368,0.18076651359943485,last_third_by_subject
S1,model_catboost,catboost,0.05,0.6973684210526315,0.8217054263565892,1.0,0.325503355704698,last_third_by_subject
S1,blend_catboost_rule_0.25,catboost,0.05,0.6973684210526315,0.8217054263565892,1.0,0.325503355704698,last_third_by_subject
S1,blend_catboost_rule_0.5,catboost,0.25,0.7236842105263158,0.8250000000000001,0.881578947368421,0.20708230307311903,last_third_by_subject
S1,blend_catboost_rule_0.75,catboost,0.35,0.7236842105263158,0.8292682926829268,0.9210526315789473,0.24655598728364536,last_third_by_subject
S1,meta_rule_extra_trees,extra_trees,0.35,0.7171052631578947,0.8286852589641435,0.9539473684210527,0.27945072412575067,last_third_by_subject
S1,meta_rule_lightgbm,lightgbm,0.05,0.6973684210526315,0.8217054263565892,1.0,0.325503355704698,last_third_by_subject
S1,meta_rule_catboost,catboost,0.5,0.7302631578947368,0.8270042194092826,0.8618421052631579,0.18734546096785587,last_third_by_subject
S1,meta_rule_hist_gradient_boosting,hist_gradient_boosting,0.05,0.6973684210526315,0.8217054263565892,1.0,0.325503355704698,last_third_by_subject
S2,rule_subject_strategy_tuned,rule,0.05,0.6052631578947368,0.7142857142857143,0.756578947368421,0.0921494171670787,last_third_by_subject
S2,model_logistic_regression,logistic_regression,0.1,0.6513157894736842,0.7336683417085427,0.6842105263157895,0.01978099611444717,last_third_by_subject
S2,blend_logistic_regression_rule_0.25,logistic_regression,0.05,0.625,0.7420814479638009,0.8289473684210527,0.16451783821971033,last_third_by_subject
S2,blend_logistic_regression_rule_0.5,logistic_regression,0.05,0.6381578947368421,0.7555555555555555,0.8552631578947368,0.19083362769339451,last_third_by_subject
S2,blend_logistic_regression_rule_0.75,logistic_regression,0.1,0.6447368421052632,0.7589285714285714,0.8486842105263158,0.1842546803249735,last_third_by_subject
S2,model_linear_svc,linear_svc,0.05,0.6118421052631579,0.7354260089686099,0.8421052631578947,0.17767573295655237,last_third_by_subject
S2,blend_linear_svc_rule_0.25,linear_svc,0.05,0.625,0.7488986784140969,0.868421052631579,0.20399152243023666,last_third_by_subject
S2,blend_linear_svc_rule_0.5,linear_svc,0.15,0.6381578947368421,0.7533632286995515,0.8421052631578947,0.17767573295655237,last_third_by_subject
S2,blend_linear_svc_rule_0.75,linear_svc,0.05,0.625,0.7532467532467533,0.8947368421052632,0.23030731190392084,last_third_by_subject
S2,model_svc_rbf,svc_rbf,0.3,0.631578947368421,0.7723577235772359,0.993421052631579,0.32899152243023666,last_third_by_subject
S2,blend_svc_rbf_rule_0.25,svc_rbf,0.1,0.6513157894736842,0.7763713080168777,0.9342105263157895,0.26978099611444717,last_third_by_subject
S2,blend_svc_rbf_rule_0.5,svc_rbf,0.2,0.6513157894736842,0.7763713080168777,0.9342105263157895,0.26978099611444717,last_third_by_subject
S2,blend_svc_rbf_rule_0.75,svc_rbf,0.35,0.6644736842105263,0.7829787234042553,0.9210526315789473,0.256623101377605,last_third_by_subject
S2,model_random_forest,random_forest,0.05,0.625,0.7692307692307693,1.0,0.3355704697986577,last_third_by_subject
S2,blend_random_forest_rule_0.25,random_forest,0.05,0.625,0.7692307692307693,1.0,0.3355704697986577,last_third_by_subject
S2,blend_random_forest_rule_0.5,random_forest,0.05,0.625,0.7692307692307693,1.0,0.3355704697986577,last_third_by_subject
S2,blend_random_forest_rule_0.75,random_forest,0.05,0.625,0.7692307692307693,1.0,0.3355704697986577,last_third_by_subject
S2,model_extra_trees,extra_trees,0.35,0.6513157894736842,0.7705627705627704,0.8947368421052632,0.23030731190392084,last_third_by_subject
S2,blend_extra_trees_rule_0.25,extra_trees,0.1,0.6513157894736842,0.7705627705627704,0.8947368421052632,0.23030731190392084,last_third_by_subject
S2,blend_extra_trees_rule_0.5,extra_trees,0.2,0.6513157894736842,0.7705627705627704,0.8947368421052632,0.23030731190392084,last_third_by_subject
S2,blend_extra_trees_rule_0.75,extra_trees,0.3,0.6513157894736842,0.7705627705627704,0.8947368421052632,0.23030731190392084,last_third_by_subject
S2,model_hist_gradient_boosting,hist_gradient_boosting,0.05,0.625,0.7692307692307693,1.0,0.3355704697986577,last_third_by_subject
S2,blend_hist_gradient_boosting_rule_0.25,hist_gradient_boosting,0.05,0.625,0.7634854771784232,0.9605263157894737,0.29609678558813135,last_third_by_subject
S2,blend_hist_gradient_boosting_rule_0.5,hist_gradient_boosting,0.05,0.618421052631579,0.7642276422764227,0.993421052631579,0.32899152243023666,last_third_by_subject
S2,blend_hist_gradient_boosting_rule_0.75,hist_gradient_boosting,0.05,0.625,0.7692307692307693,1.0,0.3355704697986577,last_third_by_subject
S2,model_mlp,mlp,0.05,0.6578947368421053,0.7570093457943926,0.7828947368421053,0.11846520664076299,last_third_by_subject
S2,blend_mlp_rule_0.25,mlp,0.05,0.6381578947368421,0.7533632286995515,0.8421052631578947,0.17767573295655237,last_third_by_subject
S2,blend_mlp_rule_0.5,mlp,0.15,0.6447368421052632,0.7567567567567567,0.8355263157894737,0.17109678558813135,last_third_by_subject
S2,blend_mlp_rule_0.75,mlp,0.05,0.6381578947368421,0.7577092511013216,0.868421052631579,0.20399152243023666,last_third_by_subject
S2,model_lightgbm,lightgbm,0.05,0.625,0.7692307692307693,1.0,0.3355704697986577,last_third_by_subject
S2,blend_lightgbm_rule_0.25,lightgbm,0.05,0.625,0.7692307692307693,1.0,0.3355704697986577,last_third_by_subject
S2,blend_lightgbm_rule_0.5,lightgbm,0.05,0.625,0.7692307692307693,1.0,0.3355704697986577,last_third_by_subject
S2,blend_lightgbm_rule_0.75,lightgbm,0.05,0.625,0.7692307692307693,1.0,0.3355704697986577,last_third_by_subject
S2,model_catboost,catboost,0.05,0.625,0.7692307692307693,1.0,0.3355704697986577,last_third_by_subject
S2,blend_catboost_rule_0.25,catboost,0.05,0.625,0.7692307692307693,1.0,0.3355704697986577,last_third_by_subject
S2,blend_catboost_rule_0.5,catboost,0.25,0.6513157894736842,0.7705627705627704,0.8947368421052632,0.23030731190392084,last_third_by_subject
S2,blend_catboost_rule_0.75,catboost,0.05,0.625,0.7692307692307693,1.0,0.3355704697986577,last_third_by_subject
S2,meta_rule_extra_trees,extra_trees,0.05,0.625,0.7692307692307693,1.0,0.3355704697986577,last_third_by_subject
S2,meta_rule_lightgbm,lightgbm,0.05,0.625,0.7692307692307693,1.0,0.3355704697986577,last_third_by_subject
S2,meta_rule_catboost,catboost,0.3,0.6381578947368421,0.7755102040816326,0.9868421052631579,0.32241257506181553,last_third_by_subject
S2,meta_rule_hist_gradient_boosting,hist_gradient_boosting,0.05,0.625,0.7692307692307693,1.0,0.3355704697986577,last_third_by_subject
S3,rule_subject_strategy_tuned,rule,0.05,0.6447368421052632,0.7522935779816514,0.7894736842105263,0.11833274461321086,last_third_by_subject
S3,model_logistic_regression,logistic_regression,0.05,0.6447368421052632,0.7300000000000001,0.6710526315789473,8.830801836812174e-05,last_third_by_subject
S3,blend_logistic_regression_rule_0.25,logistic_regression,0.05,0.6644736842105263,0.7772925764192139,0.8618421052631579,0.1907011656658424,last_third_by_subject
S3,blend_logistic_regression_rule_0.5,logistic_regression,0.05,0.6644736842105263,0.7792207792207791,0.875,0.20385906040268453,last_third_by_subject
S3,blend_logistic_regression_rule_0.75,logistic_regression,0.05,0.6710526315789473,0.7844827586206897,0.881578947368421,0.21043800777110555,last_third_by_subject
S3,model_linear_svc,linear_svc,0.05,0.6710526315789473,0.7767857142857142,0.8289473684210527,0.1578064288237372,last_third_by_subject
S3,blend_linear_svc_rule_0.25,linear_svc,0.05,0.6710526315789473,0.7844827586206897,0.881578947368421,0.21043800777110555,last_third_by_subject
S3,blend_linear_svc_rule_0.5,linear_svc,0.05,0.6776315789473685,0.7896995708154506,0.8881578947368421,0.21701695513952668,last_third_by_subject
S3,blend_linear_svc_rule_0.75,linear_svc,0.05,0.6776315789473685,0.7932489451476794,0.9144736842105263,0.24333274461321086,last_third_by_subject
S3,model_svc_rbf,svc_rbf,0.3,0.6710526315789473,0.7916666666666666,0.9342105263157895,0.263069586718474,last_third_by_subject
S3,blend_svc_rbf_rule_0.25,svc_rbf,0.1,0.6710526315789473,0.793388429752066,0.9473684210526315,0.27622748145531606,last_third_by_subject
S3,blend_svc_rbf_rule_0.5,svc_rbf,0.2,0.6710526315789473,0.793388429752066,0.9473684210526315,0.27622748145531606,last_third_by_subject
S3,blend_svc_rbf_rule_0.75,svc_rbf,0.25,0.6710526315789473,0.7967479674796748,0.9736842105263158,0.30254327092900035,last_third_by_subject
S3,model_random_forest,random_forest,0.3,0.6578947368421053,0.7903225806451613,0.9868421052631579,0.3157011656658424,last_third_by_subject
S3,blend_random_forest_rule_0.25,random_forest,0.1,0.6776315789473685,0.7949790794979079,0.9276315789473685,0.256490639350053,last_third_by_subject
S3,blend_random_forest_rule_0.5,random_forest,0.2,0.6776315789473685,0.7949790794979079,0.9276315789473685,0.256490639350053,last_third_by_subject
S3,blend_random_forest_rule_0.75,random_forest,0.35,0.6973684210526315,0.8050847457627118,0.9078947368421053,0.23675379724478984,last_third_by_subject
S3,model_extra_trees,extra_trees,0.4,0.6973684210526315,0.8000000000000002,0.868421052631579,0.19728011303426352,last_third_by_subject
S3,blend_extra_trees_rule_0.25,extra_trees,0.1,0.6907894736842105,0.80168776371308,0.9144736842105263,0.24333274461321086,last_third_by_subject
S3,blend_extra_trees_rule_0.5,extra_trees,0.2,0.6907894736842105,0.80168776371308,0.9144736842105263,0.24333274461321086,last_third_by_subject
S3,blend_extra_trees_rule_0.75,extra_trees,0.3,0.6907894736842105,0.80168776371308,0.9144736842105263,0.24333274461321086,last_third_by_subject
S3,model_hist_gradient_boosting,hist_gradient_boosting,0.15,0.6644736842105263,0.7935222672064777,0.9802631578947368,0.30912221829742137,last_third_by_subject
S3,blend_hist_gradient_boosting_rule_0.25,hist_gradient_boosting,0.1,0.6776315789473685,0.7914893617021277,0.9013157894736842,0.23017484987636871,last_third_by_subject
S3,blend_hist_gradient_boosting_rule_0.5,hist_gradient_boosting,0.15,0.6842105263157895,0.7983193277310924,0.9210526315789473,0.24991169198163188,last_third_by_subject
S3,blend_hist_gradient_boosting_rule_0.75,hist_gradient_boosting,0.25,0.6842105263157895,0.7983193277310924,0.9210526315789473,0.24991169198163188,last_third_by_subject
S3,model_mlp,mlp,0.05,0.6710526315789473,0.7663551401869159,0.7631578947368421,0.09201695513952668,last_third_by_subject
S3,blend_mlp_rule_0.25,mlp,0.05,0.6578947368421053,0.7739130434782607,0.868421052631579,0.19728011303426352,last_third_by_subject
S3,blend_mlp_rule_0.5,mlp,0.05,0.6710526315789473,0.7844827586206897,0.881578947368421,0.21043800777110555,last_third_by_subject
S3,blend_mlp_rule_0.75,mlp,0.05,0.6776315789473685,0.7896995708154506,0.8881578947368421,0.21701695513952668,last_third_by_subject
S3,model_lightgbm,lightgbm,0.35,0.6907894736842105,0.80168776371308,0.9144736842105263,0.24333274461321086,last_third_by_subject
S3,blend_lightgbm_rule_0.25,lightgbm,0.1,0.6907894736842105,0.80168776371308,0.9144736842105263,0.24333274461321086,last_third_by_subject
S3,blend_lightgbm_rule_0.5,lightgbm,0.2,0.6907894736842105,0.80168776371308,0.9144736842105263,0.24333274461321086,last_third_by_subject
S3,blend_lightgbm_rule_0.75,lightgbm,0.3,0.6907894736842105,0.80168776371308,0.9144736842105263,0.24333274461321086,last_third_by_subject
S3,model_catboost,catboost,0.45,0.6973684210526315,0.8050847457627118,0.9078947368421053,0.23675379724478984,last_third_by_subject
S3,blend_catboost_rule_0.25,catboost,0.15,0.6842105263157895,0.7931034482758622,0.881578947368421,0.21043800777110555,last_third_by_subject
S3,blend_catboost_rule_0.5,catboost,0.25,0.6907894736842105,0.80168776371308,0.9144736842105263,0.24333274461321086,last_third_by_subject
S3,blend_catboost_rule_0.75,catboost,0.35,0.6842105263157895,0.7983193277310924,0.9210526315789473,0.24991169198163188,last_third_by_subject
S3,meta_rule_extra_trees,extra_trees,0.4,0.7039473684210527,0.8051948051948052,0.875,0.20385906040268453,last_third_by_subject
S3,meta_rule_lightgbm,lightgbm,0.4,0.6973684210526315,0.8034188034188035,0.8947368421052632,0.2235959025079477,last_third_by_subject
S3,meta_rule_catboost,catboost,0.45,0.6973684210526315,0.8050847457627118,0.9078947368421053,0.23675379724478984,last_third_by_subject
S3,meta_rule_hist_gradient_boosting,hist_gradient_boosting,0.15,0.6644736842105263,0.7935222672064777,0.9802631578947368,0.30912221829742137,last_third_by_subject
S4,rule_subject_strategy_tuned,rule,0.05,0.6578947368421053,0.7173913043478262,0.6776315789473685,0.10380607559166377,last_third_by_subject
S4,model_logistic_regression,logistic_regression,0.05,0.5526315789473685,0.6458333333333333,0.7302631578947368,0.15643765453903213,last_third_by_subject
S4,blend_logistic_regression_rule_0.25,logistic_regression,0.25,0.6578947368421053,0.7173913043478262,0.6776315789473685,0.10380607559166377,last_third_by_subject
S4,blend_logistic_regression_rule_0.5,logistic_regression,0.5,0.6578947368421053,0.7173913043478262,0.6776315789473685,0.10380607559166377,last_third_by_subject
S4,blend_logistic_regression_rule_0.75,logistic_regression,0.15,0.618421052631579,0.7070707070707071,0.7697368421052632,0.19591133874955846,last_third_by_subject
S4,model_linear_svc,linear_svc,0.05,0.5,0.6513761467889909,0.9013157894736842,0.3274902861179795,last_third_by_subject
S4,blend_linear_svc_rule_0.25,linear_svc,0.25,0.6578947368421053,0.7173913043478262,0.6776315789473685,0.10380607559166377,last_third_by_subject
S4,blend_linear_svc_rule_0.5,linear_svc,0.45,0.6710526315789473,0.7311827956989247,0.6907894736842105,0.1169639703285058,last_third_by_subject
S4,blend_linear_svc_rule_0.75,linear_svc,0.2,0.6118421052631579,0.70935960591133,0.8026315789473685,0.22880607559166377,last_third_by_subject
S4,model_svc_rbf,svc_rbf,0.35,0.5460526315789473,0.6960352422907489,0.9605263157894737,0.38670081243376897,last_third_by_subject
S4,blend_svc_rbf_rule_0.25,svc_rbf,0.15,0.6513157894736842,0.7253886010362695,0.7368421052631579,0.16301660190745315,last_third_by_subject
S4,blend_svc_rbf_rule_0.5,svc_rbf,0.3,0.6513157894736842,0.7253886010362695,0.7368421052631579,0.16301660190745315,last_third_by_subject
S4,blend_svc_rbf_rule_0.75,svc_rbf,0.45,0.6513157894736842,0.7253886010362695,0.7368421052631579,0.16301660190745315,last_third_by_subject
S4,model_random_forest,random_forest,0.05,0.5328947368421053,0.6952789699570816,1.0,0.4261744966442953,last_third_by_subject
S4,blend_random_forest_rule_0.25,random_forest,0.2,0.6578947368421053,0.7173913043478262,0.6776315789473685,0.10380607559166377,last_third_by_subject
S4,blend_random_forest_rule_0.5,random_forest,0.35,0.6578947368421053,0.7173913043478262,0.6776315789473685,0.10380607559166377,last_third_by_subject
S4,blend_random_forest_rule_0.75,random_forest,0.3,0.5921052631578947,0.7075471698113207,0.8618421052631579,0.28801660190745315,last_third_by_subject
S4,model_extra_trees,extra_trees,0.3,0.5526315789473685,0.7043478260869566,0.9802631578947368,0.40643765453903213,last_third_by_subject
S4,blend_extra_trees_rule_0.25,extra_trees,0.2,0.6578947368421053,0.7173913043478262,0.6776315789473685,0.10380607559166377,last_third_by_subject
S4,blend_extra_trees_rule_0.5,extra_trees,0.35,0.6578947368421053,0.7173913043478262,0.6776315789473685,0.10380607559166377,last_third_by_subject
S4,blend_extra_trees_rule_0.75,extra_trees,0.25,0.5592105263157895,0.7074235807860261,0.9736842105263158,0.3998587071706111,last_third_by_subject
S4,model_hist_gradient_boosting,hist_gradient_boosting,0.1,0.5394736842105263,0.6982758620689655,0.993421052631579,0.4195955492758743,last_third_by_subject
S4,blend_hist_gradient_boosting_rule_0.25,hist_gradient_boosting,0.25,0.6578947368421053,0.7173913043478262,0.6776315789473685,0.10380607559166377,last_third_by_subject
S4,blend_hist_gradient_boosting_rule_0.5,hist_gradient_boosting,0.5,0.6578947368421053,0.7173913043478262,0.6776315789473685,0.10380607559166377,last_third_by_subject
S4,blend_hist_gradient_boosting_rule_0.75,hist_gradient_boosting,0.05,0.5328947368421053,0.6952789699570816,1.0,0.4261744966442953,last_third_by_subject
S4,model_mlp,mlp,0.05,0.5592105263157895,0.6633165829145728,0.7763157894736842,0.20249028611797948,last_third_by_subject
S4,blend_mlp_rule_0.25,mlp,0.25,0.6578947368421053,0.7173913043478262,0.6776315789473685,0.10380607559166377,last_third_by_subject
S4,blend_mlp_rule_0.5,mlp,0.45,0.6381578947368421,0.7179487179487181,0.75,0.1761744966442953,last_third_by_subject
S4,blend_mlp_rule_0.75,mlp,0.2,0.5986842105263158,0.702439024390244,0.8157894736842105,0.2419639703285058,last_third_by_subject
S4,model_lightgbm,lightgbm,0.05,0.5328947368421053,0.6952789699570816,1.0,0.4261744966442953,last_third_by_subject
S4,blend_lightgbm_rule_0.25,lightgbm,0.15,0.6513157894736842,0.7225130890052356,0.7236842105263158,0.14985870717061112,last_third_by_subject
S4,blend_lightgbm_rule_0.5,lightgbm,0.3,0.6513157894736842,0.7225130890052356,0.7236842105263158,0.14985870717061112,last_third_by_subject
S4,blend_lightgbm_rule_0.75,lightgbm,0.4,0.631578947368421,0.7142857142857143,0.756578947368421,0.18275344401271632,last_third_by_subject
S4,model_catboost,catboost,0.05,0.5328947368421053,0.6952789699570816,1.0,0.4261744966442953,last_third_by_subject
S4,blend_catboost_rule_0.25,catboost,0.2,0.6578947368421053,0.7173913043478262,0.6776315789473685,0.10380607559166377,last_third_by_subject
S4,blend_catboost_rule_0.5,catboost,0.35,0.6578947368421053,0.7173913043478262,0.6776315789473685,0.10380607559166377,last_third_by_subject
S4,blend_catboost_rule_0.75,catboost,0.6,0.6710526315789473,0.7126436781609194,0.6118421052631579,0.03801660190745315,last_third_by_subject
S4,meta_rule_extra_trees,extra_trees,0.35,0.5592105263157895,0.6995515695067265,0.9342105263157895,0.3603850229600848,last_third_by_subject
S4,meta_rule_lightgbm,lightgbm,0.05,0.5328947368421053,0.6952789699570816,1.0,0.4261744966442953,last_third_by_subject
S4,meta_rule_catboost,catboost,0.35,0.5394736842105263,0.6982758620689655,0.993421052631579,0.4195955492758743,last_third_by_subject
S4,meta_rule_hist_gradient_boosting,hist_gradient_boosting,0.1,0.5394736842105263,0.6982758620689655,0.993421052631579,0.4195955492758743,last_third_by_subject
Q1,rule_subject_strategy_tuned,rule,0.05,0.5368421052631579,0.576923076923077,0.5263157894736842,0.05025945144551519,last_fifth_by_subject
Q1,model_logistic_regression,logistic_regression,0.05,0.49473684210526314,0.619047619047619,0.7578947368421053,0.2818383988139363,last_fifth_by_subject
Q1,blend_logistic_regression_rule_0.25,logistic_regression,0.05,0.5263157894736842,0.6616541353383458,0.8315789473684211,0.3555226093402521,last_fifth_by_subject
Q1,blend_logistic_regression_rule_0.5,logistic_regression,0.05,0.5157894736842106,0.6617647058823529,0.8631578947368421,0.38710155670867313,last_fifth_by_subject
Q1,blend_logistic_regression_rule_0.75,logistic_regression,0.1,0.5157894736842106,0.6617647058823529,0.8631578947368421,0.38710155670867313,last_fifth_by_subject
Q1,model_linear_svc,linear_svc,0.05,0.5263157894736842,0.6762589928057553,0.8947368421052632,0.4186805040770942,last_fifth_by_subject
Q1,blend_linear_svc_rule_0.25,linear_svc,0.05,0.5052631578947369,0.6518518518518519,0.8526315789473684,0.3765752409191994,last_fifth_by_subject
Q1,blend_linear_svc_rule_0.5,linear_svc,0.05,0.5263157894736842,0.6808510638297872,0.9157894736842105,0.4397331356560415,last_fifth_by_subject
Q1,blend_linear_svc_rule_0.75,linear_svc,0.05,0.5263157894736842,0.6853146853146853,0.9368421052631579,0.46078576723498893,last_fifth_by_subject
Q1,model_svc_rbf,svc_rbf,0.25,0.5894736842105263,0.7346938775510204,0.9789473684210527,0.5028910303928837,last_fifth_by_subject
Q1,blend_svc_rbf_rule_0.25,svc_rbf,0.05,0.5684210526315789,0.7248322147651006,1.0,0.523943661971831,last_fifth_by_subject
Q1,blend_svc_rbf_rule_0.5,svc_rbf,0.15,0.5789473684210527,0.7260273972602741,0.968421052631579,0.49236471460340997,last_fifth_by_subject
Q1,blend_svc_rbf_rule_0.75,svc_rbf,0.2,0.5789473684210527,0.7260273972602741,0.968421052631579,0.49236471460340997,last_fifth_by_subject
Q1,model_random_forest,random_forest,0.05,0.5684210526315789,0.7248322147651006,1.0,0.523943661971831,last_fifth_by_subject
Q1,blend_random_forest_rule_0.25,random_forest,0.05,0.5684210526315789,0.7248322147651006,1.0,0.523943661971831,last_fifth_by_subject
Q1,blend_random_forest_rule_0.5,random_forest,0.05,0.5684210526315789,0.7248322147651006,1.0,0.523943661971831,last_fifth_by_subject
Q1,blend_random_forest_rule_0.75,random_forest,0.05,0.5684210526315789,0.7248322147651006,1.0,0.523943661971831,last_fifth_by_subject
Q1,model_extra_trees,extra_trees,0.35,0.5894736842105263,0.7310344827586207,0.9578947368421052,0.48183839881393625,last_fifth_by_subject
Q1,blend_extra_trees_rule_0.25,extra_trees,0.05,0.5684210526315789,0.7248322147651006,1.0,0.523943661971831,last_fifth_by_subject
Q1,blend_extra_trees_rule_0.5,extra_trees,0.15,0.5789473684210527,0.7297297297297298,0.9894736842105263,0.5134173461823572,last_fifth_by_subject
Q1,blend_extra_trees_rule_0.75,extra_trees,0.05,0.5684210526315789,0.7248322147651006,1.0,0.523943661971831,last_fifth_by_subject
Q1,model_hist_gradient_boosting,hist_gradient_boosting,0.05,0.5684210526315789,0.7248322147651006,1.0,0.523943661971831,last_fifth_by_subject
Q1,blend_hist_gradient_boosting_rule_0.25,hist_gradient_boosting,0.05,0.5473684210526316,0.6950354609929078,0.9157894736842105,0.4397331356560415,last_fifth_by_subject
Q1,blend_hist_gradient_boosting_rule_0.5,hist_gradient_boosting,0.05,0.5684210526315789,0.7248322147651006,1.0,0.523943661971831,last_fifth_by_subject
Q1,blend_hist_gradient_boosting_rule_0.75,hist_gradient_boosting,0.05,0.5684210526315789,0.7248322147651006,1.0,0.523943661971831,last_fifth_by_subject
Q1,model_mlp,mlp,0.05,0.4842105263157895,0.6141732283464567,0.7684210526315789,0.2923647146034099,last_fifth_by_subject
Q1,blend_mlp_rule_0.25,mlp,0.05,0.4842105263157895,0.6201550387596898,0.7894736842105263,0.31341734618235734,last_fifth_by_subject
Q1,blend_mlp_rule_0.5,mlp,0.1,0.4842105263157895,0.6201550387596898,0.7894736842105263,0.31341734618235734,last_fifth_by_subject
Q1,blend_mlp_rule_0.75,mlp,0.05,0.5052631578947369,0.6466165413533835,0.8315789473684211,0.3555226093402521,last_fifth_by_subject
Q1,model_lightgbm,lightgbm,0.05,0.5684210526315789,0.7248322147651006,1.0,0.523943661971831,last_fifth_by_subject
Q1,blend_lightgbm_rule_0.25,lightgbm,0.05,0.5684210526315789,0.7248322147651006,1.0,0.523943661971831,last_fifth_by_subject
Q1,blend_lightgbm_rule_0.5,lightgbm,0.05,0.5684210526315789,0.7248322147651006,1.0,0.523943661971831,last_fifth_by_subject
Q1,blend_lightgbm_rule_0.75,lightgbm,0.05,0.5684210526315789,0.7248322147651006,1.0,0.523943661971831,last_fifth_by_subject
Q1,model_catboost,catboost,0.05,0.5684210526315789,0.7248322147651006,1.0,0.523943661971831,last_fifth_by_subject
Q1,blend_catboost_rule_0.25,catboost,0.05,0.5684210526315789,0.7248322147651006,1.0,0.523943661971831,last_fifth_by_subject
Q1,blend_catboost_rule_0.5,catboost,0.05,0.5684210526315789,0.7248322147651006,1.0,0.523943661971831,last_fifth_by_subject
Q1,blend_catboost_rule_0.75,catboost,0.05,0.5684210526315789,0.7248322147651006,1.0,0.523943661971831,last_fifth_by_subject
Q1,meta_rule_extra_trees,extra_trees,0.35,0.5894736842105263,0.7310344827586207,0.9578947368421052,0.48183839881393625,last_fifth_by_subject
Q1,meta_rule_lightgbm,lightgbm,0.05,0.5684210526315789,0.7248322147651006,1.0,0.523943661971831,last_fifth_by_subject
Q1,meta_rule_catboost,catboost,0.05,0.5684210526315789,0.7248322147651006,1.0,0.523943661971831,last_fifth_by_subject
Q1,meta_rule_hist_gradient_boosting,hist_gradient_boosting,0.05,0.5684210526315789,0.7248322147651006,1.0,0.523943661971831,last_fifth_by_subject
Q2,rule_subject_strategy_tuned,rule,0.05,0.6210526315789474,0.71875,0.6736842105263158,0.14128984432913272,last_fifth_by_subject
Q2,model_logistic_regression,logistic_regression,0.1,0.6526315789473685,0.7591240875912408,0.7684210526315789,0.23602668643439584,last_fifth_by_subject
Q2,blend_logistic_regression_rule_0.25,logistic_regression,0.05,0.6421052631578947,0.7702702702702703,0.8842105263157894,0.3518161601186064,last_fifth_by_subject
Q2,blend_logistic_regression_rule_0.5,logistic_regression,0.05,0.6631578947368421,0.7866666666666667,0.9052631578947369,0.3728687916975538,last_fifth_by_subject
Q2,blend_logistic_regression_rule_0.75,logistic_regression,0.05,0.6631578947368421,0.7894736842105263,0.9263157894736842,0.39392142327650115,last_fifth_by_subject
Q2,model_linear_svc,linear_svc,0.05,0.6842105263157895,0.8000000000000002,0.9052631578947369,0.3728687916975538,last_fifth_by_subject
Q2,blend_linear_svc_rule_0.25,linear_svc,0.05,0.6631578947368421,0.7922077922077922,0.9473684210526315,0.41497405485544847,last_fifth_by_subject
Q2,blend_linear_svc_rule_0.5,linear_svc,0.05,0.6631578947368421,0.7922077922077922,0.9473684210526315,0.41497405485544847,last_fifth_by_subject
Q2,blend_linear_svc_rule_0.75,linear_svc,0.05,0.6736842105263158,0.7999999999999999,0.9578947368421052,0.4255003706449222,last_fifth_by_subject
Q2,model_svc_rbf,svc_rbf,0.05,0.6736842105263158,0.8050314465408805,1.0,0.46760563380281694,last_fifth_by_subject
Q2,blend_svc_rbf_rule_0.25,svc_rbf,0.05,0.6736842105263158,0.8050314465408805,1.0,0.46760563380281694,last_fifth_by_subject
Q2,blend_svc_rbf_rule_0.5,svc_rbf,0.05,0.6736842105263158,0.8050314465408805,1.0,0.46760563380281694,last_fifth_by_subject
Q2,blend_svc_rbf_rule_0.75,svc_rbf,0.2,0.6842105263157895,0.810126582278481,0.9894736842105263,0.4570793180133432,last_fifth_by_subject
Q2,model_random_forest,random_forest,0.05,0.6736842105263158,0.8050314465408805,1.0,0.46760563380281694,last_fifth_by_subject
Q2,blend_random_forest_rule_0.25,random_forest,0.05,0.6736842105263158,0.8050314465408805,1.0,0.46760563380281694,last_fifth_by_subject
Q2,blend_random_forest_rule_0.5,random_forest,0.05,0.6736842105263158,0.8050314465408805,1.0,0.46760563380281694,last_fifth_by_subject
Q2,blend_random_forest_rule_0.75,random_forest,0.05,0.6736842105263158,0.8050314465408805,1.0,0.46760563380281694,last_fifth_by_subject
Q2,model_extra_trees,extra_trees,0.3,0.6842105263157895,0.810126582278481,0.9894736842105263,0.4570793180133432,last_fifth_by_subject
Q2,blend_extra_trees_rule_0.25,extra_trees,0.1,0.6947368421052632,0.8104575163398694,0.9368421052631579,0.40444773906597487,last_fifth_by_subject
Q2,blend_extra_trees_rule_0.5,extra_trees,0.2,0.6947368421052632,0.8104575163398694,0.9368421052631579,0.40444773906597487,last_fifth_by_subject
Q2,blend_extra_trees_rule_0.75,extra_trees,0.3,0.6947368421052632,0.8104575163398694,0.9368421052631579,0.40444773906597487,last_fifth_by_subject
Q2,model_hist_gradient_boosting,hist_gradient_boosting,0.15,0.6842105263157895,0.810126582278481,0.9894736842105263,0.4570793180133432,last_fifth_by_subject
Q2,blend_hist_gradient_boosting_rule_0.25,hist_gradient_boosting,0.05,0.6736842105263158,0.8050314465408805,1.0,0.46760563380281694,last_fifth_by_subject
Q2,blend_hist_gradient_boosting_rule_0.5,hist_gradient_boosting,0.05,0.6736842105263158,0.8050314465408805,1.0,0.46760563380281694,last_fifth_by_subject
Q2,blend_hist_gradient_boosting_rule_0.75,hist_gradient_boosting,0.05,0.6736842105263158,0.8050314465408805,1.0,0.46760563380281694,last_fifth_by_subject
Q2,model_mlp,mlp,0.1,0.6842105263157895,0.7794117647058824,0.7578947368421053,0.22550037064492223,last_fifth_by_subject
Q2,blend_mlp_rule_0.25,mlp,0.05,0.6631578947368421,0.7808219178082191,0.8631578947368421,0.33076352853965907,last_fifth_by_subject
Q2,blend_mlp_rule_0.5,mlp,0.05,0.6842105263157895,0.7972972972972973,0.8842105263157894,0.3518161601186064,last_fifth_by_subject
Q2,blend_mlp_rule_0.75,mlp,0.05,0.6842105263157895,0.8000000000000002,0.9052631578947369,0.3728687916975538,last_fifth_by_subject
Q2,model_lightgbm,lightgbm,0.05,0.6736842105263158,0.8050314465408805,1.0,0.46760563380281694,last_fifth_by_subject
Q2,blend_lightgbm_rule_0.25,lightgbm,0.05,0.6736842105263158,0.8050314465408805,1.0,0.46760563380281694,last_fifth_by_subject
Q2,blend_lightgbm_rule_0.5,lightgbm,0.05,0.6736842105263158,0.8050314465408805,1.0,0.46760563380281694,last_fifth_by_subject
Q2,blend_lightgbm_rule_0.75,lightgbm,0.2,0.6842105263157895,0.810126582278481,0.9894736842105263,0.4570793180133432,last_fifth_by_subject
Q2,model_catboost,catboost,0.25,0.6842105263157895,0.810126582278481,0.9894736842105263,0.4570793180133432,last_fifth_by_subject
Q2,blend_catboost_rule_0.25,catboost,0.1,0.6842105263157895,0.8076923076923077,0.968421052631579,0.4360266864343959,last_fifth_by_subject
Q2,blend_catboost_rule_0.5,catboost,0.2,0.6842105263157895,0.8076923076923077,0.968421052631579,0.4360266864343959,last_fifth_by_subject
Q2,blend_catboost_rule_0.75,catboost,0.2,0.6842105263157895,0.810126582278481,0.9894736842105263,0.4570793180133432,last_fifth_by_subject
Q2,meta_rule_extra_trees,extra_trees,0.35,0.6947368421052632,0.8129032258064516,0.9578947368421052,0.4255003706449222,last_fifth_by_subject
Q2,meta_rule_lightgbm,lightgbm,0.25,0.6947368421052632,0.8129032258064516,0.9578947368421052,0.4255003706449222,last_fifth_by_subject
Q2,meta_rule_catboost,catboost,0.3,0.6842105263157895,0.810126582278481,0.9894736842105263,0.4570793180133432,last_fifth_by_subject
Q2,meta_rule_hist_gradient_boosting,hist_gradient_boosting,0.15,0.6842105263157895,0.810126582278481,0.9894736842105263,0.4570793180133432,last_fifth_by_subject
Q3,rule_subject_strategy_tuned,rule,0.05,0.6526315789473685,0.7441860465116278,0.7157894736842105,0.12705707931801336,last_fifth_by_subject
Q3,model_logistic_regression,logistic_regression,0.1,0.6736842105263158,0.7769784172661871,0.8210526315789474,0.2323202372127502,last_fifth_by_subject
Q3,blend_logistic_regression_rule_0.25,logistic_regression,0.05,0.7052631578947368,0.8133333333333332,0.9368421052631579,0.34810971089696074,last_fifth_by_subject
Q3,blend_logistic_regression_rule_0.5,logistic_regression,0.05,0.7052631578947368,0.8133333333333332,0.9368421052631579,0.34810971089696074,last_fifth_by_subject
Q3,blend_logistic_regression_rule_0.75,logistic_regression,0.2,0.7157894736842105,0.8187919463087248,0.9263157894736842,0.337583395107487,last_fifth_by_subject
Q3,model_linear_svc,linear_svc,0.15,0.6842105263157895,0.7887323943661971,0.8526315789473684,0.26389918458117123,last_fifth_by_subject
Q3,blend_linear_svc_rule_0.25,linear_svc,0.05,0.6947368421052632,0.8079470198675497,0.9473684210526315,0.35863602668643435,last_fifth_by_subject
Q3,blend_linear_svc_rule_0.5,linear_svc,0.15,0.7052631578947368,0.8133333333333332,0.9368421052631579,0.34810971089696074,last_fifth_by_subject
Q3,blend_linear_svc_rule_0.75,linear_svc,0.2,0.7052631578947368,0.8133333333333332,0.9368421052631579,0.34810971089696074,last_fifth_by_subject
Q3,model_svc_rbf,svc_rbf,0.4,0.6736842105263158,0.7947019867549668,0.9473684210526315,0.35863602668643435,last_fifth_by_subject
Q3,blend_svc_rbf_rule_0.25,svc_rbf,0.1,0.6736842105263158,0.7947019867549668,0.9473684210526315,0.35863602668643435,last_fifth_by_subject
Q3,blend_svc_rbf_rule_0.5,svc_rbf,0.2,0.6736842105263158,0.7947019867549668,0.9473684210526315,0.35863602668643435,last_fifth_by_subject
Q3,blend_svc_rbf_rule_0.75,svc_rbf,0.3,0.6736842105263158,0.7947019867549668,0.9473684210526315,0.35863602668643435,last_fifth_by_subject
Q3,model_random_forest,random_forest,0.3,0.6631578947368421,0.7922077922077922,0.9789473684210527,0.3902149740548555,last_fifth_by_subject
Q3,blend_random_forest_rule_0.25,random_forest,0.1,0.6631578947368421,0.7894736842105262,0.9578947368421052,0.36916234247590807,last_fifth_by_subject
Q3,blend_random_forest_rule_0.5,random_forest,0.15,0.6631578947368421,0.7922077922077922,0.9789473684210527,0.3902149740548555,last_fifth_by_subject
Q3,blend_random_forest_rule_0.75,random_forest,0.25,0.6631578947368421,0.7922077922077922,0.9789473684210527,0.3902149740548555,last_fifth_by_subject
Q3,model_extra_trees,extra_trees,0.25,0.6526315789473685,0.7870967741935483,0.9894736842105263,0.4007412898443291,last_fifth_by_subject
Q3,blend_extra_trees_rule_0.25,extra_trees,0.05,0.6421052631578947,0.782051282051282,1.0,0.4112676056338028,last_fifth_by_subject
Q3,blend_extra_trees_rule_0.5,extra_trees,0.15,0.6526315789473685,0.7870967741935483,0.9894736842105263,0.4007412898443291,last_fifth_by_subject
Q3,blend_extra_trees_rule_0.75,extra_trees,0.25,0.6631578947368421,0.7922077922077922,0.9789473684210527,0.3902149740548555,last_fifth_by_subject
Q3,model_hist_gradient_boosting,hist_gradient_boosting,0.3,0.6842105263157895,0.8026315789473685,0.9578947368421052,0.36916234247590807,last_fifth_by_subject
Q3,blend_hist_gradient_boosting_rule_0.25,hist_gradient_boosting,0.05,0.6631578947368421,0.7922077922077922,0.9789473684210527,0.3902149740548555,last_fifth_by_subject
Q3,blend_hist_gradient_boosting_rule_0.5,hist_gradient_boosting,0.1,0.6631578947368421,0.7922077922077922,0.9789473684210527,0.3902149740548555,last_fifth_by_subject
Q3,blend_hist_gradient_boosting_rule_0.75,hist_gradient_boosting,0.15,0.6631578947368421,0.7922077922077922,0.9789473684210527,0.3902149740548555,last_fifth_by_subject
Q3,model_mlp,mlp,0.15,0.7052631578947368,0.8082191780821918,0.8947368421052632,0.306004447739066,last_fifth_by_subject
Q3,blend_mlp_rule_0.25,mlp,0.05,0.7052631578947368,0.8108108108108109,0.9157894736842105,0.3270570793180133,last_fifth_by_subject
Q3,blend_mlp_rule_0.5,mlp,0.1,0.7052631578947368,0.8108108108108109,0.9157894736842105,0.3270570793180133,last_fifth_by_subject
Q3,blend_mlp_rule_0.75,mlp,0.15,0.7052631578947368,0.8108108108108109,0.9157894736842105,0.3270570793180133,last_fifth_by_subject
Q3,model_lightgbm,lightgbm,0.3,0.6526315789473685,0.7870967741935483,0.9894736842105263,0.4007412898443291,last_fifth_by_subject
Q3,blend_lightgbm_rule_0.25,lightgbm,0.1,0.6526315789473685,0.7843137254901961,0.968421052631579,0.3796886582653818,last_fifth_by_subject
Q3,blend_lightgbm_rule_0.5,lightgbm,0.2,0.6526315789473685,0.7843137254901961,0.968421052631579,0.3796886582653818,last_fifth_by_subject
Q3,blend_lightgbm_rule_0.75,lightgbm,0.25,0.6526315789473685,0.7870967741935483,0.9894736842105263,0.4007412898443291,last_fifth_by_subject
Q3,model_catboost,catboost,0.35,0.6526315789473685,0.7870967741935483,0.9894736842105263,0.4007412898443291,last_fifth_by_subject
Q3,blend_catboost_rule_0.25,catboost,0.1,0.6631578947368421,0.7922077922077922,0.9789473684210527,0.3902149740548555,last_fifth_by_subject
Q3,blend_catboost_rule_0.5,catboost,0.2,0.6631578947368421,0.7922077922077922,0.9789473684210527,0.3902149740548555,last_fifth_by_subject
Q3,blend_catboost_rule_0.75,catboost,0.3,0.6631578947368421,0.7922077922077922,0.9789473684210527,0.3902149740548555,last_fifth_by_subject
Q3,meta_rule_extra_trees,extra_trees,0.35,0.6631578947368421,0.7922077922077922,0.9789473684210527,0.3902149740548555,last_fifth_by_subject
Q3,meta_rule_lightgbm,lightgbm,0.35,0.6526315789473685,0.7843137254901961,0.968421052631579,0.3796886582653818,last_fifth_by_subject
Q3,meta_rule_catboost,catboost,0.4,0.6631578947368421,0.7922077922077922,0.9789473684210527,0.3902149740548555,last_fifth_by_subject
Q3,meta_rule_hist_gradient_boosting,hist_gradient_boosting,0.3,0.6842105263157895,0.8026315789473685,0.9578947368421052,0.36916234247590807,last_fifth_by_subject
S1,rule_subject_strategy_tuned,rule,0.05,0.7473684210526316,0.8260869565217392,0.7368421052631579,0.06360266864343955,last_fifth_by_subject
S1,model_logistic_regression,logistic_regression,0.05,0.6736842105263158,0.7769784172661871,0.7473684210526316,0.07412898443291327,last_fifth_by_subject
S1,blend_logistic_regression_rule_0.25,logistic_regression,0.05,0.7473684210526316,0.84,0.8631578947368421,0.18991845811712382,last_fifth_by_subject
S1,blend_logistic_regression_rule_0.5,logistic_regression,0.1,0.7473684210526316,0.84,0.8631578947368421,0.18991845811712382,last_fifth_by_subject
S1,blend_logistic_regression_rule_0.75,logistic_regression,0.1,0.7473684210526316,0.8421052631578947,0.8842105263157894,0.21097108969607115,last_fifth_by_subject
S1,model_linear_svc,linear_svc,0.05,0.7263157894736842,0.8266666666666665,0.8631578947368421,0.18991845811712382,last_fifth_by_subject
S1,blend_linear_svc_rule_0.25,linear_svc,0.2,0.7684210526315789,0.8428571428571429,0.7578947368421053,0.08465530022238699,last_fifth_by_subject
S1,blend_linear_svc_rule_0.5,linear_svc,0.4,0.7684210526315789,0.8428571428571429,0.7578947368421053,0.08465530022238699,last_fifth_by_subject
S1,blend_linear_svc_rule_0.75,linear_svc,0.1,0.7368421052631579,0.8407643312101911,0.9368421052631579,0.2636026686434396,last_fifth_by_subject
S1,model_svc_rbf,svc_rbf,0.05,0.7157894736842105,0.8343558282208589,1.0,0.3267605633802817,last_fifth_by_subject
S1,blend_svc_rbf_rule_0.25,svc_rbf,0.15,0.7578947368421053,0.8413793103448276,0.8105263157894737,0.13728687916975535,last_fifth_by_subject
S1,blend_svc_rbf_rule_0.5,svc_rbf,0.25,0.7473684210526316,0.846153846153846,0.9263157894736842,0.2530763528539659,last_fifth_by_subject
S1,blend_svc_rbf_rule_0.75,svc_rbf,0.4,0.7578947368421053,0.849673202614379,0.8947368421052632,0.22149740548554486,last_fifth_by_subject
S1,model_random_forest,random_forest,0.05,0.7157894736842105,0.8343558282208589,1.0,0.3267605633802817,last_fifth_by_subject
S1,blend_random_forest_rule_0.25,random_forest,0.1,0.7368421052631579,0.8366013071895425,0.8947368421052632,0.22149740548554486,last_fifth_by_subject
S1,blend_random_forest_rule_0.5,random_forest,0.2,0.7368421052631579,0.8366013071895425,0.8947368421052632,0.22149740548554486,last_fifth_by_subject
S1,blend_random_forest_rule_0.75,random_forest,0.4,0.7578947368421053,0.8368794326241135,0.7684210526315789,0.09518161601186059,last_fifth_by_subject
S1,model_extra_trees,extra_trees,0.45,0.7578947368421053,0.8368794326241135,0.7684210526315789,0.09518161601186059,last_fifth_by_subject
S1,blend_extra_trees_rule_0.25,extra_trees,0.15,0.7578947368421053,0.8345323741007195,0.7473684210526316,0.07412898443291327,last_fifth_by_subject
S1,blend_extra_trees_rule_0.5,extra_trees,0.3,0.7578947368421053,0.8345323741007195,0.7473684210526316,0.07412898443291327,last_fifth_by_subject
S1,blend_extra_trees_rule_0.75,extra_trees,0.45,0.7578947368421053,0.8345323741007195,0.7473684210526316,0.07412898443291327,last_fifth_by_subject
S1,model_hist_gradient_boosting,hist_gradient_boosting,0.05,0.7157894736842105,0.8343558282208589,1.0,0.3267605633802817,last_fifth_by_subject
S1,blend_hist_gradient_boosting_rule_0.25,hist_gradient_boosting,0.1,0.7368421052631579,0.8387096774193548,0.9157894736842105,0.24255003706449219,last_fifth_by_subject
S1,blend_hist_gradient_boosting_rule_0.5,hist_gradient_boosting,0.15,0.7368421052631579,0.8427672955974843,0.9578947368421052,0.28465530022238694,last_fifth_by_subject
S1,blend_hist_gradient_boosting_rule_0.75,hist_gradient_boosting,0.35,0.7578947368421053,0.847682119205298,0.8736842105263158,0.20044477390659754,last_fifth_by_subject
S1,model_mlp,mlp,0.05,0.6736842105263158,0.7832167832167831,0.7894736842105263,0.11623424759080803,last_fifth_by_subject
S1,blend_mlp_rule_0.25,mlp,0.15,0.7684210526315789,0.8472222222222222,0.8,0.12676056338028174,last_fifth_by_subject
S1,blend_mlp_rule_0.5,mlp,0.05,0.7684210526315789,0.8571428571428571,0.9052631578947369,0.23202372127501858,last_fifth_by_subject
S1,blend_mlp_rule_0.75,mlp,0.05,0.7684210526315789,0.8571428571428571,0.9052631578947369,0.23202372127501858,last_fifth_by_subject
S1,model_lightgbm,lightgbm,0.4,0.7263157894736842,0.8354430379746834,0.9473684210526315,0.2741289844329132,last_fifth_by_subject
S1,blend_lightgbm_rule_0.25,lightgbm,0.1,0.7368421052631579,0.84472049689441,0.9789473684210527,0.3057079318013344,last_fifth_by_subject
S1,blend_lightgbm_rule_0.5,lightgbm,0.2,0.7368421052631579,0.84472049689441,0.9789473684210527,0.3057079318013344,last_fifth_by_subject
S1,blend_lightgbm_rule_0.75,lightgbm,0.3,0.7368421052631579,0.84472049689441,0.9789473684210527,0.3057079318013344,last_fifth_by_subject
S1,model_catboost,catboost,0.4,0.7263157894736842,0.8395061728395062,0.9894736842105263,0.316234247590808,last_fifth_by_subject
S1,blend_catboost_rule_0.25,catboost,0.1,0.7263157894736842,0.8395061728395062,0.9894736842105263,0.316234247590808,last_fifth_by_subject
S1,blend_catboost_rule_0.5,catboost,0.25,0.7368421052631579,0.8407643312101911,0.9368421052631579,0.2636026686434396,last_fifth_by_subject
S1,blend_catboost_rule_0.75,catboost,0.4,0.7473684210526316,0.8421052631578947,0.8842105263157894,0.21097108969607115,last_fifth_by_subject
S1,meta_rule_extra_trees,extra_trees,0.45,0.7684210526315789,0.8382352941176471,0.7157894736842105,0.04255003706449223,last_fifth_by_subject
S1,meta_rule_lightgbm,lightgbm,0.35,0.7263157894736842,0.8395061728395062,0.9894736842105263,0.316234247590808,last_fifth_by_subject
S1,meta_rule_catboost,catboost,0.05,0.7157894736842105,0.8343558282208589,1.0,0.3267605633802817,last_fifth_by_subject
S1,meta_rule_hist_gradient_boosting,hist_gradient_boosting,0.05,0.7157894736842105,0.8343558282208589,1.0,0.3267605633802817,last_fifth_by_subject
S2,rule_subject_strategy_tuned,rule,0.05,0.5894736842105263,0.6976744186046512,0.7894736842105263,0.11623424759080803,last_fifth_by_subject
S2,model_logistic_regression,logistic_regression,0.4,0.6736842105263158,0.735042735042735,0.6631578947368421,0.010081541882876244,last_fifth_by_subject
S2,blend_logistic_regression_rule_0.25,logistic_regression,0.85,0.6947368421052632,0.7289719626168224,0.5578947368421052,0.11534469977761308,last_fifth_by_subject
S2,blend_logistic_regression_rule_0.5,logistic_regression,0.7,0.6947368421052632,0.7289719626168224,0.5578947368421052,0.11534469977761308,last_fifth_by_subject
S2,blend_logistic_regression_rule_0.75,logistic_regression,0.55,0.6842105263157895,0.7368421052631577,0.631578947368421,0.041660489251297284,last_fifth_by_subject
S2,model_linear_svc,linear_svc,0.2,0.6105263157894737,0.7175572519083969,0.8105263157894737,0.13728687916975535,last_fifth_by_subject
S2,blend_linear_svc_rule_0.25,linear_svc,0.05,0.5894736842105263,0.7310344827586207,0.9578947368421052,0.28465530022238694,last_fifth_by_subject
S2,blend_linear_svc_rule_0.5,linear_svc,0.1,0.5894736842105263,0.7310344827586207,0.9578947368421052,0.28465530022238694,last_fifth_by_subject
S2,blend_linear_svc_rule_0.75,linear_svc,0.15,0.5894736842105263,0.7310344827586207,0.9578947368421052,0.28465530022238694,last_fifth_by_subject
S2,model_svc_rbf,svc_rbf,0.45,0.6210526315789474,0.7464788732394366,0.9263157894736842,0.2530763528539659,last_fifth_by_subject
S2,blend_svc_rbf_rule_0.25,svc_rbf,0.1,0.5789473684210527,0.7297297297297298,0.9894736842105263,0.316234247590808,last_fifth_by_subject
S2,blend_svc_rbf_rule_0.5,svc_rbf,0.25,0.6,0.7397260273972603,0.968421052631579,0.29518161601186066,last_fifth_by_subject
S2,blend_svc_rbf_rule_0.75,svc_rbf,0.35,0.6,0.7397260273972603,0.968421052631579,0.29518161601186066,last_fifth_by_subject
S2,model_random_forest,random_forest,0.45,0.6421052631578947,0.7500000000000001,0.8631578947368421,0.18991845811712382,last_fifth_by_subject
S2,blend_random_forest_rule_0.25,random_forest,0.1,0.5894736842105263,0.7346938775510204,0.9789473684210527,0.3057079318013344,last_fifth_by_subject
S2,blend_random_forest_rule_0.5,random_forest,0.2,0.5894736842105263,0.7346938775510204,0.9789473684210527,0.3057079318013344,last_fifth_by_subject
S2,blend_random_forest_rule_0.75,random_forest,0.3,0.5894736842105263,0.7346938775510204,0.9789473684210527,0.3057079318013344,last_fifth_by_subject
S2,model_extra_trees,extra_trees,0.45,0.6631578947368421,0.7647058823529412,0.8631578947368421,0.18991845811712382,last_fifth_by_subject
S2,blend_extra_trees_rule_0.25,extra_trees,0.1,0.5894736842105263,0.7346938775510204,0.9789473684210527,0.3057079318013344,last_fifth_by_subject
S2,blend_extra_trees_rule_0.5,extra_trees,0.75,0.7052631578947368,0.7543859649122806,0.631578947368421,0.041660489251297284,last_fifth_by_subject
S2,blend_extra_trees_rule_0.75,extra_trees,0.35,0.6,0.7397260273972603,0.968421052631579,0.29518161601186066,last_fifth_by_subject
S2,model_hist_gradient_boosting,hist_gradient_boosting,0.55,0.6842105263157895,0.761904761904762,0.7578947368421053,0.08465530022238699,last_fifth_by_subject
S2,blend_hist_gradient_boosting_rule_0.25,hist_gradient_boosting,0.1,0.5894736842105263,0.7346938775510204,0.9789473684210527,0.3057079318013344,last_fifth_by_subject
S2,blend_hist_gradient_boosting_rule_0.5,hist_gradient_boosting,0.25,0.6,0.7397260273972603,0.968421052631579,0.29518161601186066,last_fifth_by_subject
S2,blend_hist_gradient_boosting_rule_0.75,hist_gradient_boosting,0.3,0.5894736842105263,0.7346938775510204,0.9789473684210527,0.3057079318013344,last_fifth_by_subject
S2,model_mlp,mlp,0.15,0.6631578947368421,0.7538461538461537,0.8,0.12676056338028174,last_fifth_by_subject
S2,blend_mlp_rule_0.25,mlp,0.8,0.6736842105263158,0.735042735042735,0.6631578947368421,0.010081541882876244,last_fifth_by_subject
S2,blend_mlp_rule_0.5,mlp,0.6,0.6736842105263158,0.735042735042735,0.6631578947368421,0.010081541882876244,last_fifth_by_subject
S2,blend_mlp_rule_0.75,mlp,0.35,0.6631578947368421,0.75,0.7789473684210526,0.10570793180133431,last_fifth_by_subject
S2,model_lightgbm,lightgbm,0.45,0.6210526315789474,0.7464788732394366,0.9263157894736842,0.2530763528539659,last_fifth_by_subject
S2,blend_lightgbm_rule_0.25,lightgbm,0.1,0.5894736842105263,0.7346938775510204,0.9789473684210527,0.3057079318013344,last_fifth_by_subject
S2,blend_lightgbm_rule_0.5,lightgbm,0.25,0.6,0.7361111111111112,0.9473684210526315,0.2741289844329132,last_fifth_by_subject
S2,blend_lightgbm_rule_0.75,lightgbm,0.3,0.5894736842105263,0.7346938775510204,0.9789473684210527,0.3057079318013344,last_fifth_by_subject
S2,model_catboost,catboost,0.55,0.6210526315789474,0.7313432835820897,0.8421052631578947,0.1688658265381764,last_fifth_by_subject
S2,blend_catboost_rule_0.25,catboost,0.1,0.5789473684210527,0.7297297297297298,0.9894736842105263,0.316234247590808,last_fifth_by_subject
S2,blend_catboost_rule_0.5,catboost,0.2,0.5789473684210527,0.7297297297297298,0.9894736842105263,0.316234247590808,last_fifth_by_subject
S2,blend_catboost_rule_0.75,catboost,0.3,0.5789473684210527,0.7297297297297298,0.9894736842105263,0.316234247590808,last_fifth_by_subject
S2,meta_rule_extra_trees,extra_trees,0.45,0.6736842105263158,0.7669172932330827,0.8315789473684211,0.15833951074870278,last_fifth_by_subject
S2,meta_rule_lightgbm,lightgbm,0.5,0.631578947368421,0.7445255474452556,0.8736842105263158,0.20044477390659754,last_fifth_by_subject
S2,meta_rule_catboost,catboost,0.5,0.631578947368421,0.748201438848921,0.8947368421052632,0.22149740548554486,last_fifth_by_subject
S2,meta_rule_hist_gradient_boosting,hist_gradient_boosting,0.55,0.6842105263157895,0.761904761904762,0.7578947368421053,0.08465530022238699,last_fifth_by_subject
S3,rule_subject_strategy_tuned,rule,0.05,0.6631578947368421,0.7538461538461538,0.7368421052631579,0.06641957005189025,last_fifth_by_subject
S3,model_logistic_regression,logistic_regression,0.05,0.6105263157894737,0.717557251908397,0.7473684210526316,0.07694588584136397,last_fifth_by_subject
S3,blend_logistic_regression_rule_0.25,logistic_regression,0.05,0.6526315789473685,0.7659574468085106,0.8526315789473684,0.1822090437361008,last_fifth_by_subject
S3,blend_logistic_regression_rule_0.5,logistic_regression,0.05,0.6526315789473685,0.7659574468085106,0.8526315789473684,0.1822090437361008,last_fifth_by_subject
S3,blend_logistic_regression_rule_0.75,logistic_regression,0.1,0.6526315789473685,0.7659574468085106,0.8526315789473684,0.1822090437361008,last_fifth_by_subject
S3,model_linear_svc,linear_svc,0.05,0.6526315789473685,0.7724137931034482,0.8947368421052632,0.22431430689399556,last_fifth_by_subject
S3,blend_linear_svc_rule_0.25,linear_svc,0.05,0.6421052631578947,0.7638888888888888,0.8842105263157894,0.21378799110452185,last_fifth_by_subject
S3,blend_linear_svc_rule_0.5,linear_svc,0.05,0.6421052631578947,0.767123287671233,0.9052631578947369,0.23484062268346928,last_fifth_by_subject
S3,blend_linear_svc_rule_0.75,linear_svc,0.05,0.631578947368421,0.7682119205298011,0.9578947368421052,0.28747220163083764,last_fifth_by_subject
S3,model_svc_rbf,svc_rbf,0.3,0.6421052631578947,0.7763157894736841,0.968421052631579,0.29799851742031136,last_fifth_by_subject
S3,blend_svc_rbf_rule_0.25,svc_rbf,0.05,0.631578947368421,0.7741935483870968,1.0,0.3295774647887324,last_fifth_by_subject
S3,blend_svc_rbf_rule_0.5,svc_rbf,0.05,0.631578947368421,0.7741935483870968,1.0,0.3295774647887324,last_fifth_by_subject
S3,blend_svc_rbf_rule_0.75,svc_rbf,0.05,0.631578947368421,0.7741935483870968,1.0,0.3295774647887324,last_fifth_by_subject
S3,model_random_forest,random_forest,0.3,0.6421052631578947,0.7792207792207793,0.9894736842105263,0.3190511489992587,last_fifth_by_subject
S3,blend_random_forest_rule_0.25,random_forest,0.05,0.631578947368421,0.7741935483870968,1.0,0.3295774647887324,last_fifth_by_subject
S3,blend_random_forest_rule_0.5,random_forest,0.05,0.631578947368421,0.7741935483870968,1.0,0.3295774647887324,last_fifth_by_subject
S3,blend_random_forest_rule_0.75,random_forest,0.05,0.631578947368421,0.7741935483870968,1.0,0.3295774647887324,last_fifth_by_subject
S3,model_extra_trees,extra_trees,0.05,0.631578947368421,0.7741935483870968,1.0,0.3295774647887324,last_fifth_by_subject
S3,blend_extra_trees_rule_0.25,extra_trees,0.05,0.631578947368421,0.7741935483870968,1.0,0.3295774647887324,last_fifth_by_subject
S3,blend_extra_trees_rule_0.5,extra_trees,0.05,0.631578947368421,0.7741935483870968,1.0,0.3295774647887324,last_fifth_by_subject
S3,blend_extra_trees_rule_0.75,extra_trees,0.05,0.631578947368421,0.7741935483870968,1.0,0.3295774647887324,last_fifth_by_subject
S3,model_hist_gradient_boosting,hist_gradient_boosting,0.45,0.6842105263157895,0.7826086956521738,0.8210526315789474,0.15063009636767977,last_fifth_by_subject
S3,blend_hist_gradient_boosting_rule_0.25,hist_gradient_boosting,0.1,0.6421052631578947,0.7702702702702702,0.9263157894736842,0.2558932542624166,last_fifth_by_subject
S3,blend_hist_gradient_boosting_rule_0.5,hist_gradient_boosting,0.15,0.6421052631578947,0.7763157894736841,0.968421052631579,0.29799851742031136,last_fifth_by_subject
S3,blend_hist_gradient_boosting_rule_0.75,hist_gradient_boosting,0.2,0.6421052631578947,0.7763157894736841,0.968421052631579,0.29799851742031136,last_fifth_by_subject
S3,model_mlp,mlp,0.05,0.6105263157894737,0.7218045112781954,0.7684210526315789,0.09799851742031129,last_fifth_by_subject
S3,blend_mlp_rule_0.25,mlp,0.25,0.6631578947368421,0.7538461538461538,0.7368421052631579,0.06641957005189025,last_fifth_by_subject
S3,blend_mlp_rule_0.5,mlp,0.5,0.6631578947368421,0.7538461538461538,0.7368421052631579,0.06641957005189025,last_fifth_by_subject
S3,blend_mlp_rule_0.75,mlp,0.05,0.631578947368421,0.7586206896551724,0.8947368421052632,0.22431430689399556,last_fifth_by_subject
S3,model_lightgbm,lightgbm,0.4,0.6736842105263158,0.7832167832167832,0.8736842105263158,0.20326167531504824,last_fifth_by_subject
S3,blend_lightgbm_rule_0.25,lightgbm,0.1,0.6631578947368421,0.780821917808219,0.9052631578947369,0.23484062268346928,last_fifth_by_subject
S3,blend_lightgbm_rule_0.5,lightgbm,0.2,0.6631578947368421,0.780821917808219,0.9052631578947369,0.23484062268346928,last_fifth_by_subject
S3,blend_lightgbm_rule_0.75,lightgbm,0.3,0.6631578947368421,0.780821917808219,0.9052631578947369,0.23484062268346928,last_fifth_by_subject
S3,model_catboost,catboost,0.4,0.6631578947368421,0.7837837837837838,0.9263157894736842,0.2558932542624166,last_fifth_by_subject
S3,blend_catboost_rule_0.25,catboost,0.1,0.6526315789473685,0.778523489932886,0.9368421052631579,0.2664195700518903,last_fifth_by_subject
S3,blend_catboost_rule_0.5,catboost,0.2,0.6526315789473685,0.778523489932886,0.9368421052631579,0.2664195700518903,last_fifth_by_subject
S3,blend_catboost_rule_0.75,catboost,0.3,0.6526315789473685,0.778523489932886,0.9368421052631579,0.2664195700518903,last_fifth_by_subject
S3,meta_rule_extra_trees,extra_trees,0.35,0.6631578947368421,0.780821917808219,0.9052631578947369,0.23484062268346928,last_fifth_by_subject
S3,meta_rule_lightgbm,lightgbm,0.4,0.6736842105263158,0.7891156462585033,0.9157894736842105,0.24536693847294289,last_fifth_by_subject
S3,meta_rule_catboost,catboost,0.45,0.6736842105263158,0.7891156462585033,0.9157894736842105,0.24536693847294289,last_fifth_by_subject
S3,meta_rule_hist_gradient_boosting,hist_gradient_boosting,0.45,0.6842105263157895,0.7826086956521738,0.8210526315789474,0.15063009636767977,last_fifth_by_subject
S4,rule_subject_strategy_tuned,rule,0.05,0.6526315789473685,0.7130434782608696,0.6631578947368421,0.09977761304670119,last_fifth_by_subject
S4,model_logistic_regression,logistic_regression,0.05,0.5789473684210527,0.6721311475409837,0.7368421052631579,0.17346182357301698,last_fifth_by_subject
S4,blend_logistic_regression_rule_0.25,logistic_regression,0.15,0.6421052631578947,0.7258064516129031,0.7578947368421053,0.19451445515196442,last_fifth_by_subject
S4,blend_logistic_regression_rule_0.5,logistic_regression,0.35,0.6526315789473685,0.7317073170731707,0.7473684210526316,0.1839881393624907,last_fifth_by_subject
S4,blend_logistic_regression_rule_0.75,logistic_regression,0.05,0.6105263157894737,0.7299270072992701,0.8947368421052632,0.3313565604151223,last_fifth_by_subject
S4,model_linear_svc,linear_svc,0.15,0.631578947368421,0.7154471544715447,0.7473684210526316,0.1839881393624907,last_fifth_by_subject
S4,blend_linear_svc_rule_0.25,linear_svc,0.05,0.631578947368421,0.7368421052631579,0.8526315789473684,0.28925129725722754,last_fifth_by_subject
S4,blend_linear_svc_rule_0.5,linear_svc,0.1,0.631578947368421,0.7368421052631579,0.8526315789473684,0.28925129725722754,last_fifth_by_subject
S4,blend_linear_svc_rule_0.75,linear_svc,0.15,0.631578947368421,0.7368421052631579,0.8526315789473684,0.28925129725722754,last_fifth_by_subject
S4,model_svc_rbf,svc_rbf,0.5,0.6631578947368421,0.7288135593220337,0.6947368421052632,0.13135656041512234,last_fifth_by_subject
S4,blend_svc_rbf_rule_0.25,svc_rbf,0.15,0.6526315789473685,0.7317073170731707,0.7473684210526316,0.1839881393624907,last_fifth_by_subject
S4,blend_svc_rbf_rule_0.5,svc_rbf,0.25,0.6526315789473685,0.7518796992481203,0.8526315789473684,0.28925129725722754,last_fifth_by_subject
S4,blend_svc_rbf_rule_0.75,svc_rbf,0.4,0.6421052631578947,0.7384615384615384,0.8210526315789474,0.2576723498888065,last_fifth_by_subject
S4,model_random_forest,random_forest,0.4,0.6210526315789474,0.7352941176470588,0.8842105263157894,0.3208302446256486,last_fifth_by_subject
S4,blend_random_forest_rule_0.25,random_forest,0.1,0.631578947368421,0.7445255474452553,0.8947368421052632,0.3313565604151223,last_fifth_by_subject
S4,blend_random_forest_rule_0.5,random_forest,0.25,0.6736842105263158,0.7559055118110237,0.7894736842105263,0.22609340252038546,last_fifth_by_subject
S4,blend_random_forest_rule_0.75,random_forest,0.35,0.6526315789473685,0.748091603053435,0.8315789473684211,0.2681986656782802,last_fifth_by_subject
S4,model_extra_trees,extra_trees,0.35,0.5684210526315789,0.7132867132867133,0.9578947368421052,0.39451445515196437,last_fifth_by_subject
S4,blend_extra_trees_rule_0.25,extra_trees,0.1,0.5789473684210527,0.7142857142857143,0.9263157894736842,0.36293550778354333,last_fifth_by_subject
S4,blend_extra_trees_rule_0.5,extra_trees,0.25,0.631578947368421,0.7154471544715447,0.7473684210526316,0.1839881393624907,last_fifth_by_subject
S4,blend_extra_trees_rule_0.75,extra_trees,0.35,0.6421052631578947,0.734375,0.8,0.23661971830985917,last_fifth_by_subject
S4,model_hist_gradient_boosting,hist_gradient_boosting,0.35,0.6105263157894737,0.7218045112781956,0.8526315789473684,0.28925129725722754,last_fifth_by_subject
S4,blend_hist_gradient_boosting_rule_0.25,hist_gradient_boosting,0.15,0.6526315789473685,0.7317073170731707,0.7473684210526316,0.1839881393624907,last_fifth_by_subject
S4,blend_hist_gradient_boosting_rule_0.5,hist_gradient_boosting,0.35,0.6631578947368421,0.7333333333333334,0.7157894736842105,0.15240919199406966,last_fifth_by_subject
S4,blend_hist_gradient_boosting_rule_0.75,hist_gradient_boosting,0.4,0.6526315789473685,0.736,0.7684210526315789,0.20504077094143802,last_fifth_by_subject
S4,model_mlp,mlp,0.05,0.6105263157894737,0.7131782945736435,0.8105263157894737,0.24714603409933278,last_fifth_by_subject
S4,blend_mlp_rule_0.25,mlp,0.2,0.631578947368421,0.7286821705426356,0.8105263157894737,0.24714603409933278,last_fifth_by_subject
S4,blend_mlp_rule_0.5,mlp,0.45,0.6526315789473685,0.7401574803149606,0.7894736842105263,0.22609340252038546,last_fifth_by_subject
S4,blend_mlp_rule_0.75,mlp,0.2,0.6210526315789474,0.7313432835820896,0.8631578947368421,0.29977761304670125,last_fifth_by_subject
S4,model_lightgbm,lightgbm,0.4,0.6,0.7205882352941178,0.8842105263157894,0.3208302446256486,last_fifth_by_subject
S4,blend_lightgbm_rule_0.25,lightgbm,0.1,0.6,0.7285714285714285,0.9263157894736842,0.36293550778354333,last_fifth_by_subject
S4,blend_lightgbm_rule_0.5,lightgbm,0.35,0.6631578947368421,0.7288135593220337,0.6947368421052632,0.13135656041512234,last_fifth_by_subject
S4,blend_lightgbm_rule_0.75,lightgbm,0.35,0.631578947368421,0.7407407407407407,0.8736842105263158,0.31030392883617497,last_fifth_by_subject
S4,model_catboost,catboost,0.45,0.6210526315789474,0.7391304347826088,0.9052631578947369,0.341882876204596,last_fifth_by_subject
S4,blend_catboost_rule_0.25,catboost,0.1,0.5894736842105263,0.7234042553191489,0.9368421052631579,0.37346182357301705,last_fifth_by_subject
S4,blend_catboost_rule_0.5,catboost,0.25,0.6421052631578947,0.7462686567164178,0.8631578947368421,0.29977761304670125,last_fifth_by_subject
S4,blend_catboost_rule_0.75,catboost,0.4,0.6736842105263158,0.7559055118110237,0.7894736842105263,0.22609340252038546,last_fifth_by_subject
S4,meta_rule_extra_trees,extra_trees,0.4,0.6105263157894737,0.7218045112781956,0.8526315789473684,0.28925129725722754,last_fifth_by_subject
S4,meta_rule_lightgbm,lightgbm,0.35,0.5894736842105263,0.7272727272727273,0.9578947368421052,0.39451445515196437,last_fifth_by_subject
S4,meta_rule_catboost,catboost,0.45,0.6,0.7285714285714285,0.9263157894736842,0.36293550778354333,last_fifth_by_subject
S4,meta_rule_hist_gradient_boosting,hist_gradient_boosting,0.35,0.6105263157894737,0.7218045112781956,0.8526315789473684,0.28925129725722754,last_fifth_by_subject
